date,star,star_low,star_high,status,target_mid,weight,close,log_close,close_to_ma250,drawdown_252,rank_500,pred_linear_close,pred_iso_close,pred_linear_log_close,pred_iso_log_close,pred_linear_close_to_ma250,pred_iso_close_to_ma250,pred_linear_drawdown_252,pred_linear_rank_500,pred_iso_rank_500
2022-01-04,4.0,4.0,4.0,approx,4.0,0.5,5958.74,8.692614328313306,,,,3.929235376229344,4.0,4.061296122703119,4.0,,,,,
2022-01-05,4.0,4.0,4.0,exact,4.0,1.0,5868.58,8.677367975550867,,,,4.010871838659999,4.0,4.124743366029627,4.0,,,,,
2022-01-06,4.0,4.0,4.0,exact,4.0,1.0,5855.53,8.675141792857335,,,,4.022688118991854,4.0,4.134007559062972,4.0,,,,,
2022-01-07,4.0,4.0,4.0,exact,4.0,1.0,5811.61,8.66761291989224,,,,4.062456014177683,4.0,4.1653387398662645,4.0,,,,,
2022-01-10,4.0,4.0,4.0,exact,4.0,1.0,5839.64,8.672424430086597,,,,4.03707591167179,4.0,4.145315783371295,4.0,,,,,
2022-01-11,4.0,4.0,4.0,exact,4.0,1.0,5787.49,8.663453970531226,,,,4.084295759894491,4.0,4.182646083871909,4.0,,,,,
2022-01-12,4.0,4.0,4.0,exact,4.0,1.0,5857.31,8.675445732809337,,,,4.0210763964638305,4.0,4.132742721997232,4.0,,,,,
2022-01-13,4.0,4.0,4.0,exact,4.0,1.0,5768.85,8.660228032878814,,,,4.101173573334014,4.0,4.196070727416355,4.0,,,,,
2022-01-14,4.0,4.0,4.0,exact,4.0,1.0,5746.23,8.6562992665836,,,,4.12165512590923,4.0,4.212420171443355,4.0,,,,,
2022-01-17,4.0,4.0,4.0,exact,4.0,1.0,5814.11,8.668043000788485,,,,4.060192358941696,4.0,4.163548971014706,4.0,,,,,
2022-01-18,4.0,4.0,4.0,exact,4.0,1.0,5823.33,8.669627542049984,,,,4.051843998431374,4.0,4.156954949707071,4.0,,,,,
2022-01-19,4.0,4.0,4.0,exact,4.0,1.0,5784.12,8.662871510511353,,,,4.087347167152602,4.0,4.1850699739120145,4.0,,,,,
2022-01-20,4.0,4.0,4.0,exact,4.0,1.0,5756.52,8.658088404441045,,,,4.112337920957905,4.0,4.20497472748999,4.0,,,,,
2022-01-21,4.0,4.0,4.0,exact,4.0,1.0,5695.02,8.647347387727619,,,,4.168023839763198,4.0,4.249673148916372,4.0,,,,,
2022-01-24,4.0,4.0,4.0,exact,4.0,1.0,5704.39,8.648991332828329,,,,4.159539659938717,4.0,4.2428319202995795,4.0,,,,,
2022-01-25,4.0,4.0,4.0,exact,4.0,1.0,5531.88,8.618283000575405,,,,4.315740925842802,4.0,4.370623731164827,4.0,,,,,
2022-01-26,4.0,4.0,4.0,exact,4.0,1.0,5568.44,8.62487022188061,,,,4.282637231671721,4.0,4.343211205722902,4.0,,,,,
2022-01-27,4.0,4.0,4.0,exact,4.0,1.0,5433.24,8.600290920065092,,,,4.405055706833927,4.0,4.445497238807924,4.0,,,,,
2022-01-28,4.0,4.0,4.0,exact,4.0,1.0,5405.91,8.595248078529108,,,,4.429801985873744,4.0,4.466482873797219,4.0,,,,,
2022-02-07,4.0,4.0,4.0,exact,4.0,1.0,5484.44,8.60967027086995,,,,4.358696047600903,4.0,4.406465349540177,4.0,,,,,
2022-02-08,4.0,4.0,4.0,exact,4.0,1.0,5490.48,8.610770962375637,,,,4.3532270565507565,4.0,4.401884854593163,4.0,,,,,
2022-02-09,4.0,4.0,4.0,exact,4.0,1.0,5560.69,8.623477480264196,,,,4.289654562903283,4.0,4.3490070585150065,4.0,,,,,
2022-02-10,4.0,4.0,4.0,exact,4.0,1.0,5544.29,8.620523848303991,,,,4.3045041412513605,4.0,4.36129851002449,4.0,,,,,
2022-02-11,4.0,4.0,4.0,exact,4.0,1.0,5471.57,8.607320874343324,,,,4.370349344755766,4.0,4.416242293273406,4.0,,,,,
2022-02-14,4.0,4.0,4.0,exact,4.0,1.0,5432.64,8.60018048262227,,,,4.405598984090564,4.0,4.445956820939877,4.0,,,,,
2022-02-15,4.0,4.0,4.0,exact,4.0,1.0,5490.89,8.6108456342973,,,,4.352855817092054,4.0,4.401574109613215,4.0,,,,,
2022-02-16,4.0,4.0,4.0,exact,4.0,1.0,5522.11,8.616515312610417,,,,4.324587290505042,4.0,4.377979912029019,4.0,,,,,
2022-02-17,4.0,4.0,4.0,exact,4.0,1.0,5532.49,8.61839326442244,,,,4.315188593965222,4.0,4.370164871446569,4.0,,,,,
2022-02-18,4.0,4.0,4.0,exact,4.0,1.0,5564.38,8.624140846901046,,,,4.286313407774964,4.0,4.346246477995933,4.0,,,,,
2022-02-21,4.0,4.0,4.0,exact,4.0,1.0,5582.13,8.627325702968756,,,,4.270241455599453,4.0,4.332992794243729,4.0,,,,,
2022-02-22,4.0,4.0,4.0,exact,4.0,1.0,5518.63,8.615884920061506,,,,4.327738298593537,4.0,4.38060327186237,4.0,,,,,
2022-02-23,4.0,4.0,4.0,exact,4.0,1.0,5601.32,8.630757563232708,,,,4.2528656380080125,4.0,4.318711209879112,4.0,,,,,
2022-02-24,4.0,4.0,4.0,exact,4.0,1.0,5483.35,8.609471507034467,,,,4.359683001283792,4.0,4.4072924993268145,4.0,,,,,
2022-02-25,4.0,4.0,4.0,exact,4.0,1.0,5536.75,8.619162964999955,,,,4.311331325443099,4.0,4.366961785397656,4.0,,,,,
2022-02-28,4.0,4.0,4.0,exact,4.0,1.0,5554.68,8.62239609465388,,,,4.295096390090595,4.0,4.353507212552927,4.0,,,,,
2022-03-01,4.0,4.0,4.0,exact,4.0,1.0,5588.58,8.628480508834595,,,,4.264401225090605,4.0,4.3281871039972515,4.0,,,,,
2022-03-02,4.0,4.0,4.0,exact,4.0,1.0,5564.6,8.624180383318585,,,,4.286114206114197,4.0,4.346081948370852,4.0,,,,,
2022-03-03,4.0,4.0,4.0,exact,4.0,1.0,5532.53,8.618400494413892,,,,4.315152375481446,4.0,4.37013478405229,4.0,,,,,
2022-03-04,4.0,4.0,4.0,exact,4.0,1.0,5464.87,8.606095612587541,,,,4.376415940788213,4.0,4.421341183609286,4.0,,,,,
2022-03-07,4.5,4.5,4.5,exact,4.5,1.0,5323.15,8.579820512373692,,,,4.504738028805876,4.566666666666666,4.530684231266122,4.566666666666666,,,,,
2022-03-08,4.5,4.5,4.5,exact,4.5,1.0,5184.96,8.553517406072636,,,,4.629863835630323,4.65,4.640143825421482,4.65,,,,,
2022-03-09,4.5,4.5,4.5,exact,4.5,1.0,5128.01,8.542472948676608,,,,4.681429901906119,4.684272300469485,4.68610500621886,4.684272300469485,,,,,
2022-03-10,4.5,4.5,4.5,exact,4.5,1.0,5220.5,8.560348461730165,,,,4.597683712795524,4.6359154929577455,4.611716590578283,4.6359154929577455,,,,,
2022-03-11,4.5,4.5,4.5,exact,4.5,1.0,5248.11,8.565623290770112,,,,4.572683904369278,4.601612903225807,4.589765546494625,4.601612903225807,,,,,
2022-03-14,4.5,4.5,4.5,exact,4.5,1.0,5098.41,8.536684005397815,,,,4.708231579900213,4.7527624309392245,4.710195521408679,4.7527624309392245,,,,,
2022-03-15,4.5,4.5,4.5,exact,4.5,1.0,4854.05,8.487568687016353,,,,4.92949029728658,4.9687793427230025,4.914587457300684,4.9687793427230025,,,,,
2022-03-16,4.5,4.5,4.5,exact,4.5,1.0,5040.99,8.525357770347277,,,,4.760223213360375,4.77738589211618,4.75732931153027,4.77738589211618,,,,,
2022-03-17,4.5,4.5,4.5,exact,4.5,1.0,5135.63,8.543957802276314,,,,4.674530280746829,4.684272300469485,4.679925832149316,4.684272300469485,,,,,
2022-03-18,4.5,4.5,4.5,exact,4.5,1.0,5179.14,8.552394298304135,,,,4.6351336250197015,4.65,4.644817604979146,4.65,,,,,
2022-03-21,4.5,4.5,4.5,exact,4.5,1.0,5200.6,8.556529282528611,,,,4.615702408473985,4.65,4.627609991176058,4.65,,,,,
2022-03-22,4.5,4.5,4.5,exact,4.5,1.0,5191.67,8.554810697041912,,,,4.623788184976933,4.65,4.634761833538036,4.65,,,,,
2022-03-23,4.5,4.5,4.5,exact,4.5,1.0,5216.87,8.559652884176364,,,,4.600970540198178,4.6359154929577455,4.614611215869729,4.6359154929577455,,,,,
2022-03-24,4.5,4.5,4.5,exact,4.5,1.0,5174.91,8.551577226677992,,,,4.638963729678993,4.65,4.648217824237271,4.65,,,,,
2022-03-25,4.5,4.5,4.5,exact,4.5,1.0,5103.07,8.537597598391013,,,,4.704012126540332,4.7527624309392245,4.706393631353791,4.7527624309392245,,,,,
2022-03-28,4.5,4.5,4.5,exact,4.5,1.0,5078.44,8.532759406797604,,,,4.726313657925282,4.7527624309392245,4.726527621696938,4.7527624309392245,,,,,
2022-03-29,4.5,4.5,4.5,exact,4.5,1.0,5053.11,8.527759174300954,,,,4.749249012776307,4.77738589211618,4.74733594043699,4.77738589211618,,,,,
2022-03-30,4.5,4.5,4.5,exact,4.5,1.0,5174.75,8.5515463077879,,,,4.639108603614097,4.65,4.648346492278314,4.65,,,,,
2022-03-31,4.5,4.5,4.5,exact,4.5,1.0,5134.62,8.54376111767696,,,,4.675444797462169,4.684272300469485,4.680744329256669,4.684272300469485,,,,,
2022-04-01,4.5,4.5,4.5,exact,4.5,1.0,5170.98,8.550817504664897,,,,4.642522195709966,4.65,4.651379384787283,4.65,,,,,
2022-04-06,4.5,4.5,4.5,exact,4.5,1.0,5167.55,8.550153967367844,,,,4.64562793069374,4.662087912087912,4.654140675503712,4.662087912087912,,,,,
2022-04-07,4.8,4.8,4.8,exact,4.8,1.0,5076.52,8.532381266455767,,,,4.728052145146519,4.77738589211618,4.728101241476963,4.77738589211618,,,,,
2022-04-08,4.5,4.5,4.5,exact,4.5,1.0,5078.0,8.532672762264625,,,,4.726712061246815,4.7527624309392245,4.726888190342606,4.7527624309392245,,,,,
2022-04-11,4.9,4.9,4.9,exact,4.9,1.0,4916.17,8.500285051048149,,,,4.873242991982761,4.902080706179068,4.861668686790438,4.902080706179068,,,,,
2022-04-12,4.9,4.9,4.9,exact,4.9,1.0,5001.97,8.51758711381862,,,,4.7955543442836674,4.887190082644628,4.789666667438439,4.887190082644628,,,,,
2022-04-13,4.9,4.9,4.9,exact,4.9,1.0,4933.02,8.503706655553515,,,,4.857985955692205,4.902080706179068,4.8474297814599865,4.902080706179068,,,,,
2022-04-14,4.8,4.8,4.8,approx,4.8,0.5,4993.45,8.515882332616137,,,,4.803268881327914,4.887190082644628,4.796761063682425,4.887190082644628,,,,,
2022-04-15,,4.8,4.9,range,4.85,0.55,4957.72,8.508701236615565,,,,4.835621041960648,4.896232876712329,4.8266449809968535,4.896232876712329,,,,,
2022-04-18,,4.8,4.9,range,4.85,0.55,4957.23,8.508602395975844,,,,4.836064718386901,4.896232876712329,4.827056303377795,4.896232876712329,,,,,
2022-04-19,,4.8,4.9,range,4.85,0.55,4947.55,8.506647783539853,,,,4.844829591460645,4.897808764940237,4.83519036486566,4.897808764940237,,,,,
2022-04-20,4.9,4.9,4.9,exact,4.9,1.0,4867.24,8.490282320308653,,,,4.917547252261509,4.9687793427230025,4.903294753105904,4.9687793427230025,,,,,
2022-04-21,5.0,5.0,5.0,exact,5.0,1.0,4731.33,8.461961625893533,,,,5.040608605510736,5.0769320843091315,5.02115048015942,5.0769320843091315,,,,,
2022-04-22,5.0,5.0,5.0,exact,5.0,1.0,4718.91,8.459333119707264,,,,5.051854444723123,5.0769320843091315,5.032088930435627,5.0769320843091315,,,,,
2022-04-25,5.0,5.0,5.0,exact,5.0,1.0,4432.89,8.396807020541402,,,,5.310834712961986,5.278571428571428,5.292289431489678,5.278571428571428,,,,,
2022-04-26,5.0,5.0,5.0,exact,5.0,1.0,4351.27,8.378223035495436,,,,5.384738529106508,5.367064846416383,5.369626132244264,5.367064846416383,,,,,
2022-04-27,5.0,5.0,5.0,exact,5.0,1.0,4503.95,8.412710068514567,,,,5.246492576534276,5.196289062500002,5.226109370585398,5.196289062500002,,,,,
2022-04-28,5.0,5.0,5.0,exact,5.0,1.0,4501.36,8.412134852320698,,,,5.2488377233587595,5.196289062500002,5.228503115659144,5.196289062500002,,,,,
2022-04-29,5.0,5.0,5.0,exact,5.0,1.0,4647.02,8.443981432927664,,,,5.116948114689181,5.089882697947214,5.095974518140061,5.089882697947214,,,,,
2022-05-05,5.0,5.0,5.0,exact,5.0,1.0,4676.85,8.45038008537065,,,,5.089938180413377,5.089882697947214,5.069346716406912,5.089882697947214,,,,,
2022-05-06,5.0,5.0,5.0,exact,5.0,1.0,4580.55,8.429574357234568,,,,5.177134180103618,5.18409090909091,5.155929134917336,5.18409090909091,,,,,
2022-05-09,5.0,5.0,5.0,exact,5.0,1.0,4587.44,8.43107741325822,,,,5.170895546273236,5.18409090909091,5.149674212002196,5.18409090909091,,,,,
2022-05-10,5.0,5.0,5.0,exact,5.0,1.0,4651.72,8.444992322661165,,,,5.112692442845524,5.089882697947214,5.09176773059572,5.089882697947214,,,,,
2022-05-11,5.1,5.1,5.1,approx,5.1,0.5,4703.87,8.45614085314216,,,,5.065472594622824,5.089882697947214,5.045373452752216,5.089882697947214,,,,,
2022-05-12,5.0,5.0,5.0,exact,5.0,1.0,4704.52,8.456279027686588,,,,5.064884044261467,5.089882697947214,5.044798443497321,5.089882697947214,,,,,
2022-05-13,5.1,5.1,5.1,approx,5.1,0.5,4739.19,8.463621514010484,,,,5.0334916734487924,5.0769320843091315,5.0142429051549655,5.0769320843091315,,,,,
2022-05-16,5.0,5.0,5.0,exact,5.0,1.0,4721.8,8.459945361814112,,,,5.049237659270321,5.0769320843091315,5.02954110312681,5.0769320843091315,,,,,
2022-05-17,5.1,5.1,5.1,exact,5.1,1.0,4759.94,8.467990342104004,,,,5.014703334990095,5.0738095238095235,4.996062157049479,5.0738095238095235,,,,,
2022-05-18,5.1,5.1,5.1,exact,5.1,1.0,4755.46,8.467048710573849,,,,5.0187598051729845,5.0769320843091315,4.999980728641553,5.0769320843091315,,,,,
2022-05-19,5.1,5.1,5.1,exact,5.1,1.0,4778.54,8.471890339498865,,,,4.997861740034348,5.025,4.979832433945205,5.025,,,,,
2022-05-20,5.0,5.0,5.0,exact,5.0,1.0,4857.26,8.488229771899219,,,,4.9265837639635714,4.9687793427230025,4.911836372232912,4.9687793427230025,,,,,
2022-05-23,5.1,5.1,5.1,exact,5.1,1.0,4868.52,8.490545268451864,,,,4.916388260780684,4.9687793427230025,4.902200502232624,4.9687793427230025,,,,,
2022-05-24,,5.1,5.2,range,5.15,0.55,4714.13,8.458319660544761,,,,5.056182553534331,5.089882697947214,5.0363064105822986,5.089882697947214,,,,,
2022-05-25,5.1,5.1,5.1,exact,5.1,1.0,4769.14,8.469921274126511,,,,5.006373083721661,5.028021978021978,4.988026640897658,5.028021978021978,,,,,
2022-05-26,5.1,5.1,5.1,exact,5.1,1.0,4792.16,8.474736528219522,,,,4.985529346308688,5.01,4.967988104279847,5.01,,,,,
2022-05-27,,5.0,5.1,range,5.05,0.55,4795.29,8.475389465155036,,,,4.982695249953231,5.009016393442623,4.965270926652522,5.009016393442623,,,,,
2022-05-30,5.0,5.0,5.0,exact,5.0,1.0,4834.67,8.483568153231316,,,,4.9470381526759555,5.0,4.931235559600957,5.0,,,,,
2022-05-31,4.9,4.9,4.9,exact,4.9,1.0,4901.99,8.497396524102298,,,,4.886082444481283,4.902080706179068,4.873689205720055,4.902080706179068,,,,,
2022-06-01,4.9,4.9,4.9,exact,4.9,1.0,4904.74,8.49795736345896,,,,4.883592423721696,4.902080706179068,4.871355289426518,4.902080706179068,,,,,
2022-06-02,4.9,4.9,4.9,exact,4.9,1.0,4931.21,8.5033396730277,,,,4.8596248420830594,4.902080706179068,4.848956968320657,4.902080706179068,,,,,
2022-06-06,4.8,4.8,4.8,exact,4.8,1.0,5027.55,8.522688066898198,,,,4.7723926239090435,4.8,4.7684392029897325,4.8,,,,,
2022-06-07,4.8,4.8,4.8,exact,4.8,1.0,5031.34,8.523441629205639,,,,4.768960922571286,4.8,4.765303275871503,4.8,,,,,
2022-06-08,4.8,4.8,4.8,exact,4.8,1.0,5061.66,8.529449771721639,,,,4.7415073118692295,4.77738589211618,4.740300569578878,4.77738589211618,,,,,
2022-06-09,4.9,4.9,4.9,exact,4.9,1.0,4994.07,8.516006487561668,,,,4.802707494829389,4.887190082644628,4.796244396571147,4.887190082644628,,,,,
2022-06-10,4.8,4.8,4.8,exact,4.8,1.0,5079.69,8.533005515088464,,,,4.725181830307287,4.7527624309392245,4.725503449368112,4.7527624309392245,,,,,
2022-06-13,4.8,4.8,4.8,exact,4.8,1.0,5058.04,8.528734335462776,,,,4.744785084650939,4.77738589211618,4.743277836280491,4.77738589211618,,,,,
2022-06-14,4.8,4.8,4.8,exact,4.8,1.0,5084.09,8.533871334749037,,,,4.721197797091949,4.7527624309392245,4.721900366615323,4.7527624309392245,,,,,
2022-06-15,4.8,4.8,4.8,exact,4.8,1.0,5111.96,8.539338171300622,,,,4.69596256852116,4.7527624309392245,4.699150288985663,4.7527624309392245,,,,,
2022-06-16,4.8,4.8,4.8,exact,4.8,1.0,5107.8,8.538524062118066,,,,4.699729290833843,4.7527624309392245,4.702538180122964,4.7527624309392245,,,,,
2022-06-17,4.7,4.7,4.7,exact,4.7,1.0,5165.79,8.54981332242303,,,,4.647221543979875,4.684272300469485,4.65555825930479,4.684272300469485,,,,,
2022-06-20,4.7,4.7,4.7,exact,4.7,1.0,5200.68,8.556544665250737,,,,4.615629971506433,4.65,4.627545976435684,4.65,,,,,
2022-06-21,4.7,4.7,4.7,exact,4.7,1.0,5177.68,8.55211235847904,,,,4.636455599677519,4.65,4.645990889171436,4.65,,,,,
2022-06-22,4.8,4.8,4.8,exact,4.8,1.0,5111.06,8.539162098085013,,,,4.696777484406115,4.7527624309392245,4.699883012432913,4.7527624309392245,,,,,
2022-06-23,4.7,4.7,4.7,exact,4.7,1.0,5208.37,8.558022225911712,,,,4.608666968000536,4.65,4.621397151713651,4.65,,,,,
2022-06-24,4.6,4.6,4.6,exact,4.6,1.0,5269.81,8.569749587754549,,,,4.5530353769209055,4.601612903225807,4.572594084382459,4.601612903225807,,,,,
2022-06-27,4.6,4.6,4.6,exact,4.6,1.0,5322.66,8.57972845737734,,,,4.505181705232129,4.6,4.531067315394104,4.6,,,,,
2022-06-28,4.5,4.5,4.5,exact,4.5,1.0,5386.11,8.591578696482708,,,,4.447730135342765,4.5,4.48175289799142,4.5,,,,,
2022-06-29,4.6,4.6,4.6,exact,4.6,1.0,5281.53,8.571971107451573,,,,4.542423361174596,4.601612903225807,4.563349296270317,4.601612903225807,,,,,
2022-06-30,4.5,4.5,4.5,exact,4.5,1.0,5350.83,8.585006968043974,,,,4.479674838033021,4.55,4.509100950330556,4.55,,,,,
2022-07-01,4.6,4.6,4.6,exact,4.6,1.0,5336.14,8.582257824132839,,,,4.4929760761996835,4.566666666666666,4.5205414309089065,4.566666666666666,,,,,
2022-07-04,4.5,4.5,4.5,exact,4.5,1.0,5381.56,8.590733573950013,,,,4.4518499878722615,4.5,4.485269850262441,4.5,,,,,
2022-07-05,4.6,4.6,4.6,exact,4.6,1.0,5364.21,8.587504393523375,0.032622887467473216,-0.09977444896068632,,4.467559755210016,4.55,4.498707988515335,4.55,4.950373785960505,4.8529827798277925,5.011335450059334,,
2022-07-06,4.6,4.6,4.6,exact,4.6,1.0,5293.9,8.57431049329999,0.01892731081676513,-0.11157392334621086,,4.53122279506693,4.6,4.553614011676565,4.6,4.992945663603887,4.8529827798277925,5.0571682702081375,,
2022-07-07,4.6,4.6,4.6,exact,4.6,1.0,5329.09,8.580935770876255,0.025484371579462595,-0.10566831242846642,,4.499359583965169,4.566666666666666,4.5260431161950905,4.566666666666666,4.972563433953458,4.8529827798277925,5.034229044763159,,
2022-07-08,4.6,4.6,4.6,exact,4.6,1.0,5308.52,8.577068355989152,0.021347312651555317,-0.10912038451081929,,4.517984939246874,4.6,4.542137248162909,4.6,4.985423233213771,4.8529827798277925,5.04763796398462,,
2022-07-11,4.7,4.7,4.7,exact,4.7,1.0,5231.29,8.562413180564585,0.00643577144901597,-0.12208117823566722,,4.587913776797002,4.6359154929577455,4.6031243245898565,4.6359154929577455,5.0317748636517585,4.8529827798277925,5.097981708830192,,
2022-07-12,4.7,4.7,4.7,exact,4.7,1.0,5167.81,8.550204280080717,-0.005731047655846977,-0.132734437146108,,4.645392510549198,4.662087912087912,4.653931300646278,4.662087912087912,5.069594690260856,4.8529827798277925,5.139362272377995,,
2022-07-13,4.7,4.7,4.7,exact,4.7,1.0,5194.87,8.555426879158624,-0.0005206334124799872,-0.12819320863135497,,4.620890706274869,4.65,4.632197609995416,4.65,5.0533984304539725,4.8529827798277925,5.121722731583988,,
2022-07-14,4.7,4.7,4.7,exact,4.7,1.0,5215.73,8.559434338463015,0.003465178418437187,-0.12469246854200722,,4.602002766985788,4.65,4.615520687352436,4.65,5.041008773712752,4.8529827798277925,5.108124770720611,,
2022-07-15,4.7,4.7,4.7,exact,4.7,1.0,5133.32,8.54350790232764,-0.012294247748001808,-0.13852257356420994,,4.676621898184882,4.684272300469485,4.6817980773977865,4.684272300469485,5.089996003648256,4.8529827798277925,5.161845190411451,,
2022-07-18,4.7,4.7,4.7,exact,4.7,1.0,5210.42,8.558415745701717,0.0025208737272897075,-0.12558359653215267,,4.606810770707026,4.65,4.619759530817738,4.65,5.043944088142723,4.8529827798277925,5.111586188370876,,
2022-07-19,4.7,4.7,4.7,exact,4.7,1.0,5214.09,8.559119855564267,0.003202104512431081,-0.12496769451259826,,4.603487724820596,4.65,4.61682939857733,4.65,5.04182652315283,4.8529827798277925,5.1091938337990355,,
2022-07-20,4.6,4.6,4.6,exact,4.6,1.0,5252.89,8.566533680319708,0.010585016003985093,-0.11845625081812594,,4.568355795558069,4.601612903225807,4.5859769874749645,4.601612903225807,5.018877186101432,4.8529827798277925,5.083901365846062,,
2022-07-21,4.7,4.7,4.7,exact,4.7,1.0,5206.88,8.557736106997588,0.0017201603123826459,-0.12617768185891642,,4.610016106521185,4.65,4.622587827060578,4.65,5.046433057712696,4.8529827798277925,5.11389380013772,,
2022-07-22,4.7,4.7,4.7,exact,4.7,1.0,5194.89,8.555430729103184,-0.000582115908805525,-0.12818985221707935,,4.620872597032981,4.65,4.632181588565693,4.65,5.053589545101975,4.8529827798277925,5.121709694229373,,
2022-07-25,4.7,4.7,4.7,exact,4.7,1.0,5151.87,8.547115034546579,-0.008792983095853413,-0.13540949932368251,,4.659825576333855,4.684272300469485,4.666787104008158,4.684272300469485,5.079112532716738,4.8529827798277925,5.149753044006099,,
2022-07-26,4.7,4.7,4.7,exact,4.7,1.0,5201.61,8.556723472033182,0.0007711105753780423,-0.12706209702051108,,4.614787891758646,4.65,4.6268018773313955,4.65,5.04938312183279,4.8529827798277925,5.117329143078755,,
2022-07-27,4.7,4.7,4.7,exact,4.7,1.0,5209.35,8.558210366887451,0.0022436019812710484,-0.125763164695892,,4.607779615148028,4.65,4.620614208641733,4.65,5.044805970715946,4.8529827798277925,5.112283686842775,,
2022-07-28,4.7,4.7,4.7,exact,4.7,1.0,5224.38,8.561091409505242,0.005097597209734461,-0.12324081936785292,,4.594170519869271,4.6359154929577455,4.608624835520622,4.6359154929577455,5.035934497921504,4.8529827798277925,5.102486114849651,,
2022-07-29,4.7,4.7,4.7,exact,4.7,1.0,5174.98,8.551590753391801,-0.004374481612950065,-0.13153116262834097,,4.6389003473323855,4.65,4.648161533220275,4.65,5.06537788617394,4.8529827798277925,5.134688380748542,,
2022-08-01,4.7,4.7,4.7,exact,4.7,1.0,5206.5,8.55766312396995,0.0016775422503592097,-0.12624145373015094,,4.610360182117055,4.65,4.622891543758293,4.65,5.046565533399418,4.8529827798277925,5.114141509875403,,
2022-08-02,4.8,4.8,4.8,exact,4.8,1.0,5069.12,8.530922511500485,-0.024580508832109604,-0.14929666338856873,,4.734752564645042,4.77738589211618,4.734171806814366,4.77738589211618,5.1281871084777295,5.009009393680615,5.203695098725392,,
2022-08-03,4.8,4.8,4.8,exact,4.8,1.0,5026.75,8.522528931005757,-0.032508901054476236,-0.156407227031218,,4.773116993584559,4.8,4.769101442270625,4.8,5.152832039626494,5.009009393680615,5.231314734477132,,
2022-08-04,4.8,4.8,4.8,exact,4.8,1.0,5069.67,8.531031005709467,-0.024081503025871087,-0.1492043619959924,,4.734254560493125,4.77738589211618,4.7337203113922115,4.77738589211618,5.126635978892731,5.009009393680615,5.203336571473481,,
2022-08-05,4.7,4.7,4.7,exact,4.7,1.0,5142.27,8.545249895198758,-0.010035941067795817,-0.13702057817592295,,4.668518012440046,4.684272300469485,4.674548825902107,4.684272300469485,5.082976192936891,4.8529827798277925,5.1560109742212665,,
2022-08-08,4.7,4.7,4.7,exact,4.7,1.0,5169.24,8.550480954762396,-0.004810336006912941,-0.13249445352540978,,4.644097699754213,4.662087912087912,4.652779927191638,4.662087912087912,5.066732713385919,4.8529827798277925,5.138430101523028,,
2022-08-09,4.7,4.7,4.7,exact,4.7,1.0,5184.38,8.553405537814752,-0.0018825127837253097,-0.12995364791885533,,4.630389003645072,4.65,4.640609361847737,4.65,5.0576317507030115,4.8529827798277925,5.128560824079521,,
2022-08-10,4.7,4.7,4.7,exact,4.7,1.0,5158.4,8.548381732872254,-0.006837455624426059,-0.13431363006273145,,4.653912908857455,4.684272300469485,4.661515776619723,4.684272300469485,5.0730338929949435,4.8529827798277925,5.145496347724323,,
2022-08-11,,4.6,4.7,range,4.65,0.55,5245.26,8.565080090621814,0.009818054347721095,-0.11973672286422965,,4.575264471338303,4.6359154929577455,4.592026057747454,4.6359154929577455,5.021261240356347,4.8529827798277925,5.08887511663166,,
2022-08-12,4.7,4.7,4.7,exact,4.7,1.0,5228.89,8.561954297439799,0.006621157915484677,-0.1224839479487273,,4.59008688582355,4.6359154929577455,4.605033953058403,4.6359154929577455,5.031198600952602,4.8529827798277925,5.0995461913839835,,
2022-08-15,4.7,4.7,4.7,exact,4.7,1.0,5241.73,8.564406875498443,0.009031426802572184,-0.1203291299838557,,4.578460752531519,4.6359154929577455,4.5948276224501186,4.6359154929577455,5.0237064248459875,4.8529827798277925,5.091176209721196,,
2022-08-16,,4.6,4.7,range,4.65,0.55,5254.11,8.566765906455709,0.011337613114319245,-0.11825150954732044,,4.567251131802908,4.601612903225807,4.585010585320482,4.601612903225807,5.016537783174995,4.8529827798277925,5.083106087214551,,
2022-08-17,,4.6,4.7,range,4.65,0.55,5284.56,8.57254464034464,0.017082937854536073,-0.11314136881286974,,4.539679811028579,4.601612903225807,4.56096255620276,4.601612903225807,4.998678786208309,4.8529827798277925,5.063256714813312,,
2022-08-18,,4.6,4.7,range,4.65,0.55,5265.72,8.568973167355107,0.013367216674633253,-0.11630311106039193,,4.556738716886981,4.601612903225807,4.575825134770355,4.601612903225807,5.010228882378927,4.8529827798277925,5.075537902860581,,
2022-08-19,4.7,4.7,4.7,exact,4.7,1.0,5209.72,8.558281390500913,0.0025732625138685794,-0.1257010710317953,,4.607444594173102,4.65,4.620318645987801,4.65,5.043781240745421,4.8529827798277925,5.112042495782399,,
2022-08-22,,4.6,4.7,range,4.65,0.55,5250.74,8.566124298033769,0.010398591364239929,-0.11881706535274239,,4.570302539061019,4.601612903225807,4.58768061967568,4.601612903225807,5.01945667589988,4.8529827798277925,5.085302881467167,,
2022-08-23,,4.6,4.7,range,4.65,0.55,5245.85,8.565192566804148,0.009396019727935911,-0.1196377086431023,,4.57473024870261,4.6359154929577455,4.591557991461691,4.6359154929577455,5.022573109630128,4.8529827798277925,5.088490514670519,,
2022-08-24,4.8,4.8,4.8,exact,4.8,1.0,5110.53,8.539058396018998,-0.01653707020687145,-0.1423472076311435,,4.697257379316145,4.7527624309392245,4.700314565494715,4.7527624309392245,5.103184562493805,4.873664122137405,5.1767012559951695,,
2022-08-25,4.7,4.7,4.7,exact,4.7,1.0,5127.57,8.542387141730483,-0.013174584689915059,-0.13948754266841645,,4.681828305227654,4.7,4.68646208927175,4.7,5.09273247817079,4.8529827798277925,5.165593429863245,,
2022-08-26,4.8,4.8,4.8,exact,4.8,1.0,5109.44,8.538845088151337,-0.01656006957560363,-0.14253013220915833,,4.698244332999035,4.7527624309392245,4.701202239838459,4.7527624309392245,5.103256054650471,4.873664122137405,5.177411791821683,,
2022-08-29,4.8,4.8,4.8,exact,4.8,1.0,5112.72,8.539486831210057,-0.015830156328677458,-0.14197968026797603,,4.695274417329419,4.7527624309392245,4.6985316451963115,4.7527624309392245,5.100987163151344,4.873664122137405,5.175273665664833,,
2022-08-30,4.8,4.8,4.8,exact,4.8,1.0,5089.1,8.534856276621747,-0.020252097234651267,-0.14594360552734298,,4.71666143199903,4.7527624309392245,4.717801560321519,4.7527624309392245,5.11473250093423,4.935148514851484,5.190670781465072,,
2022-08-31,4.8,4.8,4.8,exact,4.8,1.0,5017.15,8.52061732238293,-0.03389918730365271,-0.15801830588345867,,4.781809429690752,4.817741935483871,4.777056544669698,4.817741935483871,5.15715366094984,5.009009393680615,5.237572664692301,,
2022-09-01,4.9,4.9,4.9,exact,4.9,1.0,4983.7,8.513927866039268,-0.04010128023329207,-0.1636319087592344,,4.812097136748266,4.896232876712329,4.8048945181818965,4.896232876712329,5.176432494405884,5.107692307692308,5.25937764028578,,
2022-09-02,4.9,4.9,4.9,exact,4.9,1.0,4994.81,8.516154652321152,-0.037737305936869636,-0.16176742062919336,,4.802037452879536,4.887190082644628,4.7956278133335815,4.887190082644628,5.169084222254511,5.014159292035399,5.252135389797183,,
2022-09-05,4.9,4.9,4.9,exact,4.9,1.0,4999.18,8.517029177966768,-0.036678694100134246,-0.16103404410999633,,4.79808058352703,4.887190082644628,4.791988500883107,4.887190082644628,5.165793590926256,5.014159292035399,5.2492867278138196,,
2022-09-06,4.8,4.8,4.8,exact,4.8,1.0,5066.94,8.530492364079572,-0.023481822744320313,-0.1496625125445984,,4.736726472010824,4.77738589211618,4.73596185250635,4.77738589211618,5.124771908746403,5.009009393680615,5.20511617037842,,
2022-09-07,4.8,4.8,4.8,exact,4.8,1.0,5080.88,8.533239753916687,-0.020672574868276783,-0.14732309179457392,,4.724104330414957,4.7527624309392245,4.724528671454841,4.7527624309392245,5.116039530410025,4.935148514851484,5.19602913421181,,
2022-09-08,4.8,4.8,4.8,exact,4.8,1.0,5048.68,8.526882101963482,-0.02672239623603756,-0.15272691877813083,,4.753260209854476,4.77738589211618,4.750985850869839,4.77738589211618,5.134845036859387,5.009009393680615,5.217019275141855,,
2022-09-09,4.8,4.8,4.8,exact,4.8,1.0,5087.47,8.534535932927568,-0.019132154181766503,-0.14621715329079632,,4.7181373352128935,4.7527624309392245,4.7191346610721965,4.7527624309392245,5.111251225203317,4.935148514851484,5.191733325866189,,
2022-09-13,4.8,4.8,4.8,exact,4.8,1.0,5097.08,8.53642310572403,-0.017178851158773822,-0.14460439623141808,,4.709435844485758,4.7527624309392245,4.711281247637395,4.7527624309392245,5.10517950004591,4.873664122137405,5.185468876973713,,
2022-09-14,4.8,4.8,4.8,exact,4.8,1.0,5044.05,8.525964609803324,-0.027247310061676133,-0.1535039286829094,,4.757452499351525,4.77738589211618,4.754803967191997,4.77738589211618,5.136476699966997,5.009009393680615,5.220037422735213,,
2022-09-15,4.9,4.9,4.9,exact,4.9,1.0,4951.87,8.507520562000456,-0.04477285115938845,-0.16897364207869447,,4.840917995212859,4.897808764940237,4.831558323273619,4.897808764940237,5.190953792116841,5.115562913907286,5.280126590155448,,
2022-09-16,5.0,5.0,5.0,exact,5.0,1.0,4836.37,8.483919718319973,-0.0666892225994109,-0.18835693451971391,,4.945498867115484,5.0,4.929772531946227,5.0,5.259079516730511,5.273564954682779,5.355417313056698,,
2022-09-19,5.0,5.0,5.0,exact,5.0,1.0,4808.79,8.478200772201912,-0.07162510548577583,-0.19298542980563005,,4.970471511678898,5.0,4.953571756034606,5.0,5.274422412298878,5.292654867256638,5.373395825070694,,
2022-09-20,5.0,5.0,5.0,exact,5.0,1.0,4842.25,8.485134767722348,-0.06481514862014892,-0.1873701487227165,,4.940174750000441,5.0,4.924716140015157,5.0,5.253254070298091,5.2111721611721595,5.351584330799907,,
2022-09-21,5.0,5.0,5.0,exact,5.0,1.0,4828.52,8.482295281471503,-0.06710717341503125,-0.18967432712284804,,4.952606744556484,5.0,4.936532577551844,5.0,5.260378691744263,5.273564954682779,5.36053447474306,,
2022-09-22,5.0,5.0,5.0,exact,5.0,1.0,4803.13,8.477023067715358,-0.0716327878421591,-0.1939352950455968,,4.975596427133174,5.0,4.958472738209785,5.0,5.274446292442395,5.292654867256638,5.37708539642672,,
2022-09-23,5.1,5.1,5.1,exact,5.1,1.0,4750.71,8.466049359542819,-0.08134035195482303,-0.2027324568616855,,5.023060750121361,5.0769320843091315,5.004139498218933,5.0769320843091315,5.304621672578597,5.3909090909090915,5.411256302872465,,
2022-09-26,5.1,5.1,5.1,exact,5.1,1.0,4705.37,8.45645968867249,-0.08964704692883108,-0.2103414480242467,,5.064114401481231,5.089882697947214,5.044046628180517,5.089882697947214,5.330442535114975,5.418513119533528,5.4408119857845225,,
2022-09-27,5.0,5.0,5.0,exact,5.0,1.0,4788.62,8.473997548687354,-0.07315979645528425,-0.196370373602473,,4.988734682122846,5.01,4.971063345612727,5.01,5.279192907024337,5.292654867256638,5.386543997199856,,
2022-09-28,5.1,5.1,5.1,exact,5.1,1.0,4680.74,8.451211496070217,-0.09356647226217751,-0.21447487220452643,0.05555555555555555,5.086415932866181,5.089882697947214,5.065886825521424,5.089882697947214,5.342625833414793,5.418513119533528,5.456867487992815,5.380183409256483,5.325786924939468
2022-09-29,5.1,5.1,5.1,exact,5.1,1.0,4676.93,8.450397190754783,-0.09383215556308433,-0.21511426912400933,0.055248618784530384,5.089865743445825,5.089882697947214,5.069275532859855,5.089882697947214,5.343451694002233,5.418513119533528,5.459351104046959,5.380490236934817,5.325786924939468
2022-09-30,5.2,5.2,5.2,exact,5.2,1.0,4631.68,8.440674932237709,-0.10209328558136099,-0.22270815642233077,0.038461538461538464,5.1308379032172,5.182258064516129,5.109734422367886,5.182258064516129,5.36913092060975,5.576470588235294,5.48884811886325,5.397271350726777,5.396350364963505
2022-10-10,5.2,5.2,5.2,exact,5.2,1.0,4537.69,8.420173350974682,-0.11973563954590893,-0.2384816253100488,0.0273224043715847,5.215942285469389,5.196289062500002,5.195051142716764,5.196289062500002,5.423971118541915,5.653708987161199,5.550117166876138,5.408406525701272,5.407410881801126
2022-10-11,5.2,5.2,5.2,exact,5.2,1.0,4559.23,8.424909028600913,-0.11500130128511277,-0.23486676713533405,0.03260869565217391,5.19643863195612,5.196289062500002,5.175343761197453,5.196289062500002,5.409254712340021,5.653708987161199,5.536075935955853,5.40312211329541,5.407410881801126
2022-10-12,5.1,5.1,5.1,exact,5.1,1.0,4655.92,8.445894807133076,-0.0957623029239516,-0.21864018232042337,0.06486486486486487,5.108889502049065,5.089882697947214,5.0880120683216035,5.089882697947214,5.349451441174346,5.418513119533528,5.473046845069949,5.370877408699012,5.325786924939468
2022-10-13,5.1,5.1,5.1,exact,5.1,1.0,4651.48,8.444940727511097,-0.09615507045689253,-0.21938530628958475,0.05913978494623656,5.11290975374818,5.089882697947214,5.091982442277377,5.089882697947214,5.350672335466066,5.418513119533528,5.475941137794465,5.376600453786905,5.325786924939468
2022-10-14,5.0,5.0,5.0,exact,5.0,1.0,4762.02,8.46842722695399,-0.07430600425464784,-0.20083440458888946,0.1497326203208556,5.012819973833753,5.028021978021978,4.994244073746891,5.028021978021978,5.282755825142565,5.292654867256638,5.403883678837719,5.286039817279099,5.167714285714286
2022-10-17,5.0,5.0,5.0,exact,5.0,1.0,4790.52,8.47439424401176,-0.06842511216536251,-0.1960515142463003,0.1702127659574468,4.987014304143495,5.01,4.969412509824899,5.01,5.264475425211684,5.292654867256638,5.385305448511437,5.265566950777541,5.139005235602093
2022-10-18,5.0,5.0,5.0,exact,5.0,1.0,4795.51,8.475435342454123,-0.06712179854647848,-0.19521408888456282,0.18518518518518517,4.982496048292464,5.0,4.965080009637568,5.0,5.260424153087175,5.273564954682779,5.3820526285350105,5.250599853106751,5.139005235602093
2022-10-19,5.1,5.1,5.1,exact,5.1,1.0,4736.7,8.463095969695953,-0.07818104299262141,-0.2050836250616741,0.12631578947368421,5.035746274063835,5.0769320843091315,5.016429942180963,5.0769320843091315,5.294801150375939,5.3909090909090915,5.420388969780227,5.30944832522287,5.254240282685513
2022-10-20,5.1,5.1,5.1,exact,5.1,1.0,4711.96,8.457859236331045,-0.0825971038657064,-0.2092355095204691,0.10471204188481675,5.0581474062791685,5.089882697947214,5.038222452246579,5.089882697947214,5.3085282104296665,5.3909090909090915,5.436516177438902,5.331044394321618,5.275743855109962
2022-10-21,5.1,5.1,5.1,exact,5.1,1.0,4706.91,8.456786920759454,-0.08318121780856014,-0.2100830041250331,0.10416666666666667,5.0627199898558635,5.089882697947214,5.042684861588249,5.089882697947214,5.310343893546863,5.3909090909090915,5.439808109479173,5.331589575700334,5.275743855109962
2022-10-24,5.2,5.2,5.2,exact,5.2,1.0,4613.74,8.43679408690756,-0.1008569372756779,-0.22571886002745545,0.046632124352331605,5.147081893190648,5.18409090909091,5.125884444724782,5.18409090909091,5.365287806140275,5.576470588235294,5.500542625952847,5.389103668858204,5.339534883720931
2022-10-25,5.2,5.2,5.2,exact,5.2,1.0,4603.81,8.434639500528,-0.10231648983599151,-0.22738531971524167,0.04639175257731959,5.1560731317879895,5.18409090909091,5.1348506918280705,5.18409090909091,5.369824737632571,5.576470588235294,5.507015672519162,5.389343955199321,5.339534883720931
2022-10-26,,5.1,5.2,range,5.15,0.55,4666.43,8.448149604357559,-0.08968575659103428,-0.2168763866186475,0.08205128205128205,5.099373095436973,5.089882697947214,5.078628796769202,5.089882697947214,5.330562861775543,5.418513119533528,5.466195715219801,5.353697099977526,5.275743855109962
2022-10-27,,5.1,5.2,range,5.15,0.55,4640.72,8.4426248055961,-0.09426356812076953,-0.22119105716980425,0.061224489795918366,5.122652525883869,5.11078431372549,5.1016200824104345,5.11078431372549,5.344792714032861,5.418513119533528,5.482955234577299,5.3745164898913345,5.325786924939468
2022-10-28,5.3,5.3,5.3,exact,5.3,1.0,4503.14,8.412530210202464,-0.1205745982376013,-0.24427983097097705,0.02030456852791878,5.247226000830736,5.196289062500002,5.2268578455990635,5.196289062500002,5.426578971258269,5.653708987161199,5.572639196973437,5.415421867237737,5.51861313868613
2022-10-31,5.3,5.3,5.3,exact,5.3,1.0,4500.13,8.411861564230025,-0.12062430830735638,-0.24478497131944,0.015151515151515152,5.249951441734866,5.278571428571428,5.229640395916093,5.278571428571428,5.426733492025172,5.653708987161199,5.574601318842985,5.4205730890953605,5.605305466237943
2022-11-01,,5.1,5.2,range,5.15,0.55,4634.42,8.441266335326356,-0.09395281779623077,-0.2222483276665872,0.07035175879396985,5.128356937078558,5.182258064516129,5.107273316013199,5.182258064516129,5.343826765308591,5.418513119533528,5.4870620012810045,5.3653924649436275,5.325786924939468
2022-11-02,5.1,5.1,5.1,approx,5.1,0.5,4692.07,8.453629128673162,-0.0823026326353623,-0.2125734635174551,0.12,5.076157047336685,5.089882697947214,5.055825919387139,5.089882697947214,5.307612864292192,5.3909090909090915,5.449481826603455,5.315761869913473,5.254240282685513
2022-11-03,5.1,5.1,5.1,exact,5.1,1.0,4683.03,8.451700615312927,-0.08368745985731851,-0.21409056276998162,0.11940298507462686,5.084342424670016,5.089882697947214,5.063851370347891,5.089882697947214,5.311917516557221,5.3909090909090915,5.455374710889405,5.316358672645421,5.254240282685513
2022-11-04,5.0,5.0,5.0,exact,5.0,1.0,4808.23,8.47808431200933,-0.05891424523846267,-0.19307940940534407,0.24257425742574257,4.97097857045176,5.0,4.954056401660466,5.0,5.234911466466396,5.180448979591837,5.373760870999912,5.193231178319104,5.010714285714287
2022-11-07,5.0,5.0,5.0,exact,5.0,1.0,4820.8,8.480695168376037,-0.05619152350154688,-0.1909699030331915,0.2512315270935961,4.959596911925214,5.0,4.943191400583153,5.0,5.226448049437879,5.180448979591837,5.3655668936244245,5.184576985652559,5.010714285714287
2022-11-08,5.0,5.0,5.0,exact,5.0,1.0,4800.07,8.47638578012298,-0.05997237883547535,-0.1944488264297486,0.23529411764705882,4.978367141142023,5.0,4.961124791561332,5.0,5.238200611215189,5.180448979591837,5.379080111682805,5.200508730561476,5.010714285714287
2022-11-09,5.0,5.0,5.0,exact,5.0,1.0,4774.9,8.471128310287158,-0.06460543736525604,-0.19867287379546683,0.2048780487804878,5.001157622057946,5.025,4.983003595833587,5.025,5.2526021954547435,5.2111721611721595,5.395487622465701,5.230913988827559,5.075
2022-11-10,5.1,5.1,5.1,exact,5.1,1.0,4740.97,8.463997035103148,-0.07093091419163,-0.20436703061385453,0.1796116504854369,5.031879950920769,5.0769320843091315,5.012680185302436,5.0769320843091315,5.272264560344981,5.292654867256638,5.417605494569938,5.25617140683857,5.139005235602093
2022-11-11,5.0,5.0,5.0,exact,5.0,1.0,4817.24,8.479956428930693,-0.05572920023413963,-0.19156734477423076,0.2608695652173913,4.96282035698126,5.0,4.946265642801862,5.0,5.225010945322169,5.180448979591837,5.367887542745883,5.174942373118709,5.010714285714287
2022-11-14,5.0,5.0,5.0,exact,5.0,1.0,4810.85,8.478629062664234,-0.0567233505795981,-0.19263971913525335,0.25961538461538464,4.968606259764444,5.0,4.951789438020533,5.0,5.228101201975495,5.180448979591837,5.372052977545355,5.176196107954844,5.010714285714287
2022-11-15,4.9,4.9,4.9,exact,4.9,1.0,4905.34,8.498079686620596,-0.03802062576453624,-0.17678233989064795,0.32057416267942584,4.8830491464650585,4.902080706179068,4.870846245229416,4.902080706179068,5.169964904926368,5.107692307692308,5.310457995667095,5.115258996102793,4.918255319148939
2022-11-16,5.0,5.0,5.0,exact,5.0,1.0,4872.57,8.491376797620235,-0.04424481634548472,-0.1822818246810568,0.30952380952380953,4.912721139298384,4.9687793427230025,4.898740118342737,4.9687793427230025,5.189312427604614,5.115562913907286,5.331819701203666,5.1263054216978245,4.9581967213114755
2022-11-17,5.0,5.0,5.0,exact,5.0,1.0,4869.63,8.490773237831018,-0.04461855159297001,-0.1827752175795554,0.3080568720379147,4.915383197855905,4.9687793427230025,4.901251814445089,4.9687793427230025,5.1904741611798215,5.115562913907286,5.333736192332061,5.1277718377989485,4.9581967213114755
2022-11-18,5.0,5.0,5.0,exact,5.0,1.0,4842.81,8.485250409752574,-0.04965681404588418,-0.18727616912300238,0.28773584905660377,4.939667691227579,5.0,4.924234899147599,5.0,5.206135297483244,5.180448979591837,5.351219284870688,5.148085638201235,5.0
2022-11-21,5.0,5.0,5.0,exact,5.0,1.0,4831.03,8.482814974429557,-0.05173713674503044,-0.1892530971312727,0.27230046948356806,4.950334034699553,5.0,4.9343698907717055,5.0,5.2126018556768505,5.180448979591837,5.358898286738886,5.16351553167011,5.010714285714287
2022-11-22,5.0,5.0,5.0,exact,5.0,1.0,4798.73,8.476106578554303,-0.05782147336965071,-0.19467370618620716,0.2336448598130841,4.9795804603485125,5.0,4.962286680581023,5.0,5.231514650729631,5.180448979591837,5.379953614442006,5.202157402209655,5.010714285714287
2022-11-23,5.0,5.0,5.0,exact,5.0,1.0,4792.97,8.474905540012148,-0.05869428347958128,-0.19564035349755138,0.22325581395348837,4.9847959220122275,5.009016393442623,4.96728476673421,5.009016393442623,5.234227728546909,5.180448979591837,5.383708372571107,5.212542755553142,5.042857142857144
2022-11-24,5.0,5.0,5.0,exact,5.0,1.0,4789.02,8.4740810765711,-0.05921101378360916,-0.19630324531696286,0.21296296296296297,4.988372497285088,5.01,4.970715746810107,5.01,5.235833953668986,5.180448979591837,5.386283250107557,5.2228319482175225,5.042857142857144
2022-11-25,5.0,5.0,5.0,exact,5.0,1.0,4777.88,8.47175221245944,-0.061133785135550345,-0.1981727680684171,0.20276497695852536,4.998459345016649,5.025,4.980407245509447,5.025,5.241810772960258,5.198360655737705,5.393545056628075,5.233026309613107,5.139005235602093
2022-11-28,5.1,5.1,5.1,exact,5.1,1.0,4743.22,8.464471508946927,-0.06765398149685908,-0.20398943400786063,0.1743119266055046,5.02984266120838,5.0769320843091315,5.010705676520736,5.0769320843091315,5.262078411832558,5.273564954682779,5.416138792175758,5.261469247069507,5.139005235602093
2022-11-29,5.0,5.0,5.0,exact,5.0,1.0,4855.44,8.487855004837268,-0.04539682858023708,-0.1851565935080235,0.3150684931506849,4.928231704975371,4.9687793427230025,4.913395954209065,4.9687793427230025,5.192893388461711,5.15,5.342986195431358,5.120762708784515,4.95
2022-11-30,,4.9,5.0,range,4.95,0.55,4857.84,8.48834917365539,-0.044729906486796644,-0.1847538237949633,0.32272727272727275,4.926058595948822,4.9687793427230025,4.9113394853777095,4.9687793427230025,5.1908203011807785,5.115562913907286,5.341421712877565,5.113106651321906,4.918255319148939
2022-12-01,4.9,4.9,4.9,exact,4.9,1.0,4902.41,8.49748219992137,-0.03580852541738355,-0.17727405458200896,0.34841628959276016,4.885702150401636,4.902080706179068,4.873332668348489,4.902080706179068,5.163088723826757,5.014159292035399,5.312367968118183,5.087426764949234,4.918255319148939
2022-12-02,4.9,4.9,4.9,exact,4.9,1.0,4893.82,8.495728463595944,-0.037335377655085766,-0.17871563451333672,0.34234234234234234,4.89348006979249,4.905445544554455,4.880630789879824,4.905445544554455,5.167834852325087,5.014159292035399,5.317967511925297,5.0934985533731,4.918255319148939
2022-12-05,4.9,4.9,4.9,exact,4.9,1.0,4956.84,8.508523719912391,-0.024829640886335436,-0.1681395731312324,0.38565022421524664,4.836417848603715,4.897808764940237,4.827383711474646,4.897808764940237,5.128961520508711,5.009009393680615,5.2768868075336375,5.050206064160273,4.918255319148939
2022-12-06,4.9,4.9,4.9,exact,4.9,1.0,4963.62,8.509890592225895,-0.02339335795930142,-0.16700174869183748,0.39732142857142855,4.830278815603717,4.896232876712329,4.821695513016792,4.896232876712329,5.124496921274198,5.009009393680615,5.272467144319174,5.038539008030085,4.918255319148939
2022-12-07,4.9,4.9,4.9,exact,4.9,1.0,4957.98,8.50875367870237,-0.024396798780719986,-0.16794825751752895,0.39555555555555555,4.835385621816106,4.896232876712329,4.826426744813162,4.896232876712329,5.127616056814182,5.009009393680615,5.276143678320587,5.040304253412329,4.918255319148939
2022-12-08,4.9,4.9,4.9,exact,4.9,1.0,4947.63,8.506663953028433,-0.026319529494110094,-0.16968520190510072,0.37610619469026546,4.844757154493093,4.897808764940237,4.835123076020096,4.897808764940237,5.1335927497829585,5.009009393680615,5.282890509333814,5.059746701508221,4.918255319148939
2022-12-09,4.9,4.9,4.9,exact,4.9,1.0,4973.35,8.51184893629046,-0.021166236677652495,-0.16536885314680616,0.4052863436123348,4.821468669425253,4.896232876712329,4.813545922467661,4.896232876712329,5.117574048501664,4.935148514851484,5.266124471299008,5.030576923911045,4.918255319148939
2022-12-12,4.9,4.9,4.9,exact,4.9,1.0,4936.63,8.504438191152241,-0.02827230088510002,-0.17153122975662638,0.3684210526315789,4.854717237531439,4.902080706179068,4.844385517834603,4.902080706179068,5.1396628223942065,5.009009393680615,5.290061054372029,5.06742911208307,4.918255319148939
2022-12-13,4.9,4.9,4.9,exact,4.9,1.0,4917.09,8.500472171088234,-0.0319827902719263,-0.17481044650379096,0.35807860262008734,4.872409966855917,4.902080706179068,4.860889992311861,4.902080706179068,5.151196655850199,5.009009393680615,5.30279854983082,5.077767886139735,4.918255319148939
2022-12-14,4.9,4.9,4.9,exact,4.9,1.0,4913.74,8.499790641628428,-0.032504987928315576,-0.1753726458949375,0.3521739130434783,4.875443264872141,4.902080706179068,4.8637261568781796,4.902080706179068,5.152819875908794,5.009009393680615,5.304982306728822,5.083670477048028,4.918255319148939
2022-12-15,4.9,4.9,4.9,exact,4.9,1.0,4919.81,8.501025190854484,-0.03117851567921559,-0.1743539741623228,0.36363636363636365,4.8699471099591625,4.902080706179068,4.858588617011129,4.902080706179068,5.1486966165728605,5.009009393680615,5.301025469603189,5.072212100485042,4.918255319148939
2022-12-16,4.9,4.9,4.9,exact,4.9,1.0,4897.95,8.496572029211745,-0.03533570182494128,-0.17802253496544573,0.33189655172413796,4.889740511342638,4.905445544554455,4.877120316672126,4.905445544554455,5.161618980081187,5.014159292035399,5.315275298197314,5.103940631306747,4.918255319148939
2022-12-19,5.0,5.0,5.0,exact,5.0,1.0,4806.92,8.47781182535897,-0.05304782747303505,-0.19329925454038932,0.2446351931330472,4.972164725795417,5.0,4.9551903467474006,5.0,5.216676059102089,5.180448979591837,5.374614817727189,5.191170975117788,5.010714285714287
2022-12-20,,5.0,5.1,range,5.05,0.55,4749.95,8.465889370657495,-0.06401370692460895,-0.20286000060415454,0.16666666666666666,5.023748901313102,5.0769320843091315,5.004805287204327,5.0769320843091315,5.250762836911503,5.2111721611721595,5.411751722347832,5.269111789699569,5.152380952380953
2022-12-21,,5.0,5.1,range,5.05,0.55,4733.77,8.462477204187275,-0.06693518057869374,-0.20557533975303488,0.14893617021276595,5.038399278000412,5.0769320843091315,5.0190049164323725,5.0769320843091315,5.259844062340125,5.273564954682779,5.422298942231314,5.2868359843097155,5.167714285714286
2022-12-22,5.1,5.1,5.1,exact,5.1,1.0,4703.35,8.45603029975858,-0.07264463046125347,-0.21068044586607226,0.11016949152542373,5.065943434911909,5.089882697947214,5.04583351736818,5.089882697947214,5.277591544465953,5.292654867256638,5.442128758600631,5.325588884389526,5.275743855109962
2022-12-23,5.1,5.1,5.1,exact,5.1,1.0,4689.82,8.453149481172895,-0.07501839394517384,-0.2129510601234489,0.10548523206751055,5.078194337049074,5.089882697947214,5.057821958186352,5.089882697947214,5.2849702457188545,5.292654867256638,5.4509485289976345,5.330271478949262,5.275743855109962
2022-12-26,5.1,5.1,5.1,exact,5.1,1.0,4739.47,8.463680594091441,-0.06496958274786535,-0.2046187616845171,0.16806722689075632,5.033238144062361,5.0769320843091315,5.013997045156138,5.0769320843091315,5.253734119510825,5.2111721611721595,5.418583296166058,5.26771172726818,5.152380952380953
2022-12-27,5.0,5.0,5.0,exact,5.0,1.0,4782.14,8.47264342404309,-0.05632810653619558,-0.19745785182773534,0.2175732217573222,4.994602076494525,5.01,4.9766984950243796,5.01,5.226872609599712,5.180448979591837,5.390768100095094,5.218223328019729,5.042857142857144
2022-12-28,,5.0,5.1,range,5.05,0.55,4751.54,8.466224055010127,-0.062122765547024894,-0.20259316566925223,0.1875,5.022309216583014,5.0769320843091315,5.003412508230241,5.0769320843091315,5.244884959184232,5.2111721611721595,5.410715252655945,5.248285861032649,5.139005235602093
2022-12-29,,5.0,5.1,range,5.05,0.55,4737.12,8.463184635091807,-0.06471690596285351,-0.20501314036188856,0.16182572614107885,5.035365979984189,5.0769320843091315,5.016060963774585,5.0769320843091315,5.252948688897044,5.2111721611721595,5.420115185333313,5.273951009638772,5.167714285714286
2022-12-30,,5.0,5.1,range,5.05,0.55,4756.62,8.467292610962776,-0.060630616620849676,-0.2017406364432749,0.19834710743801653,5.017709469143487,5.0738095238095235,4.998965744430919,5.0738095238095235,5.240246703845962,5.198360655737705,5.407403764583751,5.237442608916814,5.139005235602093
2023-01-03,5.0,5.0,5.0,exact,5.0,1.0,4815.92,8.479682375555006,-0.048728147146745004,-0.19178886811641382,0.2880658436213992,4.964015566945862,5.0,4.947406107769623,5.0,5.203248592190731,5.180448979591837,5.368748008150469,5.147755760924424,5.0
2023-01-04,5.0,5.0,5.0,exact,5.0,1.0,4821.47,8.48083413980104,-0.04744592447584384,-0.19085746315496221,0.29918032786885246,4.9589902523219695,5.0,4.942613075133458,5.0,5.199262880011584,5.180448979591837,5.3651301422448245,5.136645227031284,4.9581967213114755
2023-01-05,4.9,4.9,4.9,exact,4.9,1.0,4887.54,8.494444388403354,-0.03425723027381555,-0.17976954859584404,0.35918367346938773,4.899166371745291,4.905445544554455,4.885974430582834,4.905445544554455,5.158266616023262,5.009009393680615,5.322061241274387,5.076663208059123,4.918255319148939
2023-01-06,4.9,4.9,4.9,exact,4.9,1.0,4895.24,8.496018583384762,-0.03260703249771524,-0.1784773290997761,0.36585365853658536,4.8921943136184485,4.905445544554455,4.879423465011918,4.905445544554455,5.153137075325325,5.009009393680615,5.317041859747637,5.069995593664616,4.918255319148939
2023-01-09,4.9,4.9,4.9,exact,4.9,1.0,4928.5,8.502789961105494,-0.02593155245557255,-0.17289561215961757,0.4048582995951417,4.862078644358871,4.902080706179068,4.851244578126824,4.902080706179068,5.132386746455438,5.009009393680615,5.295360739023,5.0310048157911265,4.918255319148939
2023-01-10,4.9,4.9,4.9,exact,4.9,1.0,4932.2,8.503540414962451,-0.025101221260800277,-0.17227467551864994,0.4112903225806452,4.858728434609609,4.902080706179068,4.8481215867327805,4.902080706179068,5.129805711795207,5.009009393680615,5.292948828419237,5.024575078900883,4.918255319148939
2023-01-11,4.9,4.9,4.9,exact,4.9,1.0,4909.22,8.498870348698595,-0.029527913954713436,-0.1761311955212007,0.3855421686746988,4.879535953538806,4.902080706179068,4.867555928519998,4.902080706179068,5.1435658202255725,5.009009393680615,5.307928748871797,5.05031408129529,4.918255319148939
2023-01-12,4.9,4.9,4.9,exact,4.9,1.0,4914.2,8.499884252293601,-0.028432522276083727,-0.17529544836660105,0.392,4.875026752308719,4.902080706179068,4.863336598880686,4.902080706179068,5.1401608609673,5.009009393680615,5.304682447572679,5.04385854523815,4.918255319148939
2023-01-13,4.9,4.9,4.9,exact,4.9,1.0,4959.14,8.508987617588918,-0.01877193983987724,-0.16775358548954977,0.4541832669322709,4.834335285786606,4.896232876712329,4.825453215098243,4.896232876712329,5.110131520551267,4.935148514851484,5.275387511752919,4.981697379730586,4.9032863849765285
2023-01-16,4.8,4.8,4.8,exact,4.8,1.0,5023.43,8.521868246297469,-0.005386065426760678,-0.15696439180095112,0.49206349206349204,4.776123127737951,4.8,4.771850862023797,4.8,5.068522333716815,4.8529827798277925,5.233478935343211,4.943830618140039,4.9032863849765285
2023-01-17,4.8,4.8,4.8,exact,4.8,1.0,5022.05,8.521593495860719,-0.005002501218909106,-0.14424784189701767,0.4901185770750988,4.777372665428216,4.8,4.772994227790427,4.8,5.067330047408506,4.8529827798277925,5.18408390929228,4.9457748418589915,4.9032863849765285
2023-01-18,4.8,4.8,4.8,exact,4.8,1.0,5025.95,8.522369769785051,-0.003609420142334785,-0.1419354618416988,0.49606299212598426,4.773841363260075,4.8,4.769763786954343,4.8,5.062999738532015,4.8529827798277925,5.175101907575226,4.939832539595808,4.9032863849765285
2023-01-19,4.8,4.8,4.8,exact,4.8,1.0,5059.34,8.528991318991547,0.003631143006005866,-0.13623489280915646,0.5294117647058824,4.743607983928226,4.77738589211618,4.742208406972715,4.77738589211618,5.040492882757935,4.8529827798277925,5.152959128441362,4.906495619969648,4.9032863849765285
2023-01-20,4.8,4.8,4.8,exact,4.8,1.0,5096.78,8.536364246763815,0.011612623314192883,-0.12984288009342182,0.578125,4.709707483114077,4.7527624309392245,4.7115261874488255,4.7527624309392245,5.015682930482166,4.8529827798277925,5.128130567471855,4.857799698527876,4.9032863849765285
2023-01-30,4.7,4.7,4.7,exact,4.7,1.0,5132.83,8.543412442978152,0.019354167125586352,-0.12368817767883211,0.622568093385214,4.677065574611135,4.684272300469485,4.682195328640049,4.684272300469485,4.991618806399265,4.8529827798277925,5.10422379335458,4.813372401284143,4.850981461286805
2023-01-31,4.8,4.8,4.8,exact,4.8,1.0,5112.41,8.539426196284126,0.01582857476080335,-0.12717441965680498,0.6085271317829457,4.695555110578682,4.7527624309392245,4.698783975636225,4.7527624309392245,5.002577898564707,4.8529827798277925,5.1177654390542955,4.827408372391846,4.885869565217392
2023-02-01,4.7,4.7,4.7,exact,4.7,1.0,5175.55,8.551700892679467,0.028841057438089734,-0.11123875857971299,0.6795366795366795,4.63838423393858,4.65,4.6477031918521305,4.65,4.962129377520109,4.8529827798277925,5.055866386246089,4.756424063134745,4.850981461286805
2023-02-02,4.7,4.7,4.7,exact,4.7,1.0,5172.52,8.551115276214446,0.028763565147346126,-0.11175907942706309,0.6653846153846154,4.641127784084597,4.65,4.650140217344791,4.65,4.962370257652723,4.8529827798277925,5.057887473884157,4.770571097303733,4.850981461286805
2023-02-03,4.7,4.7,4.7,exact,4.7,1.0,5143.68,8.545524055584298,0.023581024865277023,-0.11671157224474649,0.6360153256704981,4.66724131088695,4.684272300469485,4.673407915616025,4.684272300469485,4.9784798729246535,4.8529827798277925,5.077124492855069,4.799929948467782,4.850981461286805
2023-02-06,4.8,4.8,4.8,exact,4.8,1.0,5100.22,8.537038955036934,0.015485388603959649,-0.12417465608165767,0.5763358778625954,4.706592693509357,4.7527624309392245,4.708718409047918,4.7527624309392245,5.00364467212603,4.8529827798277925,5.106113426436062,4.859588184768357,4.9032863849765285
2023-02-07,,4.7,4.8,range,4.75,0.55,5117.06,8.540335334356827,0.01935747709285396,-0.11532609973513686,0.6083650190114068,4.691344711839744,4.7527624309392245,4.695000624600418,4.7527624309392245,4.991608517564766,4.8529827798277925,5.07174288768527,4.827570427544617,4.885869565217392
2023-02-08,4.8,4.8,4.8,exact,4.8,1.0,5089.44,8.534923083845598,0.014344828595646453,-0.11588251235121227,0.5606060606060606,4.716353574886936,4.7527624309392245,4.717523544047481,4.7527624309392245,5.0071900344249105,4.8529827798277925,5.073904166953132,4.875312411270515,4.9032863849765285
2023-02-09,4.7,4.7,4.7,exact,4.7,1.0,5160.82,8.548850760578683,0.029017051819987705,-0.09528976805583078,0.6490566037735849,4.651721690589019,4.684272300469485,4.659563931776546,4.684272300469485,4.9615823095518765,4.8529827798277925,4.993915557730131,4.786893305547765,4.850981461286805
2023-02-10,4.8,4.8,4.8,exact,4.8,1.0,5139.43,8.544697457358279,0.02507294561913076,-0.099039511674342,0.631578947368421,4.671089524788128,4.684272300469485,4.676847779536054,4.684272300469485,4.973842326846344,4.8529827798277925,5.00848072557203,4.804364749974592,4.850981461286805
2023-02-13,4.7,4.7,4.7,exact,4.7,1.0,5188.13,8.554128602948143,0.035100355133474315,-0.07376654074396738,0.704119850187266,4.626993520791091,4.65,4.637600347811791,4.65,4.942672726484709,4.8529827798277925,4.9103126637218475,4.731849629932704,4.850981461286805
2023-02-14,4.7,4.7,4.7,exact,4.7,1.0,5192.17,8.554907000528944,0.036105721245138334,-0.07304528218348527,0.7089552238805971,4.623335453929735,4.65,4.634361069442505,4.65,4.939547606295603,4.8529827798277925,4.9075110716506005,4.727015974847173,4.850981461286805
2023-02-15,4.7,4.7,4.7,exact,4.7,1.0,5180.86,8.55272634463923,0.0340345430599025,-0.07506444909414212,0.6914498141263941,4.633576230217343,4.65,4.643435804036535,4.65,4.945985739316818,4.8529827798277925,4.915354142523324,4.744515162758834,4.850981461286805
2023-02-16,4.8,4.8,4.8,exact,4.8,1.0,5109.81,8.538917500510397,0.02015897103459352,-0.0877489591739089,0.5777777777777777,4.697909312024109,4.7527624309392245,4.7009008979610485,4.7527624309392245,4.989117121774004,4.8529827798277925,4.964624715954532,4.858146797338992,4.9032863849765285
2023-02-17,4.8,4.8,4.8,exact,4.8,1.0,5054.77,8.528087630913998,0.00952165836641683,-0.09757521441374517,0.4944649446494465,4.74774594569961,4.77738589211618,4.745969078015882,4.77738589211618,5.022182569466605,4.8529827798277925,5.002792940608349,4.941430019087939,4.9032863849765285
2023-02-20,4.7,4.7,4.7,exact,4.7,1.0,5152.0,8.54714026778419,0.029276153953021744,-0.08021680603857662,0.6397058823529411,4.659707866261583,4.684272300469485,4.66668209664072,4.684272300469485,4.96077690612959,4.8529827798277925,4.935367495784755,4.796240703497713,4.850981461286805
2023-02-21,4.7,4.7,4.7,exact,4.7,1.0,5171.26,8.550871651542183,0.03343201716538835,-0.07677833082202046,0.6666666666666666,4.642268666323535,4.65,4.651154054168742,4.65,4.947858654880172,4.8529827798277925,4.9220113910094545,4.7692895016934616,4.850981461286805
2023-02-22,4.7,4.7,4.7,exact,4.7,1.0,5149.38,8.546631598061008,0.02932458670160565,-0.0806845529268101,0.6313868613138686,4.662080176948898,4.684272300469485,4.668798910556966,4.684272300469485,4.960626355838848,4.8529827798277925,4.937184369850762,4.804556767757153,4.850981461286805
2023-02-23,4.7,4.7,4.7,exact,4.7,1.0,5139.31,8.544674108192913,0.027552665545564237,-0.08248234344761585,0.6181818181818182,4.671198180239456,4.684272300469485,4.676944946392908,4.684272300469485,4.966134266354234,4.8529827798277925,4.944167546127359,4.817757117500115,4.885869565217392
2023-02-24,4.8,4.8,4.8,exact,4.8,1.0,5105.6,8.538093255523979,0.02112734394785787,-0.08850056772332227,0.5615942028985508,4.701721307441511,4.7527624309392245,4.704330968944504,4.7527624309392245,4.986106992720801,4.8529827798277925,4.967544196801054,4.874324620187498,4.9032863849765285
2023-02-27,4.8,4.8,4.8,exact,4.8,1.0,5076.6,8.53239702515851,0.015689304631163914,-0.09367791877628828,0.5126353790613718,4.727979708178967,4.77738589211618,4.728035662104439,4.77738589211618,5.003010811399967,4.8529827798277925,4.987654634936241,4.923266042884272,4.9032863849765285
2023-02-28,4.8,4.8,4.8,exact,4.8,1.0,5115.27,8.539985462916352,0.023767951198735204,-0.08677418894117805,0.5935251798561151,4.692965488988712,4.7527624309392245,4.696456604188633,4.7527624309392245,4.977898823641424,4.8529827798277925,4.960838405878045,4.842404992265099,4.9032863849765285
2023-03-01,4.7,4.7,4.7,exact,4.7,1.0,5169.95,8.550618296275825,0.03503841110737871,-0.07701220426613731,0.6666666666666666,4.643454821667192,4.662087912087912,4.65220838457045,4.662087912087912,4.942865275770287,4.8529827798277925,4.922919828042458,4.7692895016934616,4.850981461286805
2023-03-02,4.7,4.7,4.7,exact,4.7,1.0,5154.21,8.54756913543464,0.03224095074193878,-0.07982225618247119,0.6428571428571429,4.65770679503297,4.684272300469485,4.664897376675427,4.684272300469485,4.951561013337757,4.8529827798277925,4.933834941706176,4.793090563027086,4.850981461286805
2023-03-03,4.7,4.7,4.7,exact,4.7,1.0,5161.79,8.54903869754479,0.03405460233958735,-0.0784690037348339,0.6512455516014235,4.650843392357456,4.684272300469485,4.658781837684636,4.684272300469485,4.9459233862504135,4.8529827798277925,4.928578489255669,4.784705135724492,4.850981461286805
2023-03-06,4.7,4.7,4.7,exact,4.7,1.0,5154.66,8.547656438892785,0.03299598382345437,-0.079741917976477,0.6418439716312057,4.6572993370904925,4.684272300469485,4.664534065932301,4.684272300469485,4.949214038341174,4.8529827798277925,4.9335228831833895,4.7941033741476655,4.850981461286805
2023-03-07,4.8,4.8,4.8,exact,4.8,1.0,5066.12,8.53033051760836,0.015592198512178523,-0.09554890632922242,0.4876325088339223,4.7374689509282275,4.77738589211618,4.736635371780139,4.77738589211618,5.003312659939923,4.8529827798277925,4.994922131200268,4.948260026491879,4.9032863849765285
2023-03-08,4.8,4.8,4.8,exact,4.8,1.0,5071.47,8.531385995388913,0.017044152479129382,-0.09252976605864094,0.5,4.732624728723214,4.77738589211618,4.732243032404824,4.77738589211618,4.998799348218824,4.8529827798277925,4.983194853483955,4.9358969310288305,4.9032863849765285
2023-03-09,4.8,4.8,4.8,exact,4.8,1.0,5061.66,8.529449771721639,0.015478439635642216,-0.09428513146452233,0.4824561403508772,4.7415073118692295,4.77738589211618,4.740300569578878,4.77738589211618,5.0036662725767815,4.8529827798277925,4.990013237448744,4.953434555169396,4.9032863849765285
2023-03-10,,4.8,4.9,range,4.85,0.55,4993.51,8.515894348284569,0.0022847027522372443,-0.10647964241363628,0.4160839160839161,4.80321455360225,4.887190082644628,4.796711060835804,4.887190082644628,5.0446782114373665,4.8529827798277925,5.03738050219903,5.0197831891557305,4.918255319148939
2023-03-13,4.8,4.8,4.8,exact,4.8,1.0,5031.03,8.52338001350276,0.010248399865233404,-0.09976595127921584,0.4529616724738676,4.769241615820549,4.8,4.7655596877854975,4.8,5.019923537156025,4.8529827798277925,5.0113024424274855,4.9829185400050156,4.9032863849765285
2023-03-14,4.9,4.9,4.9,exact,4.9,1.0,4989.8,8.515151107782012,0.0024062491007614817,-0.1032958343816267,0.4097222222222222,4.806573817972455,4.896232876712329,4.7998040340701635,4.896232876712329,5.044300391911446,4.8529827798277925,5.025013603797316,5.026142621918822,4.918255319148939
2023-03-15,4.8,4.8,4.8,exact,4.8,1.0,5007.39,8.518670100249269,0.006309857157734466,-0.09491859962801819,0.43252595155709345,4.790646739732047,4.822602739726027,4.785159851634333,4.822602739726027,5.032166260665459,4.8529827798277925,4.9924738243748115,5.003346997576368,4.918255319148939
2023-03-16,4.9,4.9,4.9,exact,4.9,1.0,4937.71,8.504656939950502,-0.007385828935909666,-0.09646341084051402,0.3689655172413793,4.8537393384694925,4.902080706179068,4.843475201220073,4.902080706179068,5.074738478505636,4.8529827798277925,4.998474350512911,5.066884840989053,4.918255319148939
2023-03-17,4.9,4.9,4.9,exact,4.9,1.0,4967.68,8.510708209300432,-0.0011865333288648694,-0.0776868649173521,0.4020618556701031,4.826602639500473,4.896232876712329,4.8182930238914,4.896232876712329,5.055468340358906,4.8529827798277925,4.925540419373759,5.033800265792914,4.918255319148939
2023-03-20,4.9,4.9,4.9,exact,4.9,1.0,4948.42,8.50682361269096,-0.004915269171222092,-0.08126272950236801,0.3767123287671233,4.844041839438521,4.897808764940237,4.83445865708557,4.897808764940237,5.0670588918262744,4.8529827798277925,4.939430187091087,5.059140782865954,4.918255319148939
2023-03-21,,4.8,4.9,range,4.85,0.55,5009.77,8.519145284841464,0.007592479454286316,-0.06987231972611019,0.4402730375426621,4.7884917399473865,4.822602739726027,4.78318238509425,4.822602739726027,5.028179306273972,4.8529827798277925,4.895186300826386,4.995602665090994,4.9032863849765285
2023-03-22,4.8,4.8,4.8,exact,4.8,1.0,5034.08,8.523986067503829,0.01265620707997095,-0.0653588582483462,0.46938775510204084,4.766479956432644,4.8,4.763037612094742,4.8,5.012439013010095,4.8529827798277925,4.877654615820765,4.966498295600633,4.9032863849765285
2023-03-23,4.8,4.8,4.8,exact,4.8,1.0,5065.68,8.530243662360473,0.019039704624773224,-0.059491915315505906,0.5016949152542373,4.737867354249761,4.77738589211618,4.736996817309624,4.77738589211618,4.99259629420058,4.8529827798277925,4.854865588828677,4.934202618188133,4.9032863849765285
2023-03-24,4.8,4.8,4.8,exact,4.8,1.0,5060.34,8.529188953700007,0.01779653343932086,-0.060483354406055456,0.49324324324324326,4.742702521833831,4.77738589211618,4.7413859560145895,4.77738589211618,4.996460617182127,4.8529827798277925,4.8587166459216435,4.942651286272157,4.9032863849765285
2023-03-27,4.8,4.8,4.8,exact,4.8,1.0,5055.62,8.528255774774324,0.016835221784126997,-0.06135968259096081,0.48484848484848486,4.746976302919375,4.77738589211618,4.745269352344678,4.77738589211618,4.999448796738623,4.8529827798277925,4.862120576535652,4.95104306096841,4.9032863849765285
2023-03-28,4.8,4.8,4.8,exact,4.8,1.0,5027.03,8.522584631448789,0.011173271244165006,-0.06666778064317291,0.45302013422818793,4.772863464198129,4.8,4.768869646534462,4.8,5.017048630010168,4.8529827798277925,4.882738876589569,4.982860099029405,4.9032863849765285
2023-03-29,4.8,4.8,4.8,exact,4.8,1.0,5021.84,8.52155167939319,0.010257177023626829,-0.06763137032106648,0.43812709030100333,4.777562812468039,4.8,4.7731682457757,4.8,5.019896253886199,4.8529827798277925,4.886481757921497,4.997747849611526,4.9032863849765285
2023-03-30,4.8,4.8,4.8,exact,4.8,1.0,5040.63,8.525286353253565,0.014167762461376965,-0.06414276722903911,0.47,4.760549179714356,4.8,4.757626511640559,4.8,5.007740433871035,4.8529827798277925,4.872930940922088,4.965886268309197,4.9032863849765285
2023-03-31,4.8,4.8,4.8,exact,4.8,1.0,5074.03,8.531890652636822,0.02098445886525835,-0.05794163134432828,0.5282392026578073,4.730306745761563,4.77738589211618,4.7301429162850255,4.77738589211618,4.9865511424202715,4.8529827798277925,4.84884380479754,4.907667765261044,4.9032863849765285
2023-04-03,,4.7,4.8,range,4.75,0.55,5128.98,8.542662087986072,0.03211438130564659,-0.047739463174721664,0.6225165562913907,4.680551603674557,4.684272300469485,4.685317908610848,4.684272300469485,4.951954446830383,4.8529827798277925,4.809215417670477,4.813423920060447,4.850981461286805
2023-04-04,,4.7,4.8,range,4.75,0.55,5125.26,8.541936534427116,0.03140701846993066,-0.04843012860858753,0.6138613861386139,4.683919922665706,4.75,4.6883372781557355,4.75,4.954153241730342,4.8529827798277925,4.811898176544228,4.822076013958133,4.885869565217392
2023-04-06,4.8,4.8,4.8,exact,4.8,1.0,5123.78,8.541647726888012,0.03109199431517906,-0.048704909480125735,0.6118421052631579,4.685260006565411,4.7527624309392245,4.6895391421355015,4.7527624309392245,4.9551324753992,4.8529827798277925,4.812965510719807,4.824094577132728,4.885869565217392
2023-04-07,,4.7,4.8,range,4.75,0.55,5162.81,8.549236283892604,0.03887570476315583,-0.04145849230706378,0.6786885245901639,4.6499198210211725,4.684272300469485,4.657959587977899,4.684272300469485,4.93093727885845,4.8529827798277925,4.784818177697618,4.757271916626648,4.850981461286805
2023-04-10,,4.7,4.8,range,4.75,0.55,5121.36,8.54117530776148,0.030478406566203153,-0.049154213337640695,0.6078431372549019,4.687451224833847,4.7527624309392245,4.691505100272522,4.7527624309392245,4.95703977607292,4.8529827798277925,4.814710746331227,4.828092123811827,4.885869565217392
2023-04-11,,4.7,4.8,range,4.75,0.55,5124.77,8.54184092495078,0.03120602061070321,-0.04852110335659676,0.6123778501628665,4.684363599091959,4.75,4.6887351541464,4.75,4.954778031506475,4.8529827798277925,4.812251550696954,4.823559022649608,4.885869565217392
2023-04-12,,4.7,4.8,range,4.75,0.55,5139.65,8.544740262745536,0.03419598664387791,-0.04575844162113285,0.6461038961038961,4.670890323127362,4.684272300469485,4.67666964619076,4.684272300469485,4.945483901630199,4.8529827798277925,4.801520515201945,4.789844963754319,4.850981461286805
2023-04-13,4.8,4.8,4.8,approx,4.8,0.5,5105.75,8.538122634597267,0.027428599734117487,-0.05205240888136331,0.56957928802589,4.701585488127352,4.7527624309392245,4.704208708805261,4.7527624309392245,4.9665199174793635,4.8529827798277925,4.825968237196622,4.8663423731509585,4.9032863849765285
2023-04-14,,4.7,4.8,range,4.75,0.55,5131.82,8.543215651075212,0.032704358633728114,-0.047212180961770156,0.6258064516129033,4.677980091326475,4.684272300469485,4.683014272288084,4.684272300469485,4.950120537732284,4.8529827798277925,4.80716728992815,4.810135194046649,4.850981461286805
2023-04-17,,4.7,4.8,range,4.75,0.55,5168.22,8.550283614215818,0.03995256859120855,-0.04045405682394143,0.6945337620578779,4.645021271090496,4.662087912087912,4.653601154003844,4.662087912087912,4.927589912311159,4.8529827798277925,4.780916638582833,4.741432310936422,4.850981461286805
2023-04-18,,4.7,4.8,range,4.75,0.55,5167.22,8.550090105278972,0.03967668707332095,-0.04063971957498069,0.6858974358974359,4.645926733184891,4.684272300469485,4.654406435686177,4.684272300469485,4.928447473443715,4.8529827798277925,4.781637810323089,4.75006556753938,4.850981461286805
2023-04-19,,4.7,4.8,range,4.75,0.55,5134.1,8.543659839231264,0.03283158383976059,-0.046788869889400564,0.6293929712460063,4.675915637751253,4.684272300469485,4.681165796494632,4.684272300469485,4.949725065818796,4.8529827798277925,4.805523018360366,4.806549949148656,4.850981461286805
2023-04-20,,4.7,4.8,range,4.75,0.55,5123.43,8.541579415611062,0.030584364102756778,-0.04876989144298938,0.5987261146496815,4.685576918298449,4.7527624309392245,4.6898234174817475,4.7527624309392245,4.956710413432952,4.8529827798277925,4.8132179208288965,4.837205906008516,4.9032863849765285
2023-04-21,4.8,4.8,4.8,exact,4.8,1.0,5003.55,8.517902939485477,0.0064132391593392235,-0.07102714203757432,0.40634920634920635,4.794123714174524,4.822602739726027,4.788352368324013,4.822602739726027,5.031844903921227,4.8529827798277925,4.899671989050778,5.029514438941086,4.918255319148939
2023-04-24,4.9,4.9,4.9,exact,4.9,1.0,4959.07,8.50897350213865,-0.002505869422841589,-0.07928542120380011,0.3670886075949367,4.834398668133215,4.896232876712329,4.825511956124494,4.896232876712329,5.059569417385142,4.8529827798277925,4.931749708057362,5.068761083536784,4.918255319148939
2023-04-25,4.9,4.9,4.9,exact,4.9,1.0,4902.1,8.497418963716786,-0.013920995143344217,-0.08986262813050594,0.29337539432176657,4.885982843650899,4.902080706179068,4.8735958239321135,4.902080706179068,5.0950526502457265,4.873664122137405,4.9728348620997425,5.14244809736574,4.9581967213114755
2023-04-26,4.9,4.9,4.9,exact,4.9,1.0,4915.13,8.500073481875429,-0.011266460499484321,-0.08744344248446456,0.31446540880503143,4.874184672560932,4.902080706179068,4.862549125606925,4.902080706179068,5.086801188701559,4.8529827798277925,4.963437994324208,5.121365578779526,4.95
2023-04-27,4.9,4.9,4.9,exact,4.9,1.0,4932.27,8.503554607311356,-0.007806358221036924,-0.08426118293165186,0.335423197492163,4.858665052263,4.902080706179068,4.848062525695141,4.902080706179068,5.076045668537022,4.8529827798277925,4.951077110696221,5.100415238993224,4.918255319148939
2023-04-28,4.9,4.9,4.9,exact,4.9,1.0,4998.81,8.516955163089744,0.00547262602027776,-0.07190718347750036,0.40625,4.798415604501956,4.887190082644628,4.7922965115913385,4.887190082644628,5.034768743383205,4.8529827798277925,4.903090343099591,5.029613610029976,4.918255319148939
2023-05-04,,4.8,4.9,range,4.85,0.55,5010.52,8.51929498110802,0.007601668161006936,-0.06973307266283069,0.4236760124610592,4.78781264337659,4.822602739726027,4.782559428535578,4.822602739726027,5.028150743730883,4.8529827798277925,4.894645422021194,5.012193791191757,4.918255319148939
2023-05-05,4.9,4.9,4.9,exact,4.9,1.0,4976.58,8.512498187112017,0.0005690435102954083,-0.07603446643310285,0.38509316770186336,4.818544026860358,4.896232876712329,4.81084408449388,4.896232876712329,5.050011235171121,4.8529827798277925,4.919121990885481,5.0507629226824085,4.918255319148939
2023-05-08,,4.8,4.9,range,4.85,0.55,5021.7,8.521523800776684,0.009162797080550122,-0.06765736310621207,0.43034055727554177,4.777689577161254,4.817741935483871,4.7732842618086835,4.817741935483871,5.023298068225256,4.8529827798277925,4.886582721965133,5.005531615116369,4.918255319148939
2023-05-09,4.9,4.9,4.9,exact,4.9,1.0,4965.36,8.510241081403597,-0.0026516335044359796,-0.0781176024997633,0.3765432098765432,4.82870331155947,4.896232876712329,4.820236962733489,4.896232876712329,5.060022516280114,4.8529827798277925,4.927213537811152,5.059309841647623,4.918255319148939
2023-05-10,4.9,4.9,4.9,exact,4.9,1.0,4951.69,8.507484211435605,-0.005755070803947104,-0.08065561230646978,0.3507692307692308,4.84108097838985,4.897808764940237,4.831709595067544,4.897808764940237,5.069669364774213,4.8529827798277925,4.937071955500451,5.0850746600645005,4.918255319148939
2023-05-11,4.9,4.9,4.9,exact,4.9,1.0,4950.45,8.507233760521665,-0.00636244365443106,-0.0808858341177584,0.3496932515337423,4.8422037513869,4.897808764940237,4.832751839093099,4.897808764940237,5.071557346809155,4.8529827798277925,4.937966208458368,5.086150256871158,4.918255319148939
2023-05-12,4.9,4.9,4.9,exact,4.9,1.0,4888.84,8.494710335514178,-0.01891907021902073,-0.09232451620928639,0.27217125382262997,4.897989271022577,4.905445544554455,4.884867699595077,4.905445544554455,5.1105888665001284,4.935148514851484,4.9823975993755365,5.163644701404703,5.010714285714287
2023-05-15,4.9,4.9,4.9,exact,4.9,1.0,4948.33,8.506805424902039,-0.007197108213418568,-0.08127943914996161,0.3475609756097561,4.844123331027017,4.897808764940237,4.83453434502794,4.897808764940237,5.074151851471845,4.8529827798277925,4.939495092547711,5.088281774933132,4.918255319148939
2023-05-16,4.9,4.9,4.9,exact,4.9,1.0,4913.2,8.499680739664939,-0.014508468427496757,-0.0878017715939704,0.3009118541033435,4.8759322144031145,4.902080706179068,4.864183510628827,4.902080706179068,5.096878775673633,4.873664122137405,4.964829855782902,5.134914316222752,4.9581967213114755
2023-05-17,4.9,4.9,4.9,exact,4.9,1.0,4916.86,8.500425394360663,-0.014034935543641436,-0.08712224592516682,0.3151515151515151,4.8726182231376285,4.902080706179068,4.861084652271678,4.902080706179068,5.095406827138296,4.873664122137405,4.962190367213566,5.120679716291695,4.918255319148939
2023-05-18,4.9,4.9,4.9,exact,4.9,1.0,4924.36,8.501949595923477,-0.012746879740358152,-0.08572977529237247,0.32326283987915405,4.865827257429666,4.902080706179068,4.854741732824564,4.902080706179068,5.0914029830173995,4.8529827798277925,4.956781579161646,5.112571274523437,4.918255319148939
2023-05-19,4.9,4.9,4.9,exact,4.9,1.0,4916.98,8.500449799882821,-0.014394888357286861,-0.08709996639504214,0.31626506024096385,4.8725095676863015,4.902080706179068,4.8609830894174735,4.902080706179068,5.096525718845504,4.873664122137405,4.962103826604735,5.119566566982883,4.918255319148939
2023-05-22,4.9,4.9,4.9,exact,4.9,1.0,4934.47,8.504000549950254,-0.011071362398139661,-0.08385272487936557,0.34234234234234234,4.856673035655332,4.902080706179068,4.846206748673538,4.902080706179068,5.086194737968543,4.8529827798277925,4.949490532867658,5.0934985533731,4.918255319148939
2023-05-23,5.0,5.0,5.0,exact,5.0,1.0,4873.94,8.4916579238919,-0.02330782530914799,-0.09509089119977132,0.2634730538922156,4.911480656229063,4.9687793427230025,4.897570219728834,4.9687793427230025,5.1242310481671565,5.009009393680615,4.99314305830535,5.172339809786211,5.010714285714287
2023-05-24,5.0,5.0,5.0,exact,5.0,1.0,4833.62,8.483350948326594,-0.03147438739645947,-0.10257681332167368,0.22686567164179106,4.94798888787507,5.0,4.932139451348462,5.0,5.149616316039768,5.009009393680615,5.0222207028724695,5.208934180894854,5.010714285714287
2023-05-25,5.0,5.0,5.0,exact,5.0,1.0,4824.01,8.481360811373364,-0.03344960312088363,-0.10436103235916083,0.22023809523809523,4.956690378602206,5.0,4.940421347057693,5.0,5.155756155513787,5.009009393680615,5.029151163296328,5.215559401698916,5.042857142857144
2023-05-26,5.0,5.0,5.0,exact,5.0,1.0,4841.93,8.485068680557484,-0.029926335684126948,-0.10103395586053743,0.23738872403560832,4.940464497870647,5.0,4.924991159785151,5.0,5.14480429024751,5.009009393680615,5.0162277657109415,5.1984148686462825,5.010714285714287
2023-05-29,5.0,5.0,5.0,exact,5.0,1.0,4824.92,8.481549433324751,-0.033370192891301276,-0.10419207925571505,0.22189349112426035,4.955866408096306,5.0,4.939636402419929,5.0,5.155509313583459,5.009009393680615,5.0284948970126955,5.213904594180158,5.042857142857144
2023-05-30,5.0,5.0,5.0,exact,5.0,1.0,4841.24,8.484926165244593,-0.030088174457992167,-0.10116206315875464,0.23893805309734514,4.94108926671578,5.0,4.925584233018839,5.0,5.145307356358172,5.009009393680615,5.016725374211719,5.196866090253259,5.010714285714287
2023-05-31,5.0,5.0,5.0,exact,5.0,1.0,4814.79,8.479447709573956,-0.03534572877778053,-0.10607284292374264,0.20588235294117646,4.965038739112528,5.0,4.9483826632666705,5.0,5.161650148262002,5.014159292035399,5.035800366741488,5.229910041620659,5.075
2023-06-01,5.0,5.0,5.0,exact,5.0,1.0,4825.01,8.4815680863098,-0.03338402196916246,-0.10417536960812157,0.22580645161290322,4.9557849165078105,5.0,4.939558778577712,5.0,5.155552300441599,5.009009393680615,5.028429991556073,5.209993024451536,5.010714285714287
2023-06-02,5.0,5.0,5.0,exact,5.0,1.0,4877.55,8.492398323597978,-0.02294332710325775,-0.09442064866851951,0.2807017543859649,4.9082119380682965,4.9687793427230025,4.8944890683844875,4.9687793427230025,5.123098027381092,5.009009393680615,4.990539628323026,5.155117232785896,5.0
2023-06-05,5.0,5.0,5.0,exact,5.0,1.0,4871.86,8.491231073344673,-0.024145450541116498,-0.09547706972193293,0.27405247813411077,4.913364017385405,4.9687793427230025,4.899346545579085,4.9687793427230025,5.126834755904029,5.009009393680615,4.994643095525083,5.161764145725469,5.010714285714287
2023-06-06,5.0,5.0,5.0,exact,5.0,1.0,4799.35,8.47623577105965,-0.03867264310818963,-0.10893947579978858,0.18604651162790697,4.979019073849987,5.0,4.961749049814472,5.0,5.171991661687569,5.107692307692308,5.04693525841104,5.249738832800109,5.139005235602093
2023-06-07,5.0,5.0,5.0,exact,5.0,1.0,4794.77,8.475281019535196,-0.03955933004521417,-0.10978981119954834,0.17681159420289855,4.9831660902423165,5.009016393442623,4.965722219872411,5.009016393442623,5.17474787478861,5.107692307692308,5.0502382249814115,5.258970467913938,5.139005235602093
2023-06-08,5.0,5.0,5.0,exact,5.0,1.0,4799.24,8.476212851026604,-0.03858479322577657,-0.10895989870240297,0.18786127167630057,4.979118674680371,5.0,4.9618444308499505,5.0,5.171718585603191,5.107692307692308,5.047014587302468,5.247924717760968,5.139005235602093
2023-06-09,5.0,5.0,5.0,exact,5.0,1.0,4827.0,8.481980435660493,-0.03296348797885251,-0.10380590073355345,0.2334293948126801,4.953983046939965,5.0,4.937842799025319,5.0,5.154245095784434,5.009009393680615,5.026994859792963,5.20237279062863,5.010714285714287
2023-06-12,5.0,5.0,5.0,exact,5.0,1.0,4844.86,8.485673628138542,-0.029318264487429913,-0.10048996399999255,0.2614942528735632,4.9378114939340705,5.0,4.922473688428347,5.0,5.142914137445298,5.009009393680615,5.014114732511993,5.174317907491515,5.010714285714287
2023-06-13,5.0,5.0,5.0,exact,5.0,1.0,4866.3,8.49008917372418,-0.024896688101666897,-0.09650935461771104,0.27507163323782235,4.9183983866302405,4.9687793427230025,4.904098526869618,4.9687793427230025,5.1291699327516,5.009009393680615,4.998652810400905,5.160745352853929,5.010714285714287
2023-06-14,5.0,5.0,5.0,exact,5.0,1.0,4870.51,8.490953933386194,-0.023927270115453925,-0.09572771443583583,0.2857142857142857,4.914586391212837,4.9687793427230025,4.900499855269288,4.9687793427230025,5.12615655515189,5.009009393680615,4.995616677374428,5.150106483031449,5.0
2023-06-15,4.9,4.9,4.9,exact,4.9,1.0,4921.72,8.501413341888721,-0.013553891233788029,-0.08621992495511588,0.3561253561253561,4.868217677358868,4.902080706179068,4.8569733380325815,4.902080706179068,5.093911529786281,4.873664122137405,4.958685472555921,5.0797204384038075,4.918255319148939
2023-06-16,4.9,4.9,4.9,exact,4.9,1.0,4965.48,8.510265248543538,-0.004760389230990647,-0.07809532296963861,0.42613636363636365,4.828594656108143,4.896232876712329,4.82013639189978,4.896232876712329,5.066577456832108,4.8529827798277925,4.927126997202322,5.0097343144842785,4.918255319148939
2023-06-19,4.9,4.9,4.9,exact,4.9,1.0,4949.89,8.507120633093596,-0.00778186514807222,-0.08098980525834032,0.3937677053824363,4.842710810159761,4.897808764940237,4.833222615518608,4.897808764940237,5.075969533290442,4.8529827798277925,4.938370064632911,5.04209146814061,4.918255319148939
2023-06-20,4.9,4.9,4.9,exact,4.9,1.0,4941.42,8.50540801826902,-0.009387068999217152,-0.08256236875964273,0.3813559322033898,4.850380074099286,4.902080706179068,4.840349611147829,4.902080706179068,5.0809592130743955,4.8529827798277925,4.944478389272879,5.054498829877738,4.918255319148939
2023-06-21,5.0,5.0,5.0,exact,5.0,1.0,4853.02,8.487356470558892,-0.026928430622364385,-0.09897495595151218,0.2591549295774648,4.930422923243806,5.0,4.915470589773356,5.0,5.1354854823775815,5.009009393680615,5.008229971111503,5.176656399335998,5.010714285714287
2023-06-26,5.0,5.0,5.0,exact,5.0,1.0,4770.78,8.470265092526699,-0.04315641774616552,-0.11424386059698,0.14606741573033707,5.004888125886853,5.025,4.9865958508564745,5.025,5.1859292059134665,5.107692307692308,5.067539135030152,5.289703719167986,5.2
2023-06-27,5.0,5.0,5.0,exact,5.0,1.0,4828.32,8.482253860054138,-0.03139882930761129,-0.10356082590218174,0.23249299719887956,4.9527878369753635,5.0,4.936704951547611,5.0,5.1493814482576035,5.009009393680615,5.026042913095826,5.203308855424256,5.010714285714287
2023-06-28,5.0,5.0,5.0,exact,5.0,1.0,4815.63,8.479622156794768,-0.03367303031700153,-0.10591688621286965,0.20949720670391062,4.964278150953236,5.0,4.94765670634839,5.0,5.156450665536835,5.009009393680615,5.035194582479673,5.226296472663665,5.075
2023-06-29,5.0,5.0,5.0,exact,5.0,1.0,4818.68,8.480255310617283,-0.03276443338962021,-0.10535061482219998,0.21727019498607242,4.961516491565331,5.0,4.945021855557108,5.0,5.153626346546394,5.009009393680615,5.032995008671892,5.218526247087995,5.042857142857144
2023-06-30,5.0,5.0,5.0,exact,5.0,1.0,4859.89,8.488771082893537,-0.024243535308490438,-0.09769945285187254,0.28055555555555556,4.9242023986553125,4.9687793427230025,4.909583722638153,4.9687793427230025,5.1271396465137355,5.009009393680615,5.003275521255945,5.155263379653734,5.0
2023-07-03,4.9,4.9,4.9,exact,4.9,1.0,4900.64,8.497121087814579,-0.01589554882623123,-0.09013369574702323,0.32132963988919666,4.887304818308715,4.902080706179068,4.874835425635084,4.902080706179068,5.101190431803381,4.873664122137405,4.973887772840516,5.114503787407745,4.918255319148939
2023-07-04,4.9,4.9,4.9,exact,4.9,1.0,4914.69,8.499983958364256,-0.01284128048704114,-0.08752513409492191,0.34806629834254144,4.874583075882466,4.902080706179068,4.86292167503467,4.902080706179068,5.091696422070003,4.8529827798277925,4.963755309889921,5.087776631804168,4.918255319148939
2023-07-05,,4.9,5.0,range,4.95,0.55,4877.96,8.492482378660243,-0.0199102662826387,-0.09434452694059348,0.30578512396694213,4.907840698609594,4.95,4.894139275744145,4.95,5.113669939945749,4.935148514851484,4.990243947909521,5.130042778436162,4.9581967213114755
2023-07-06,5.0,5.0,5.0,exact,5.0,1.0,4856.98,8.488172124569097,-0.02376024195698545,-0.09823973145739695,0.27197802197802196,4.926837293350003,4.9687793427230025,4.912076269881773,4.9687793427230025,5.125637358150795,5.009009393680615,5.0053741310200905,5.163837864570078,5.010714285714287
2023-07-07,5.0,5.0,5.0,exact,5.0,1.0,4831.17,8.482843953337055,-0.028514538187626948,-0.10303168706171983,0.2410958904109589,4.950207270006338,5.0,4.93424929591049,5.0,5.140415802503541,5.009009393680615,5.023987573636096,5.194709019886789,5.010714285714287
2023-07-10,5.0,5.0,5.0,exact,5.0,1.0,4845.36,8.485776824970078,-0.02531916404096346,-0.10039713262447292,0.2650273224043716,4.9373587628868725,5.0,4.922044237884798,5.0,5.130483173840581,5.009009393680615,5.0137541466418645,5.170786093698368,5.010714285714287
2023-07-11,,4.9,5.0,range,4.95,0.55,4879.53,8.492804182733535,-0.018073241453538835,-0.09328707660975644,0.3133514986376022,4.9064191231213945,4.95,4.892800097669252,4.95,5.107959658571926,4.935148514851484,4.986136482674544,5.122479093036561,4.95
2023-07-12,5.0,5.0,5.0,exact,5.0,1.0,4830.43,8.482690769599072,-0.0275579789185606,-0.10241082511390753,0.23641304347826086,4.95087731195619,5.0,4.934886765477728,5.0,5.137442395453957,5.009009393680615,5.021575953163728,5.199390202423356,5.010714285714287
2023-07-13,,4.9,5.0,range,4.95,0.55,4891.43,8.495239973256398,-0.014888906033448612,-0.09107582188064434,0.3224932249322493,4.8956441241980935,4.905445544554455,4.88266362789156,4.905445544554455,5.09806134312768,4.873664122137405,4.977547283105881,5.113340615930729,4.918255319148939
2023-07-14,4.9,4.9,4.9,exact,4.9,1.0,4889.74,8.494894411321205,-0.014852717042065144,-0.09138985721612336,0.3216216216216216,4.897174355137621,4.905445544554455,4.8841016736017835,4.905445544554455,5.0979488518209966,4.873664122137405,4.978767093800927,5.1142119094526315,4.918255319148939
2023-07-17,5.0,5.0,5.0,exact,5.0,1.0,4862.88,8.489386133973477,-0.019923829897627643,-0.09345830979771486,0.2857142857142857,4.921495066993072,4.9687793427230025,4.907024205871409,4.9687793427230025,5.11371210162849,4.935148514851484,4.9868016055139845,5.150106483031449,5.0
2023-07-18,5.0,5.0,5.0,exact,5.0,1.0,4851.57,8.487057642888523,-0.021826714139723036,-0.08960629300687373,0.2661290322580645,4.93173584328068,5.0,4.916714152231215,5.0,5.119627103032963,5.0,4.97183917693315,5.1696847754187845,5.010714285714287
2023-07-19,5.0,5.0,5.0,exact,5.0,1.0,4844.29,8.48555597075876,-0.022928699565697208,-0.09097237989975782,0.26005361930294907,4.938327607327875,5.0,4.922963316113112,5.0,5.123052558558922,5.009009393680615,4.977145482351805,5.1757580290264,5.010714285714287
2023-07-20,5.0,5.0,5.0,exact,5.0,1.0,4796.91,8.475727239599982,-0.03214584607806159,-0.09637526090134363,0.17379679144385027,4.981228401360311,5.0,4.963865288351229,5.0,5.151703505032593,5.009009393680615,4.998131948794316,5.261984199139768,5.139005235602093
2023-07-21,5.0,5.0,5.0,exact,5.0,1.0,4791.52,8.474602967833334,-0.03293967882533966,-0.0932982121501128,0.16,4.9861088420490995,5.01,4.968543911852535,5.01,5.154171086460403,5.009009393680615,4.98617973656889,5.275776086872985,5.167714285714286
2023-07-24,5.0,5.0,5.0,exact,5.0,1.0,4779.82,8.472158167872697,-0.03497770629757624,-0.09551220915270153,0.14893617021276595,4.996702748553522,5.01,4.978717874137423,5.01,5.160506172480853,5.014159292035399,4.994779587978723,5.2868359843097155,5.167714285714286
2023-07-25,4.9,4.9,4.9,exact,4.9,1.0,4885.71,8.494069896802015,-0.013336069499061853,-0.07547459012670876,0.32625994694960214,4.900823367378033,4.905445544554455,4.887532866237841,4.905445544554455,5.09323444400338,4.873664122137405,4.916947257569562,5.109575232696736,4.918255319148939
2023-07-26,,4.9,5.0,range,4.95,0.55,4867.53,8.490341900555558,-0.01679640336059629,-0.0789148008538082,0.30158730158730157,4.917284668254135,4.9687793427230025,4.903046811681371,4.9687793427230025,5.103990684030037,4.873664122137405,4.930310103606379,5.134239108809033,4.9581967213114755
2023-07-27,5.0,5.0,5.0,exact,5.0,1.0,4847.07,8.486129677663932,-0.020641650159790248,-0.0827864571506427,0.2717678100263852,4.935810422705457,5.0,4.920575851899358,5.0,5.115943402810624,4.935148514851484,4.94534881812306,5.164048001807345,5.010714285714287
2023-07-28,4.9,4.9,4.9,exact,4.9,1.0,4924.52,8.501982086927534,-0.004759833729177654,-0.06813055391555778,0.4,4.865682383494562,4.902080706179068,4.854606522478036,4.902080706179068,5.066575730088078,4.8529827798277925,4.888420741910108,5.035861388630052,4.918255319148939
2023-07-31,4.9,4.9,4.9,exact,4.9,1.0,4959.94,8.509148922871614,0.002635953723101103,-0.06142800914361857,0.46194225721784776,4.833610916111091,4.896232876712329,4.824781947964361,4.896232876712329,5.0435863688859275,4.8529827798277925,4.862385978069401,4.973941147176277,4.9032863849765285
2023-08-01,4.9,4.9,4.9,exact,4.9,1.0,4948.38,8.506815529270057,0.0005082628397832245,-0.06361551387438125,0.4319371727748691,4.844078057922297,4.897808764940237,4.834492296001116,4.897808764940237,5.050200168235724,4.8529827798277925,4.870882925274329,5.00393556709249,4.918255319148939
2023-08-02,4.9,4.9,4.9,exact,4.9,1.0,4926.31,8.502345508084877,-0.0037376456782240997,-0.067791831297213,0.39947780678851175,4.8640616063455955,4.902080706179068,4.853094156146277,4.902080706179068,5.063398319910795,4.8529827798277925,4.887105038147406,5.036383396241547,4.918255319148939
2023-08-03,4.9,4.9,4.9,exact,4.9,1.0,4948.64,8.506868070337987,0.00094277100240725,-0.06356631394099033,0.4375,4.843842637777755,4.897808764940237,4.834273647910422,4.897808764940237,5.048849525703026,4.8529827798277925,4.870691817465222,4.998374717029594,4.9032863849765285
2023-08-04,4.9,4.9,4.9,exact,4.9,1.0,4967.31,8.51063372507847,0.004909576163483642,-0.0600333802625006,0.4753246753246753,4.826937660475399,4.896232876712329,4.818602987764628,4.896232876712329,5.036518950053716,4.8529827798277925,4.856968806711241,4.96056348550186,4.9032863849765285
2023-08-07,4.9,4.9,4.9,exact,4.9,1.0,4934.83,8.50407350345256,-0.0014394498320143834,-0.06617958732609719,0.41450777202072536,4.85634706930135,4.902080706179068,4.845903154844613,4.902080706179068,5.056254516122124,4.8529827798277925,4.880842582248964,5.021358773019513,4.918255319148939
2023-08-08,4.9,4.9,4.9,exact,4.9,1.0,4918.2,8.50069788888704,-0.004557830587473943,-0.0693264907579818,0.3850129198966408,4.871404903931139,4.902080706179068,4.8599506744089425,4.902080706179068,5.0659478154517315,4.8529827798277925,4.893066131731487,5.050843141965636,4.918255319148939
2023-08-09,4.9,4.9,4.9,exact,4.9,1.0,4889.41,8.494826920792862,-0.01015606867752894,-0.07477443722845434,0.32989690721649484,4.897473157628772,4.905445544554455,4.884382533427122,4.905445544554455,5.083349602398469,4.8529827798277925,4.914227646439956,5.105939565092765,4.918255319148939
2023-08-10,4.9,4.9,4.9,exact,4.9,1.0,4898.82,8.496749638771279,-0.008003886386283021,-0.07299377810073127,0.3444730077120823,4.888952759320515,4.902080706179068,4.876381199775359,4.902080706179068,5.076659672977758,4.8529827798277925,4.907311013810339,5.091368645292942,4.918255319148939
2023-08-11,5.0,5.0,5.0,exact,5.0,1.0,4798.58,8.476075319795337,-0.028089201958380272,-0.09196224472803793,0.17435897435897435,4.9797162796626715,5.0,4.962416762976275,5.0,5.139093670375001,5.009009393680615,4.98099042452159,5.261422216037937,5.139005235602093
2023-08-14,5.0,5.0,5.0,exact,5.0,1.0,4789.02,8.4740810765711,-0.029838643453248714,-0.0937712884327172,0.15217391304347827,4.988372497285088,5.01,4.970715746810107,5.01,5.1445317042134615,5.009009393680615,4.988017311656461,5.283599392250472,5.167714285714286
2023-08-15,5.0,5.0,5.0,exact,5.0,1.0,4764.97,8.469046520160823,-0.034472307364807,-0.09832228227137174,0.13010204081632654,5.0101488606552875,5.028021978021978,4.9916669034953145,5.028021978021978,5.158935170245921,5.014159292035399,5.005694783998895,5.3056634196047785,5.254240282685513
2023-08-16,5.1,5.1,5.1,exact,5.1,1.0,4722.82,8.460161357799969,-0.04268771740462185,-0.10629834839608232,0.0916030534351145,5.048314087934038,5.0769320843091315,5.028642242259188,5.0769320843091315,5.1844722790457265,5.107692307692308,5.036676299975344,5.34414872352237,5.275743855109962
2023-08-17,,5.0,5.1,range,5.05,0.55,4755.59,8.467076047198093,-0.0357218558865966,-0.10009726448370349,0.12436548223350254,5.018642095100713,5.0769320843091315,4.999866968093237,5.0769320843091315,5.162819316794533,5.014159292035399,5.012589365727462,5.311397939277075,5.254240282685513
2023-08-18,5.1,5.1,5.1,exact,5.1,1.0,4683.69,8.451841539777647,-0.04991500071163735,-0.11370293837140666,0.06329113924050633,5.083744819687716,5.089882697947214,5.063264917381524,5.089882697947214,5.206937855230459,5.180448979591837,5.065438025246007,5.372450574983533,5.325786924939468
2023-08-21,,5.1,5.2,range,5.15,0.55,4630.06,8.440325105959596,-0.06039102374075778,-0.12385137078583641,0.03282828282828283,5.13230475181012,5.182258064516129,5.111190214014272,5.182258064516129,5.239501943764979,5.198360655737705,5.104857686024582,5.402902604165852,5.407410881801126
2023-08-22,5.1,5.1,5.1,exact,5.1,1.0,4661.4,8.44707111118443,-0.053582437160322516,-0.11792088650710764,0.05289672544080604,5.1039275697717805,5.089882697947214,5.083116914015839,5.089882697947214,5.2183378612134295,5.180448979591837,5.081821844726791,5.38284129435923,5.339534883720931
2023-08-23,5.2,5.2,5.2,exact,5.2,1.0,4579.47,8.429338549888076,-0.06972628285393001,-0.13342454244061952,0.022613065326633167,5.178112079165564,5.196289062500002,5.156910440172709,5.196289062500002,5.268520036165979,5.292654867256638,5.142042855496671,5.41311419093416,5.51861313868613
2023-08-24,5.2,5.2,5.2,exact,5.2,1.0,4600.32,8.43388114527503,-0.06500350761891893,-0.12947908624369875,0.03007518796992481,5.159233194497428,5.18409090909091,5.138006564646496,5.18409090909091,5.253839572935416,5.2111721611721595,5.126717479266328,5.405654720508256,5.407410881801126
2023-08-25,5.2,5.2,5.2,exact,5.2,1.0,4550.02,8.42288690753973,-0.07469712366940284,-0.1389973810496995,0.02,5.204777937845497,5.196289062500002,5.183758757820158,5.196289062500002,5.283971596357867,5.292654867256638,5.163689490028258,5.415726327514695,5.51861313868613
2023-08-28,5.2,5.2,5.2,exact,5.2,1.0,4598.06,8.433389754389793,-0.06440512801525888,-0.12990674720317297,0.032418952618453865,5.161279538830761,5.18409090909091,5.140051473192813,5.18409090909091,5.25197954586821,5.2111721611721595,5.1283786471454915,5.403311788889905,5.407410881801126
2023-08-29,5.1,5.1,5.1,exact,5.1,1.0,4690.31,8.453253957336967,-0.045187300698567134,-0.11245023237507001,0.08208955223880597,5.07775066062282,5.089882697947214,5.057387183738527,5.089882697947214,5.192242083623015,5.115562913907286,5.060572126414118,5.353658843392146,5.275743855109962
2023-08-30,5.1,5.1,5.1,exact,5.1,1.0,4700.68,8.455462458083948,-0.042679452859418765,-0.10730536374892696,0.08684863523573201,5.068361018703944,5.089882697947214,5.048196573599576,5.089882697947214,5.184446589203222,5.107692307692308,5.04058786010472,5.3489014518874765,5.275743855109962
2023-08-31,5.1,5.1,5.1,exact,5.1,1.0,4672.31,8.449408875046544,-0.048008586066820125,-0.11016161531517454,0.06683168316831684,5.09404897832193,5.089882697947214,5.073388379269822,5.089882697947214,5.201011879781114,5.180448979591837,5.051682427545467,5.368911289449964,5.325786924939468
2023-09-01,5.1,5.1,5.1,exact,5.1,1.0,4690.29,8.453249693217401,-0.04391222680094964,-0.10673733607072522,0.08395061728395062,5.077768769864709,5.089882697947214,5.057404928745207,5.089882697947214,5.188278592976359,5.115562913907286,5.038381464331151,5.351798439814161,5.275743855109962
2023-09-04,,5.0,5.1,range,5.05,0.55,4759.88,8.467977736823652,-0.02944922660731375,-0.09263894316459687,0.15270935960591134,5.014757662715759,5.0738095238095235,4.9961146135485635,5.0738095238095235,5.1433212253311025,5.009009393680615,4.9836189312435355,5.283064135998591,5.167714285714286
2023-09-05,,5.0,5.1,range,5.05,0.55,4729.16,8.461502875863026,-0.03539966321187593,-0.08917466107619743,0.11793611793611794,5.042573458255574,5.0769320843091315,5.0230595547600885,5.0769320843091315,5.161817800211797,5.014159292035399,4.970162584569558,5.317825018424162,5.275743855109962
2023-09-06,,5.0,5.1,range,5.05,0.55,4732.82,8.462276498335815,-0.034356420167080626,-0.08846975349420383,0.12254901960784313,5.039259466990088,5.0769320843091315,5.019840147860705,5.0769320843091315,5.158574941850442,5.014159292035399,4.967424504772827,5.313213756288344,5.254240282685513
2023-09-07,5.1,5.1,5.1,exact,5.1,1.0,4660.31,8.446837248512246,-0.04879952687741462,-0.10243501272107802,0.061124694376528114,5.104914523454671,5.089882697947214,5.084090126566949,5.089882697947214,5.203470471797394,5.180448979591837,5.021669905335923,5.374616249841038,5.325786924939468
2023-09-08,5.1,5.1,5.1,exact,5.1,1.0,4654.75,8.44564348257616,-0.0495973330877304,-0.10350585593306849,0.05853658536585366,5.109948892699507,5.089882697947214,5.089057947986397,5.089882697947214,5.2059504044964635,5.180448979591837,5.025829392677404,5.3772034389756875,5.325786924939468
2023-09-11,5.1,5.1,5.1,exact,5.1,1.0,4698.91,8.455085845908116,-0.04033135478913319,-0.09500074150114501,0.0948905109489051,5.069963686611024,5.089882697947214,5.049763833962238,5.089882697947214,5.177147667347479,5.107692307692308,4.992792888900459,5.340862434449838,5.275743855109962
2023-09-12,5.1,5.1,5.1,exact,5.1,1.0,4693.46,8.453925329316101,-0.04121708758347664,-0.09605039896613554,0.09466019417475728,5.074898455025476,5.089882697947214,5.054593289225757,5.089882697947214,5.179900914553289,5.107692307692308,4.996870084226192,5.34109266936388,5.275743855109962
2023-09-13,5.1,5.1,5.1,exact,5.1,1.0,4651.33,8.444908479190426,-0.049556673654780004,-0.10416454006706255,0.053268765133171914,5.1130455730623385,5.089882697947214,5.0921166427042195,5.089882697947214,5.205824017090605,5.180448979591837,5.028387926257955,5.382469386898696,5.339534883720931
2023-09-14,5.1,5.1,5.1,exact,5.1,1.0,4636.86,8.441792692001234,-0.05223276950279543,-0.10695142878603747,0.04830917874396135,5.126147609568235,5.11078431372549,5.105082898373787,5.11078431372549,5.214142500343209,5.180448979591837,5.039213066875084,5.387427210531934,5.339534883720931
2023-09-15,,5.1,5.2,range,5.15,0.55,4625.13,8.439259757659608,-0.054288752955300335,-0.10921059980701708,0.04096385542168675,5.1367686799354875,5.18409090909091,5.115623629262501,5.18409090909091,5.220533401450125,5.180448979591837,5.047988388190835,5.394769923150101,5.396350364963505
2023-09-18,5.1,5.1,5.1,exact,5.1,1.0,4644.68,8.443477757593879,-0.04995237611887737,-0.10544531477205099,0.055288461538461536,5.119066895990065,5.1,5.098070548053457,5.1,5.207054034439591,5.180448979591837,5.033362852664583,5.380450408341956,5.325786924939468
2023-09-19,,5.1,5.2,range,5.15,0.55,4619.89,8.438126174268524,-0.054691414261559435,-0.11021981175500795,0.0407673860911271,5.141513301310117,5.18409090909091,5.120341002811813,5.18409090909091,5.221785049942115,5.180448979591837,5.051908480577411,5.394966322650748,5.396350364963505
2023-09-20,5.2,5.2,5.2,exact,5.2,1.0,4593.03,8.432295215983103,-0.059806949434222045,-0.11539298597696157,0.03110047846889952,5.1658340131655685,5.18409090909091,5.144606362201451,5.18409090909091,5.237686383854896,5.180448979591837,5.072002694604783,5.404629794422119,5.407410881801126
2023-09-21,5.2,5.2,5.2,exact,5.2,1.0,4557.44,8.424516341353705,-0.06667982677382311,-0.12224753811989986,0.021479713603818614,5.198059409105087,5.196289062500002,5.176977917491293,5.196289062500002,5.25905031037086,5.273564954682779,5.098627902245668,5.414247139836586,5.51861313868613
2023-09-22,5.1,5.1,5.1,exact,5.1,1.0,4639.86,8.442439472351312,-0.04948628591849791,-0.10637363568604274,0.05952380952380952,5.123431223285049,5.11078431372549,5.102391341193552,5.11078431372549,5.20560522103893,5.180448979591837,5.036968739172846,5.3762165657008785,5.325786924939468
2023-09-25,5.2,5.2,5.2,approx,5.2,0.5,4615.13,8.437095315554298,-0.05429147611569429,-0.11113657680699973,0.04513064133016627,5.145823300879438,5.18409090909091,5.124630890675213,5.18409090909091,5.220541866230692,5.180448979591837,5.055469480531628,5.390604618217286,5.339534883720931
2023-09-26,5.2,5.2,5.2,exact,5.2,1.0,4592.6,8.43220159148477,-0.0587201313959963,-0.11547580298796067,0.03317535545023697,5.166223361866158,5.18409090909091,5.144995977765227,5.18409090909091,5.234308075243001,5.180448979591837,5.072324381575437,5.402555654901833,5.407410881801126
2023-09-27,5.2,5.2,5.2,exact,5.2,1.0,4608.98,8.435761853375011,-0.055208190626581666,-0.11232105266198922,0.04491725768321513,5.151391892759968,5.18409090909091,5.130180053853721,5.18409090909091,5.223391418242027,5.180448979591837,5.060070352321217,5.39081792602257,5.339534883720931
2023-09-28,5.2,5.2,5.2,exact,5.2,1.0,4621.41,8.438455132318518,-0.05248859823169427,-0.10992706325101065,0.054245283018867926,5.1401369989266374,5.18409090909091,5.118972053675755,5.18409090909091,5.214937728585299,5.180448979591837,5.05077135454161,5.38149321609088,5.325786924939468
2023-10-09,5.2,5.2,5.2,exact,5.2,1.0,4609.57,8.435889856152196,-0.05474637988843534,-0.1122074200189902,0.047058823529411764,5.1508576701242745,5.18409090909091,5.129647374105524,5.18409090909091,5.221955907292749,5.180448979591837,5.059628967873111,5.388677121340247,5.339534883720931
2023-10-10,5.2,5.2,5.2,exact,5.2,1.0,4587.27,8.43104035486618,-0.059152705119075444,-0.11650234872895138,0.03051643192488263,5.171049474829283,5.18409090909091,5.149828429397907,5.18409090909091,5.235652704686531,5.180448979591837,5.07631180379308,5.405213633381984,5.407410881801126
2023-10-11,5.2,5.2,5.2,exact,5.2,1.0,4597.76,8.433324507353616,-0.056882867911023705,-0.11448199885596966,0.03981264637002342,5.16155117745908,5.18409090909091,5.140322996792271,5.18409090909091,5.228597052021729,5.180448979591837,5.068464137927587,5.395920723034453,5.396350364963505
2023-10-12,5.2,5.2,5.2,exact,5.2,1.0,4634.92,8.441374217872575,-0.04920544984575359,-0.1073250683240341,0.07242990654205607,5.127904206031361,5.182258064516129,5.10682436600743,5.182258064516129,5.204732258970107,5.180448979591837,5.040664398789198,5.363315055819101,5.325786924939468
2023-10-13,5.2,5.2,5.2,exact,5.2,1.0,4600.13,8.433839842947421,-0.05619619967704437,-0.11402554230697381,0.04428904428904429,5.159405232295363,5.18409090909091,5.138178443053782,5.18409090909091,5.2264625850486235,5.180448979591837,5.06669111904282,5.391445916134631,5.339534883720931
2023-10-16,5.2,5.2,5.2,exact,5.2,1.0,4560.09,8.425097639155767,-0.06431851800958832,-0.12173715421490439,0.02558139534883721,5.19565993455494,5.196289062500002,5.174558863986022,5.196289062500002,5.251710323866235,5.2111721611721595,5.0966454127753575,5.41014691592765,5.514285714285714
2023-10-17,5.2,5.2,5.2,exact,5.2,1.0,4566.25,8.426447578109492,-0.06296943102473707,-0.12055075238291502,0.027842227378190254,5.190082288053467,5.196289062500002,5.168941133200995,5.196289062500002,5.247516767982161,5.2111721611721595,5.092037059893428,5.407886887452232,5.407410881801126
2023-10-18,5.3,5.3,5.3,exact,5.3,1.0,4511.9,8.414473629811722,-0.07403143984135852,-0.13101843737782093,0.016203703703703703,5.239294152883836,5.196289062500002,5.2187703627265805,5.196289062500002,5.281902358150566,5.292654867256638,5.132696796765643,5.419521274516223,5.605305466237943
2023-10-19,5.3,5.3,5.3,exact,5.3,1.0,4439.93,8.398393889536223,-0.08872857282833901,-0.14487969384669608,0.006928406466512702,5.3044602598174455,5.278571428571428,5.285685723389101,5.278571428571428,5.327587513525012,5.418513119533528,5.186538218342335,5.428793275090282,5.606624605678233
2023-10-20,5.3,5.3,5.3,exact,5.3,1.0,4402.69,8.389970996736102,-0.09625573427418799,-0.1520520321946316,0.004608294930875576,5.338179668212717,5.3,5.320737341131995,5.3,5.35098524289759,5.418513119533528,5.21439780621945,5.431112562002625,5.638461538461538
2023-10-23,5.4,5.4,5.4,exact,5.4,1.0,4327.13,8.372659783683906,-0.1115261496013441,-0.1666047144065006,0.0022988505747126436,5.406596384065204,5.4,5.392777439109096,5.4,5.398452412002712,5.653708987161199,5.270924939946488,5.433421185526865,5.664285714285713
2023-10-24,5.4,5.4,5.4,exact,5.4,1.0,4373.52,8.38332345584591,-0.10179600873693928,-0.15767010710358087,0.006880733944954129,5.364591997506219,5.367064846416383,5.348400884731873,5.367064846416383,5.368206853389384,5.576470588235294,5.236220152577546,5.428840930667882,5.606624605678233
2023-10-25,5.3,5.3,5.3,exact,5.3,1.0,4409.52,8.39152111897959,-0.09414025645367763,-0.15073658990364325,0.011441647597254004,5.331995362107998,5.3,5.314286553543589,5.3,5.3444094071201755,5.418513119533528,5.209288220150688,5.424281638073701,5.606624605678233
2023-10-26,5.3,5.3,5.3,exact,5.3,1.0,4426.1,8.39527411411988,-0.09046181581936619,-0.147543320037672,0.0136986301369863,5.316982800582928,5.3,5.298668575947275,5.3,5.332975195286951,5.418513119533528,5.196884569049652,5.422025457719704,5.606624605678233
2023-10-27,5.3,5.3,5.3,exact,5.3,1.0,4490.1,8.409630252203211,-0.07707849236840647,-0.13521706723778304,0.02050113895216401,5.259033226541647,5.278571428571428,5.238925934517255,5.278571428571428,5.2913739379651865,5.3909090909090915,5.149005578068572,5.415225366679335,5.51861313868613
2023-10-30,5.2,5.2,5.2,exact,5.2,1.0,4533.61,8.41927381060558,-0.06797956539425465,-0.12683714131085855,0.03409090909090909,5.2196365708145205,5.196289062500002,5.198794553194652,5.196289062500002,5.263090469827346,5.292654867256638,5.1164553452937795,5.401640426670887,5.407410881801126
2023-10-31,,5.2,5.3,range,5.25,0.55,4515.15,8.41519368789059,-0.07162432661690354,-0.13039249485282656,0.034013605442176874,5.236351401077052,5.196289062500002,5.215773862458555,5.196289062500002,5.274419991231757,5.292654867256638,5.130265441754885,5.4017177028440475,5.407410881801126
2023-11-01,,5.2,5.3,range,5.25,0.55,4513.0,8.414717399827001,-0.07191838323995392,-0.13080657990782274,0.033936651583710405,5.238298144580002,5.196289062500002,5.217755921062,5.196289062500002,5.2753340485873546,5.292654867256638,5.131873876608155,5.401794629351267,5.407410881801126
2023-11-02,5.3,5.3,5.3,exact,5.3,1.0,4477.81,8.40688936660244,-0.079052100624034,-0.13758409297076168,0.020316027088036117,5.270161355681762,5.278571428571428,5.250332048382774,5.278571428571428,5.2975087807189745,5.3909090909090915,5.158199840555408,5.4154104127502665,5.51861313868613
2023-11-03,5.2,5.2,5.2,exact,5.2,1.0,4523.67,8.417078890278365,-0.06955876467387578,-0.12875156244884123,0.04054054054054054,5.228636864032807,5.196289062500002,5.207928648820861,5.196289062500002,5.267999315962209,5.292654867256638,5.123891551080528,5.3951930875749845,5.396350364963505
2023-11-06,5.2,5.2,5.2,exact,5.2,1.0,4601.01,8.434031123593662,-0.05360031666328813,-0.11385605633097529,0.08089887640449438,5.158608425652296,5.18409090909091,5.137382434336494,5.18409090909091,5.218393438574791,5.180448979591837,5.066032782916829,5.354849096031704,5.275743855109962
2023-11-07,5.2,5.2,5.2,exact,5.2,1.0,4603.61,8.434596057305027,-0.05303659870244981,-0.1133553023109799,0.08295964125560538,5.156254224206869,5.18409090909091,5.135031479507703,5.18409090909091,5.216641155142976,5.180448979591837,5.0640876989082235,5.352789063625854,5.275743855109962
2023-11-08,5.2,5.2,5.2,exact,5.2,1.0,4604.26,8.434737240879748,-0.052981687032910174,-0.11323011380598091,0.087248322147651,5.155665673845512,5.18409090909091,5.134443948262785,5.18409090909091,5.216470465515481,5.180448979591837,5.063601427906072,5.3485019070338735,5.275743855109962
2023-11-09,5.2,5.2,5.2,exact,5.2,1.0,4590.52,8.43174858639814,-0.05587798366245955,-0.115876406203957,0.06696428571428571,5.1681067230224995,5.18409090909091,5.146881144952907,5.18409090909091,5.2254734296751355,5.180448979591837,5.0738804487823215,5.368778734034121,5.325786924939468
2023-11-10,5.2,5.2,5.2,exact,5.2,1.0,4567.89,8.426806670485485,-0.06048082326897852,-0.12023489215491778,0.05790645879732739,5.188597330218658,5.196289062500002,5.1674467809640205,5.196289062500002,5.23978108020628,5.198360655737705,5.0908101607495375,5.377833341582116,5.325786924939468
2023-11-13,5.2,5.2,5.2,exact,5.2,1.0,4585.24,8.430597727922597,-0.056829396143970756,-0.11689332205994807,0.06444444444444444,5.172887562880906,5.18409090909091,5.151670408252123,5.18409090909091,5.228430838244652,5.180448979591837,5.077830465538262,5.37129767969193,5.325786924939468
2023-11-14,5.2,5.2,5.2,exact,5.2,1.0,4601.29,8.434091977945311,-0.053464298573864366,-0.11380212897497577,0.08869179600886919,5.158354896265865,5.18409090909091,5.137129190762991,5.18409090909091,5.217970634511266,5.180448979591837,5.065823312331287,5.347058946217891,5.275743855109962
2023-11-15,5.2,5.2,5.2,exact,5.2,1.0,4629.33,8.44016742818568,-0.04755595756111475,-0.10840168946702444,0.11283185840707964,5.132965739139029,5.18409090909091,5.111846385378321,5.18409090909091,5.199604911250016,5.180448979591837,5.044846329407702,5.3229274637769235,5.275743855109962
2023-11-16,5.2,5.2,5.2,exact,5.2,1.0,4587.87,8.431171143061425,-0.05590501229868805,-0.11638679010895259,0.0706401766004415,5.170506197572647,5.18409090909091,5.1492841582153375,5.18409090909091,5.225557446567869,5.180448979591837,5.075862938252633,5.365104149647763,5.325786924939468
2023-11-17,5.2,5.2,5.2,exact,5.2,1.0,4602.61,8.43437881287595,-0.05271783976438271,-0.11354790001097814,0.09251101321585903,5.157159686301264,5.18409090909091,5.135935535734646,5.18409090909091,5.215650312124444,5.180448979591837,5.064835808142303,5.343241086452311,5.275743855109962
2023-11-20,5.2,5.2,5.2,exact,5.2,1.0,4627.68,8.43981094158418,-0.04744262980924274,-0.10871947567202145,0.11648351648351649,5.134459751594781,5.18409090909091,5.113329893762284,5.18409090909091,5.1992526387382885,5.180448979591837,5.046080709643932,5.319277103587362,5.275743855109962
2023-11-21,5.2,5.2,5.2,exact,5.2,1.0,4617.59,8.437628202950041,-0.04942298104299592,-0.11066278646500405,0.10964912280701754,5.143595864127226,5.18409090909091,5.122413295635262,5.18409090909091,5.2054084416346855,5.180448979591837,5.053629131815794,5.3261090681564065,5.275743855109962
2023-11-22,5.2,5.2,5.2,exact,5.2,1.0,4567.24,8.426664362712941,-0.05959443952895993,-0.12036008065991677,0.05689277899343545,5.189185880580016,5.196289062500002,5.168038990524728,5.196289062500002,5.237025809574926,5.180448979591837,5.09129643175169,5.37884666109989,5.325786924939468
2023-11-23,5.2,5.2,5.2,exact,5.2,1.0,4600.5,8.433920272222416,-0.05258198993145802,-0.11395428115797446,0.08951965065502183,5.159070211320437,5.18409090909091,5.137843739019274,5.18409090909091,5.215228031076143,5.180448979591837,5.06641431862621,5.346231385811138,5.275743855109962
2023-11-24,5.2,5.2,5.2,exact,5.2,1.0,4558.18,8.424678700030707,-0.06102876712144756,-0.12210501582190103,0.05010893246187364,5.1973893671552345,5.196289062500002,5.176302266688346,5.196289062500002,5.2414843307694134,5.198360655737705,5.098074301412449,5.385628096489665,5.339534883720931
2023-11-27,5.2,5.2,5.2,exact,5.2,1.0,4541.56,8.421025844348996,-0.0641971980857956,-0.12530598959587214,0.04565217391304348,5.21243814716408,5.196289062500002,5.191503516907687,5.196289062500002,5.251333208167996,5.2111721611721595,5.110507876882847,5.3900832709995985,5.339534883720931
2023-11-28,5.2,5.2,5.2,exact,5.2,1.0,4559.44,8.424955087949488,-0.060272714487419,-0.12186234271990337,0.05639913232104121,5.196248484916297,5.196289062500002,5.175152086588973,5.196289062500002,5.239134186555066,5.198360655737705,5.097131683777509,5.379340132318415,5.325786924939468
2023-11-29,5.2,5.2,5.2,exact,5.2,1.0,4527.06,8.417828001158599,-0.06670347411285382,-0.12809865624584704,0.04112554112554113,5.225567347532807,5.196289062500002,5.204811246184491,5.196289062500002,5.25912381670429,5.273564954682779,5.121355460776998,5.394608294913224,5.396350364963505
2023-11-30,5.2,5.2,5.2,exact,5.2,1.0,4522.11,8.416733978061735,-0.06748640852227905,-0.12905201486083862,0.038876889848812095,5.230049384900063,5.196289062500002,5.209363990746617,5.196289062500002,5.261557521303295,5.273564954682779,5.1250586014856925,5.39685614696535,5.396350364963505
2023-12-01,5.2,5.2,5.2,exact,5.2,1.0,4531.14,8.418728842446253,-0.06541803168276461,-0.12731285762985411,0.04525862068965517,5.221873062187676,5.196289062500002,5.201062421972765,5.196289062500002,5.255128096097042,5.273564954682779,5.118303175101955,5.390476684344732,5.339534883720931
2023-12-04,5.3,5.3,5.3,approx,5.3,0.5,4516.04,8.415390782626252,-0.06831965486310465,-0.13022108289982803,0.03870967741935484,5.235545539813041,5.196289062500002,5.214953658581152,5.196289062500002,5.264147617519987,5.292654867256638,5.129599624536554,5.397023299963498,5.396350364963505
2023-12-05,5.3,5.3,5.3,exact,5.3,1.0,4431.26,8.396439246977469,-0.0855401923582011,-0.146549515905681,0.015021459227467811,5.31231061617585,5.3,5.293819910231946,5.3,5.317676624285585,5.418513119533528,5.193024325401803,5.420703098794412,5.605305466237943
2023-12-06,5.3,5.3,5.3,exact,5.3,1.0,4445.61,8.399672371378333,-0.08232714937113361,-0.143785738910706,0.021413276231263382,5.299317235121283,5.278571428571428,5.280365359247668,5.278571428571428,5.3076890730931865,5.3909090909090915,5.182288957892764,5.414313553595705,5.51861313868613
2023-12-07,5.3,5.3,5.3,exact,5.3,1.0,4437.89,8.39793431724575,-0.08368972038241207,-0.14527259315469254,0.019230769230769232,5.306307402490011,5.278571428571428,5.287598219800145,5.278571428571428,5.311924543263737,5.3909090909090915,5.1880643611798565,5.416495284880858,5.51861313868613
2023-12-08,5.3,5.3,5.3,exact,5.3,1.0,4433.67,8.396982962508075,-0.08424204805784496,-0.14608535544868528,0.019189765458422176,5.3101284525283585,5.278571428571428,5.29155725423098,5.278571428571428,5.313641420677319,5.3909090909090915,5.191221382147671,5.416536274079481,5.51861313868613
2023-12-11,5.3,5.3,5.3,exact,5.3,1.0,4473.18,8.405854844071875,-0.0757876903841036,-0.13847582032175365,0.027659574468085105,5.274353645178811,5.278571428571428,5.254637183108848,5.278571428571428,5.28736155750549,5.3,5.161663586309195,5.408069475443112,5.407410881801126
2023-12-12,5.3,5.3,5.3,exact,5.3,1.0,4483.39,8.408134735687204,-0.07335728806056485,-0.13650939780477134,0.03184713375796178,5.265108877195038,5.278571428571428,5.245149481995689,5.278571428571428,5.279806797820616,5.292654867256638,5.154025391029244,5.403883404512257,5.407410881801126
2023-12-13,5.3,5.3,5.3,exact,5.3,1.0,4429.42,8.396023928959789,-0.08416037312859026,-0.1469038956736779,0.014830508474576272,5.313976666429538,5.3,5.295548243803665,5.3,5.313387539064048,5.3909090909090915,5.194400846392509,5.420893981678826,5.605305466237943
2023-12-14,5.3,5.3,5.3,exact,5.3,1.0,4410.01,8.391632236012017,-0.08776107453475712,-0.15064221703064418,0.012684989429175475,5.331551685681744,5.3,5.313824143319714,5.3,5.324580103174575,5.418513119533528,5.208921646625989,5.423038738155292,5.606624605678233
2023-12-15,,5.3,5.4,range,5.35,0.55,4390.01,8.38708678397095,-0.09146699550491999,-0.15449417103060947,0.008438818565400843,5.349660927569645,5.35,5.332739906727014,5.35,5.336099735981687,5.418513119533528,5.223883831307576,5.427283399828085,5.606624605678233
2023-12-18,5.4,5.4,5.4,exact,5.4,1.0,4350.38,8.378018476589228,-0.09921552956916058,-0.16212681788154082,0.004210526315789474,5.385544390370519,5.4,5.370477398045274,5.4,5.360185588845821,5.576470588235294,5.2535314002541424,5.431510189241203,5.638461538461538
2023-12-19,5.4,5.4,5.4,exact,5.4,1.0,4354.54,8.378974257990247,-0.09791104260265282,-0.16132561144954805,0.008403361344537815,5.381777668057836,5.367064846416383,5.366499942186657,5.367064846416383,5.35613066944068,5.4887096774193544,5.250419265840372,5.427318844446601,5.606624605678233
2023-12-20,5.4,5.4,5.4,exact,5.4,1.0,4300.24,8.366426114077601,-0.10866270229149377,-0.17178366655945398,0.0020964360587002098,5.4309442597834865,5.4,5.418718669676885,5.4,5.389551557980846,5.582764505119454,5.291041597250882,5.433623528099903,5.664285714285713
2023-12-21,5.4,5.4,5.4,exact,5.4,1.0,4334.65,8.374396147777516,-0.10108167498509435,-0.16515637970251362,0.006276150627615063,5.399787309115354,5.4,5.385551611603518,5.4,5.36598638981522,5.576470588235294,5.2652991585062106,5.4294452991018085,5.606624605678233
2023-12-22,5.4,5.4,5.4,exact,5.4,1.0,4310.39,8.368783666243049,-0.10566261370823704,-0.16982879990447153,0.0041753653444676405,5.421753819525376,5.4,5.408907786495391,5.4,5.380225962765467,5.582764505119454,5.283448288524976,5.431545337715473,5.638461538461538
2023-12-25,5.4,5.4,5.4,exact,5.4,1.0,4314.54,8.369745992968081,-0.10435615290221911,-0.16902951944947875,0.00625,5.417996151833638,5.4,5.404903092465673,5.4,5.376164907798731,5.582764505119454,5.280343635203547,5.429471440434863,5.606624605678233
2023-12-26,5.4,5.4,5.4,exact,5.4,1.0,4270.44,8.359472145410438,-0.11303249786584812,-0.17752307801940237,0.002079002079002079,5.457927030196458,5.4,5.447657403352089,5.4,5.403134805131552,5.653708987161199,5.313335252426447,5.433640955883146,5.664285714285713
2023-12-27,5.4,5.4,5.4,exact,5.4,1.0,4292.67,8.36466419594781,-0.1079667696088008,-0.17324163114844082,0.004149377593360996,5.437798607838056,5.4,5.426050839543606,5.4,5.387388293025215,5.582764505119454,5.296704784152863,5.43157131622991,5.638461538461538
2023-12-28,5.4,5.4,5.4,exact,5.4,1.0,4379.77,8.384751490576194,-0.08954379599567985,-0.15646637147859177,0.024844720496894408,5.3589328594162495,5.367064846416383,5.342458160696637,5.367064846416383,5.330121585789161,5.418513119533528,5.2315444698645495,5.410883328947679,5.514285714285714
2023-12-29,5.3,5.3,5.3,exact,5.3,1.0,4421.96,8.394338315695792,-0.08052267240339217,-0.1483406745156649,0.03512396694214876,5.320731413653724,5.3,5.302562873242032,5.3,5.302079964792002,5.3909090909090915,5.199981741278741,5.400607735993188,5.407410881801126
2024-01-02,5.3,5.3,5.3,exact,5.3,1.0,4390.83,8.387273554257707,-0.08673517234787786,-0.15433624091661102,0.0288659793814433,5.348918448652242,5.3,5.331962667736505,5.3,5.3213911478287885,5.418513119533528,5.223270381735632,5.406863499314999,5.407410881801126
2024-01-03,5.4,5.4,5.4,exact,5.4,1.0,4376.82,8.384077712287704,-0.08940178622735229,-0.15703453469358675,0.024691358024691357,5.361603972594716,5.367064846416383,5.345262068994181,5.367064846416383,5.329680156951545,5.418513119533528,5.233751392105084,5.411036636911181,5.514285714285714
2024-01-04,5.4,5.4,5.4,exact,5.4,1.0,4344.0,8.37655086161377,-0.09596982097530316,-0.16335559120752985,0.01642710472279261,5.39132123853276,5.4,5.376584834092981,5.4,5.350096498576181,5.418513119533528,5.258304337167569,5.419297952899215,5.605305466237943
2024-01-05,5.4,5.4,5.4,exact,5.4,1.0,4292.79,8.364692150186723,-0.10629482771090393,-0.173218519424441,0.006147540983606557,5.437689952386729,5.4,5.425934508810222,5.4,5.382191162030338,5.582764505119454,5.296615011044773,5.4295738630348644,5.606624605678233
2024-01-08,5.5,5.5,5.5,exact,5.5,1.0,4219.12,8.3473818544788,-0.12121997974751897,-0.18740719198331335,0.002044989775051125,5.504395344880811,5.5,5.497970789286441,5.5,5.428585100928763,5.653708987161199,5.3517282183194,5.433674956098309,5.664285714285713
2024-01-09,5.5,5.5,5.5,exact,5.5,1.0,4231.06,8.350207831664187,-0.11835074289826075,-0.18510757544533396,0.004081632653061225,5.493584127473733,5.5,5.486210569323653,5.5,5.419666250471292,5.653708987161199,5.342795794064493,5.431639037092032,5.638461538461538
2024-01-10,5.5,5.5,5.5,exact,5.5,1.0,4204.0,8.343791731996841,-0.12359994987758882,-0.19031926920728715,0.002036659877800407,5.518085931748063,5.5,5.512910977161795,5.5,5.435983095168531,5.653708987161199,5.36303962993868,5.433683283034914,5.664285714285713
2024-01-11,5.5,5.5,5.5,exact,5.5,1.0,4252.17,8.355184719847937,-0.11318500361861128,-0.1810418379983706,0.008130081300813009,5.474469822661055,5.4909836065573785,5.465499397247072,5.4909836065573785,5.403608860106536,5.653708987161199,5.327003208133077,5.427592027360043,5.606624605678233
2024-01-12,5.5,5.5,5.5,exact,5.5,1.0,4230.09,8.349978548409725,-0.11735855867510614,-0.18529439521433233,0.006085192697768763,5.494462425705297,5.5,5.487164724764192,5.5,5.416582105391088,5.653708987161199,5.34352146002155,5.429636189160625,5.606624605678233
2024-01-15,5.5,5.5,5.5,exact,5.5,1.0,4223.36,8.348386298755003,-0.11832269142319629,-0.18659057773532073,0.006072874493927126,5.500556185600576,5.5,5.49379082432084,5.5,5.419579054145455,5.653708987161199,5.348556235166904,5.429648502986282,5.606624605678233
2024-01-16,5.5,5.5,5.5,exact,5.5,1.0,4228.42,8.349583679804805,-0.11678023393758286,-0.18561603337332944,0.00808080808080808,5.495974547402937,5.5,5.488807958713231,5.5,5.414784417671038,5.653708987161199,5.344770802442462,5.427641283067164,5.606624605678233
2024-01-17,5.6,5.6,5.6,exact,5.6,1.0,4127.42,8.325407793413836,-0.13732338875220973,-0.20506840107315438,0.0020161290322580645,5.587426218936834,5.6,5.589415190513655,5.6,5.478641580861909,5.700000000000001,5.420329835084479,5.433703806583302,5.664285714285713
2024-01-18,5.5,5.5,5.5,exact,5.5,1.0,4147.01,8.330142871625196,-0.132662177078693,-0.2012954121301883,0.004024144869215292,5.569688216507635,5.5,5.5697103034414965,5.5,5.464152484265557,5.700000000000001,5.405674375188864,5.431696504443341,5.638461538461538
2024-01-19,5.6,5.6,5.6,exact,5.6,1.0,4117.72,8.323054891104098,-0.1382008963604765,-0.20693659876313752,0.002008032128514056,5.596209201252465,5.6,5.599206723458977,5.6,5.481369260570696,5.700000000000001,5.427586494655049,5.433711900609212,5.664285714285713
2024-01-22,5.7,5.7,5.7,exact,5.7,1.0,3966.84,8.285725086955795,-0.1691231270951058,-0.235995739738876,0.002004008016032064,5.7328253220547865,5.7,5.754553592577942,5.7,5.577489158028755,5.700000000000001,5.540461215892944,5.433715923291428,5.7
2024-01-23,5.7,5.7,5.7,exact,5.7,1.0,3997.06,8.2933143698571,-0.16214957405765917,-0.2301754372449284,0.004,5.705462257562169,5.7,5.722971017622761,5.7,5.555812287151292,5.700000000000001,5.517853354839065,5.43172064073089,5.664285714285713
2024-01-24,5.6,5.6,5.6,exact,5.6,1.0,4052.89,8.307185485870166,-0.14980064224371936,-0.21942270765402527,0.006,5.654910308832095,5.6,5.6652467811050755,5.6,5.517426374121311,5.700000000000001,5.476086416300415,5.429721351578866,5.638461538461538
2024-01-25,5.5,5.5,5.5,exact,5.5,1.0,4161.78,8.333698146354177,-0.12632644700269258,-0.198450744101214,0.014,5.556314541373421,5.5,5.5549151334531714,5.5,5.44445824776453,5.700000000000001,5.394624801801512,5.421724194970769,5.606624605678233
2024-01-26,5.6,5.6,5.6,exact,5.6,1.0,4142.73,8.329110269787188,-0.12968295226816484,-0.20211973028618102,0.012,5.573563594271647,5.6,5.5740074452626445,5.6,5.454891742834901,5.700000000000001,5.408876282710724,5.423723484122792,5.606624605678233
2024-01-29,5.6,5.6,5.6,exact,5.6,1.0,4065.92,8.310395318638113,-0.14512976437008362,-0.2169131596230478,0.008,5.643112137742127,5.6,5.651889157558081,5.6,5.502907230722313,5.700000000000001,5.4663385529803605,5.427722062426842,5.606624605678233
2024-01-30,5.7,5.7,5.7,exact,5.7,1.0,3971.53,8.286906689865631,-0.1642108772939519,-0.23509245652588417,0.004,5.728578704832073,5.7,5.749636387230282,5.7,5.562219724486676,5.700000000000001,5.536952583585112,5.43172064073089,5.664285714285713
2024-01-31,5.8,5.8,5.8,exact,5.8,1.0,3874.62,8.26220287246268,-0.18376537986346897,-0.2537570996327162,0.002,5.816327036399896,5.8,5.852440588227125,5.8,5.6230037215390105,5.8,5.609451849459744,5.433719929882915,5.8500000000000005
2024-02-01,5.8,5.8,5.8,exact,5.8,1.0,3856.96,8.257634587399979,-0.1866111868866579,-0.2571583750146855,0.002,5.832317496986912,5.8,5.871451370574505,5.8,5.631849741789032,5.8,5.6226634585335855,5.433719929882915,5.8500000000000005
2024-02-02,5.9,5.9,5.9,exact,5.9,1.0,3765.66,8.233678423675734,-0.20496210595105435,-0.27474254502452733,0.002,5.9149861862051765,5.9,5.971144233035766,5.9,5.688892471787019,5.9,5.690965831605032,5.433719929882915,5.8500000000000005
2024-02-05,5.9,5.9,5.9,exact,5.9,1.0,3666.37,8.206957350748171,-0.22493721250894605,-0.2938655706573552,0.002,6.004889517557658,5.9,6.082343182869664,5.9,5.750983891081301,5.9,5.765245597456773,5.433719929882915,5.8500000000000005
2024-02-06,5.8,5.8,5.8,exact,5.8,1.0,3827.76,8.25003505468261,-0.18989853058781492,-0.2627822278546349,0.006,5.858756990143245,5.8,5.903076599834222,5.8,5.642068252289659,5.8,5.6445082481687034,5.429721351578866,5.638461538461538
2024-02-07,5.8,5.8,5.8,exact,5.8,1.0,3895.0,8.267448958304849,-0.1747956533446835,-0.24983195850675155,0.012,5.797873718916124,5.790983606557376,5.830609158105702,5.790983606557376,5.595121865258605,5.8,5.594205383269207,5.423723484122792,5.606624605678233
2024-02-08,5.7,5.7,5.7,exact,5.7,1.0,3985.4,8.290392962598483,-0.1548448216289966,-0.23242112642690815,0.018,5.716019945582815,5.7,5.735128366995518,5.7,5.533105902853691,5.700000000000001,5.526576308508432,5.417725616666719,5.605305466237943
2024-02-19,5.6,5.6,5.6,exact,5.6,1.0,4041.51,8.304373663499677,-0.14216334072942438,-0.2216144694800054,0.022,5.66521446746631,5.6,5.676948096226873,5.6,5.493686280959525,5.700000000000001,5.4845998993842375,5.41372703836267,5.51861313868613
2024-02-20,5.6,5.6,5.6,exact,5.6,1.0,4057.94,8.308430734667777,-0.13792098375368744,-0.21845008926903398,0.026,5.650337725255399,5.6,5.660064715289394,5.6,5.4804991690403435,5.700000000000001,5.4723084646683136,5.409728460058622,5.514285714285714
2024-02-21,5.6,5.6,5.6,exact,5.6,1.0,4100.1,8.318766642638865,-0.12817857488418072,-0.21033017023710698,0.03,5.612163443355705,5.6,5.617052141839203,5.6,5.450215476069811,5.700000000000001,5.4407681793595275,5.4057298817545725,5.407410881801126
2024-02-22,5.5,5.5,5.5,exact,5.5,1.0,4150.67,8.331025045976908,-0.11668281492899624,-0.20059050454819471,0.04,5.56637422524215,5.5,5.566039161128209,5.5,5.414481596532545,5.653708987161199,5.402936295392133,5.39573343599445,5.396350364963505
2024-02-23,5.5,5.5,5.5,exact,5.5,1.0,4187.61,8.339885444445024,-0.10806183739947339,-0.19347594551025882,0.044,5.532926455475198,5.5,5.529166876567061,5.5,5.387683805544006,5.582764505119454,5.3753011402852415,5.391734857690402,5.396350364963505
2024-02-26,5.5,5.5,5.5,exact,5.5,1.0,4182.33,8.338623786488006,-0.10841936684709363,-0.19449286136624955,0.044,5.537707295333603,5.5,5.534417228611318,5.5,5.388795164363439,5.582764505119454,5.379251157041181,5.391734857690402,5.396350364963505
2024-02-27,5.5,5.5,5.5,exact,5.5,1.0,4262.19,8.35753839167429,-0.09068265029946787,-0.17911200904438807,0.062,5.465397092475217,5.482258064516129,5.455704661981258,5.482258064516129,5.333661646007947,5.418513119533528,5.319507153607603,5.373741255322182,5.325786924939468
2024-02-28,5.6,5.6,5.6,exact,5.6,1.0,4136.21,8.327535188593716,-0.11682607986423255,-0.20163640785506642,0.036,5.579467207127101,5.6,5.580562098778692,5.6,5.414926926981128,5.653708987161199,5.406998908402735,5.3997320142984995,5.407410881801126
2024-02-29,5.5,5.5,5.5,exact,5.5,1.0,4251.41,8.355005971602605,-0.09160499955296164,-0.17787734517313003,0.062,5.475157973852795,5.4909836065573785,5.466243252750907,5.4909836065573785,5.336528713278325,5.418513119533528,5.3147113359883855,5.373741255322182,5.325786924939468
2024-03-01,5.4,5.4,5.4,exact,5.4,1.0,4286.5,8.36322582811881,-0.08342934249709277,-0.17109176486968358,0.07,5.443385308960474,5.4,5.4320365644616615,5.4,5.311115174242077,5.3909090909090915,5.28835403637556,5.365744098714084,5.325786924939468
2024-03-04,5.4,5.4,5.4,exact,5.4,1.0,4296.9,8.365649111453928,-0.08051790579516616,-0.1690806495902354,0.076,5.433968503178766,5.4,5.421952142973588,5.4,5.302065148076551,5.3909090909090915,5.280542240537049,5.35974623125801,5.325786924939468
2024-03-05,5.4,5.4,5.4,exact,5.4,1.0,4286.67,8.363265486728174,-0.08202913330608941,-0.17105889086992343,0.072,5.443231380404427,5.4,5.431871526338938,5.4,5.306762708049903,5.3909090909090915,5.28822634355897,5.36374480956206,5.325786924939468
2024-03-06,5.4,5.4,5.4,exact,5.4,1.0,4288.04,8.363585031065337,-0.08106568332925623,-0.17058385477615834,0.074,5.441990897335105,5.4,5.4305417520887005,5.4,5.303767881648991,5.3909090909090915,5.286381155956677,5.361745520410035,5.325786924939468
2024-03-07,5.5,5.5,5.5,exact,5.5,1.0,4249.46,8.354547195022278,-0.0886646243354654,-0.1780462093443843,0.062,5.476923624936866,5.4909836065573785,5.468152437837865,5.4909836065573785,5.327388733474816,5.418513119533528,5.31536725683179,5.373741255322182,5.325786924939468
2024-03-08,5.4,5.4,5.4,exact,5.4,1.0,4285.62,8.363020511346976,-0.08028572815531065,-0.17105194440952043,0.072,5.4441821156035415,5.4,5.432890984097924,5.4,5.301343437824581,5.3909090909090915,5.288199361351126,5.36374480956206,5.325786924939468
2024-03-11,5.4,5.4,5.4,exact,5.4,1.0,4352.16,8.378427552565856,-0.06539369951110374,-0.158181413746748,0.102,5.3839326678424975,5.367064846416383,5.368775040541635,5.367064846416383,5.255052461002504,5.273564954682779,5.23820622624926,5.333755472281693,5.275743855109962
2024-03-12,5.4,5.4,5.4,exact,5.4,1.0,4368.39,8.382149799153295,-0.06126203701464028,-0.15504211839572912,0.106,5.369237018050465,5.367064846416383,5.353285022133022,5.367064846416383,5.242209436225296,5.2111721611721595,5.226012228913774,5.3297568939776445,5.275743855109962
2024-03-13,5.4,5.4,5.4,exact,5.4,1.0,4358.35,8.37984882434948,-0.06277841288304964,-0.15698411009777646,0.106,5.378327857478191,5.367064846416383,5.3628604603076795,5.367064846416383,5.246922999558751,5.2111721611721595,5.2335555273271,5.3297568939776445,5.275743855109962
2024-03-14,5.4,5.4,5.4,exact,5.4,1.0,4339.61,8.37553976130549,-0.06614784351059988,-0.16032792721672073,0.096,5.395296217127155,5.4,5.38079249793801,5.4,5.257396672341015,5.273564954682779,5.246543950676794,5.339753339737767,5.275743855109962
2024-03-15,5.4,5.4,5.4,exact,5.4,1.0,4372.02,8.382980423851382,-0.0585392126960359,-0.15405690934209448,0.112,5.365950190647811,5.367064846416383,5.349828402169301,5.367064846416383,5.23374570032776,5.180448979591837,5.222185371217502,5.323759026521571,5.275743855109962
2024-03-18,5.3,5.3,5.3,exact,5.3,1.0,4430.66,8.396303836140783,-0.04538929921793733,-0.14271064312277737,0.136,5.312853893432488,5.3,5.294383418399313,5.3,5.192869983891116,5.15,5.178112952226671,5.299767556697278,5.254240282685513
2024-03-19,5.3,5.3,5.3,exact,5.3,1.0,4401.3,8.389655230813709,-0.05116706171155272,-0.14839151584104393,0.124,5.3394382605239255,5.3,5.322051391621606,5.3,5.210829811666458,5.180448979591837,5.20017922476369,5.311763291609425,5.254240282685513
2024-03-20,5.3,5.3,5.3,exact,5.3,1.0,4424.51,8.39491481684724,-0.045639094095972,-0.14390060794625614,0.134,5.318422485313016,5.3,5.300163780855556,5.3,5.193646456270107,5.180448979591837,5.182735144873219,5.301766845849302,5.254240282685513
2024-03-21,5.3,5.3,5.3,exact,5.3,1.0,4420.66,8.394044285191402,-0.045998016645444784,-0.14464554527477558,0.132,5.321908514376438,5.3,5.303786472436421,5.3,5.194762145462998,5.180448979591837,5.1856287126275635,5.303766135001327,5.254240282685513
2024-03-22,5.4,5.4,5.4,exact,5.4,1.0,4370.85,8.382712777184558,-0.05620943132159861,-0.15428329289387832,0.112,5.3670095812982535,5.367064846416383,5.350942205808778,5.367064846416383,5.226503714821202,5.180448979591837,5.223064715184407,5.323759026521571,5.275743855109962
2024-03-25,5.4,5.4,5.4,exact,5.4,1.0,4309.05,8.368472741168846,-0.06900640625052135,-0.16624098819322708,0.088,5.422967138731866,5.4,5.410201691939314,5.4,5.266282342970559,5.292654867256638,5.269512114461921,5.347750496345864,5.275743855109962
2024-03-26,5.4,5.4,5.4,exact,5.4,1.0,4314.0,8.369620826949102,-0.06737806508663435,-0.16528321162798798,0.092,5.418485101364611,5.4,5.405423967129018,5.4,5.261220742239268,5.273564954682779,5.265791813063479,5.343751918041815,5.275743855109962
2024-03-27,5.5,5.5,5.5,exact,5.5,1.0,4221.59,8.347967113318518,-0.08679020559495365,-0.18316364241460314,0.054,5.502158853507654,5.5,5.495535252040831,5.5,5.321562215372754,5.418513119533528,5.335244954928124,5.38173841193028,5.339534883720931
2024-03-28,5.4,5.4,5.4,exact,5.4,1.0,4275.62,8.360684400094904,-0.07454831281526753,-0.17270936608735699,0.074,5.453236736547492,5.4,5.44261264155643,5.4,5.283509026753402,5.292654867256638,5.294637301482103,5.361745520410035,5.325786924939468
2024-03-29,5.4,5.4,5.4,exact,5.4,1.0,4310.67,8.36884862345251,-0.06644632044794041,-0.16592753404460336,0.096,5.421500290138946,5.4,5.408637469001185,5.4,5.258324469978158,5.273564954682779,5.268294561276976,5.339753339737767,5.275743855109962
2024-04-01,5.3,5.3,5.3,exact,5.3,1.0,4392.63,8.387683415525409,-0.048187547904489425,-0.1500690760068264,0.136,5.347288616882331,5.3,5.330257042267434,5.3,5.201568171907426,5.180448979591837,5.206695389031264,5.299767556697278,5.254240282685513
2024-04-02,,5.3,5.4,range,5.35,0.55,4374.78,8.38361151181306,-0.05151335434889415,-0.1535228763481432,0.128,5.3634511152672815,5.367064846416383,5.347202148396427,5.367064846416383,5.211906241535875,5.180448979591837,5.220111021346857,5.307764713305375,5.254240282685513
2024-04-03,5.4,5.4,5.4,exact,5.4,1.0,4353.74,8.378790524807059,-0.05549183637618216,-0.15759391047594729,0.116,5.382502037733353,5.367064846416383,5.367264542361049,5.367064846416383,5.224273114022645,5.180448979591837,5.235924181230334,5.319760448217522,5.275743855109962
2024-04-08,5.4,5.4,5.4,exact,5.4,1.0,4293.42,8.364838897121897,-0.06795748360269271,-0.16926524025680023,0.088,5.437119511267261,5.4,5.4253238258063305,5.4,5.263021829904217,5.292654867256638,5.2812592479685145,5.347750496345864,5.275743855109962
2024-04-09,5.4,5.4,5.4,exact,5.4,1.0,4315.47,8.369961519949765,-0.06256823879435747,-0.16499878101164422,0.104,5.41715407208585,5.4,5.404006183344954,5.4,5.24626968602433,5.2111721611721595,5.2646869962845475,5.331756183129669,5.275743855109962
2024-04-10,,5.4,5.5,range,5.45,0.55,4258.49,8.356669916333692,-0.07432761726052284,-0.17602385347372995,0.07,5.468747302224479,5.482258064516129,5.459318796267439,5.482258064516129,5.282823007873536,5.292654867256638,5.307511799048831,5.365744098714084,5.325786924939468
2024-04-11,,5.4,5.5,range,5.45,0.55,4265.38,8.358286553260484,-0.07221970191049676,-0.1746907058910031,0.074,5.462508668394097,5.45,5.452591209803778,5.45,5.276270679581519,5.292654867256638,5.3023334401326165,5.361745520410035,5.325786924939468
2024-04-12,5.5,5.5,5.5,exact,5.5,1.0,4235.38,8.351228331514163,-0.07809922936271618,-0.18049541234699762,0.064,5.489672531225947,5.5,5.481963789565576,5.5,5.2945468376200235,5.3909090909090915,5.324880721335293,5.371741966170157,5.325786924939468
2024-04-15,,5.4,5.5,range,5.45,0.55,4249.41,8.354535428752172,-0.0743808011163688,-0.1777807446277443,0.066,5.476968898041585,5.4909836065573785,5.468201402820775,5.4909836065573785,5.2829883266959135,5.292654867256638,5.314336109492841,5.369742677018133,5.325786924939468
2024-04-16,5.6,5.6,5.6,exact,5.6,1.0,4126.45,8.32517275215332,-0.10037850008455007,-0.20157230148871375,0.034,5.588304517168397,5.6,5.590393307725037,5.6,5.3638006128602695,5.576470588235294,5.406749899382211,5.401731303450524,5.407410881801126
2024-04-17,5.5,5.5,5.5,exact,5.5,1.0,4251.51,8.3550294929341,-0.07240695514196338,-0.17737441517582453,0.074,5.4750674276433555,5.4909836065573785,5.4661453694298245,5.4909836065573785,5.276852745007579,5.292654867256638,5.3127577998086535,5.361745520410035,5.325786924939468
2024-04-18,5.5,5.5,5.5,exact,5.5,1.0,4253.33,8.355457484531305,-0.07130437711097004,-0.1770222629841609,0.078,5.473419486631556,5.4909836065573785,5.464364295134047,5.4909836065573785,5.273425447404502,5.292654867256638,5.311389931415691,5.357746942105987,5.325786924939468
2024-04-19,5.5,5.5,5.5,exact,5.5,1.0,4226.22,8.349063255505332,-0.07646827475719797,-0.18226778271822797,0.06,5.497966564010605,5.5,5.490973688948934,5.5,5.28947711316235,5.3909090909090915,5.3317651578625105,5.375740544474207,5.325786924939468
2024-04-22,5.5,5.5,5.5,exact,5.5,1.0,4204.4,8.343886874949199,-0.08049948394772222,-0.18648973921388812,0.054,5.517723746910305,5.5,5.512515042596782,5.5,5.302007884869944,5.3909090909090915,5.348164547057257,5.38173841193028,5.339534883720931
2024-04-23,5.5,5.5,5.5,exact,5.5,1.0,4183.7,8.338951301453227,-0.08427269600475695,-0.19049498666852427,0.05,5.536466812264282,5.5,5.533054284829603,5.5,5.3137366879799846,5.418513119533528,5.363722171087104,5.385736990234329,5.339534883720931
2024-04-24,5.5,5.5,5.5,exact,5.5,1.0,4226.65,8.349164996097667,-0.07413171795843831,-0.1821845819256921,0.066,5.497577215310017,5.5,5.490550298501482,5.5,5.282214066656129,5.292654867256638,5.331441980165272,5.369742677018133,5.325786924939468
2024-04-25,5.5,5.5,5.5,exact,5.5,1.0,4234.66,8.351058320510264,-0.07166852453095529,-0.18063472530194158,0.074,5.490324463933912,5.5,5.48267128529919,5.5,5.274557377793644,5.292654867256638,5.325421856084158,5.361745520410035,5.325786924939468
2024-04-26,5.4,5.4,5.4,exact,5.4,1.0,4305.35,8.367613714370107,-0.0554871978395971,-0.16695690198946633,0.118,5.426317348481128,5.4,5.413776506399721,5.4,5.2242586954101995,5.180448979591837,5.27229294581025,5.317761159065498,5.275743855109962
2024-04-29,5.4,5.4,5.4,exact,5.4,1.0,4380.75,8.384975221588528,-0.03828128507037942,-0.15236773976340023,0.166,5.358045506563743,5.367064846416383,5.341527110746497,5.367064846416383,5.170775148726828,5.107692307692308,5.215624112387523,5.269778219416911,5.167714285714286
2024-04-30,5.4,5.4,5.4,exact,5.4,1.0,4353.88,8.378822680551112,-0.04349698073280028,-0.15756682184581927,0.148,5.382375273040138,5.367064846416383,5.367130727189043,5.367064846416383,5.186987825507709,5.115562913907286,5.235818960584721,5.287771821785131,5.2
2024-05-06,5.3,5.3,5.3,exact,5.3,1.0,4428.17,8.39574168514216,-0.026572367103541827,-0.14302661779448145,0.192,5.315108494047531,5.3,5.296722793051842,5.3,5.1343786803097915,5.009009393680615,5.179340295905433,5.243787460440593,5.139005235602093
2024-05-07,5.3,5.3,5.3,exact,5.3,1.0,4435.58,8.397413664096039,-0.02435335513451664,-0.1360550047720146,0.204,5.308399019928064,5.278571428571428,5.289764902389301,5.278571428571428,5.127481014848611,5.009009393680615,5.1522603874819035,5.231791725528447,5.139005235602093
2024-05-08,,5.3,5.4,range,5.35,0.55,4387.87,8.386599194702836,-0.03432450432705869,-0.1435678832344739,0.17,5.351598616451651,5.35,5.3347689949567965,5.35,5.158475733378178,5.014159292035399,5.1814427388408895,5.265779641112863,5.152380952380953
2024-05-09,5.3,5.3,5.3,exact,5.3,1.0,4441.63,8.398776705172386,-0.022047621872616774,-0.11551267499054096,0.212,5.302920974256974,5.278571428571428,5.284092647510867,5.278571428571428,5.120313781455864,5.009009393680615,5.072467603875649,5.223794568920349,5.075
2024-05-10,5.3,5.3,5.3,exact,5.3,1.0,4425.06,8.395039116672137,-0.02528647069972878,-0.11881235438198212,0.192,5.317924481161099,5.3,5.299646510833107,5.3,5.130381548552483,5.009009393680615,5.085284582594817,5.243787460440593,5.139005235602093
2024-05-13,5.3,5.3,5.3,exact,5.3,1.0,4400.23,8.389412091267454,-0.03031588876414726,-0.12375689507537291,0.178,5.340407104964928,5.3,5.323063209608101,5.3,5.1460151926053435,5.009009393680615,5.104490713047259,5.257782484504765,5.139005235602093
2024-05-14,5.3,5.3,5.3,exact,5.3,1.0,4405.66,8.390645356885859,-0.028668382015765825,-0.12267558794830435,0.184,5.335490445792363,5.3,5.3179310114360945,5.3,5.140894016805483,5.009009393680615,5.100290580612431,5.251784617048691,5.139005235602093
2024-05-15,,5.3,5.4,range,5.35,0.55,4366.65,8.381751403719957,-0.03673203598614605,-0.13044387358862541,0.154,5.370812522094713,5.367064846416383,5.354942932873577,5.367064846416383,5.165959400975915,5.014159292035399,5.130465012708675,5.281773954329058,5.167714285714286
2024-05-16,,5.3,5.4,range,5.35,0.55,4375.15,8.38369608391826,-0.034315562229352725,-0.12875121970647396,0.166,5.363116094292355,5.367064846416383,5.346850204097294,5.367064846416383,5.158447937404403,5.014159292035399,5.123890219762813,5.269778219416911,5.167714285714286
2024-05-17,5.3,5.3,5.3,exact,5.3,1.0,4424.81,8.394982618667067,-0.022878589812240002,-0.11886213831969239,0.2,5.3181508466846985,5.3,5.299881625599966,5.3,5.12289679539923,5.009009393680615,5.085477958857931,5.235790303832496,5.139005235602093
2024-05-20,5.3,5.3,5.3,exact,5.3,1.0,4444.14,8.399341653413622,-0.01810906011366742,-0.11501284425592917,0.224,5.300648264400042,5.278571428571428,5.281741632216452,5.278571428571428,5.108070998726141,4.935148514851484,5.070526106193989,5.211798834008203,5.042857142857144
2024-05-21,5.3,5.3,5.3,exact,5.3,1.0,4414.56,8.392663447822498,-0.024169471746180782,-0.12090327976581627,0.192,5.3274318331522466,5.3,5.309532786056749,5.3,5.126909424377575,5.009009393680615,5.093406385645587,5.243787460440593,5.139005235602093
2024-05-22,5.3,5.3,5.3,exact,5.3,1.0,4420.67,8.3940465472945,-0.022359841692297877,-0.11004749049284224,0.196,5.321899459755493,5.3,5.303777058761689,5.3,5.121284298017546,5.009009393680615,5.051239131320096,5.239788882136545,5.139005235602093
2024-05-23,5.4,5.4,5.4,exact,5.4,1.0,4348.25,8.377528744288263,-0.03786313102139016,-0.12462681008433141,0.14,5.387473024631581,5.4,5.372515404442495,5.4,5.169475341974351,5.107692307692308,5.1078697328957405,5.2957689783932285,5.254240282685513
2024-05-24,5.4,5.4,5.4,exact,5.4,1.0,4302.13,8.366865527874127,-0.04757351823964262,-0.13391151347510022,0.118,5.4292329364250795,5.4,5.416890062238529,5.4,5.199659497564757,5.180448979591837,5.143934402112375,5.317761159065498,5.275743855109962
2024-05-27,5.4,5.4,5.4,exact,5.4,1.0,4343.26,8.376380497194658,-0.037952480701126556,-0.1256313779490308,0.14,5.391991280482612,5.4,5.377293800553488,5.4,5.16975308008865,5.107692307692308,5.111771786221651,5.2957689783932285,5.254240282685513
2024-05-28,5.4,5.4,5.4,exact,5.4,1.0,4305.39,8.367623005093089,-0.045826971056917576,-0.13325522264565726,0.122,5.426281129997351,5.4,5.413737843332498,5.4,5.1942304605217995,5.180448979591837,5.141385164869395,5.313762580761449,5.254240282685513
2024-05-29,5.4,5.4,5.4,exact,5.4,1.0,4311.23,8.368978525214485,-0.04401944080883735,-0.1320795360064101,0.13,5.420993231366086,5.4,5.408096886684291,5.4,5.188611861282022,5.115562913907286,5.136818433121236,5.305765424153351,5.254240282685513
2024-05-30,5.4,5.4,5.4,exact,5.4,1.0,4288.48,8.363687636784297,-0.04852743486370614,-0.13665947967813585,0.108,5.441592494013572,5.4,5.430114761442546,5.4,5.2026246901110325,5.180448979591837,5.154608355599086,5.32775760482562,5.275743855109962
2024-05-31,5.4,5.4,5.4,exact,5.4,1.0,4288.11,8.363601355406681,-0.04807825604738081,-0.13673396667411553,0.108,5.441927514988498,5.4,5.43047381882797,5.4,5.201228444732228,5.180448979591837,5.154897686206418,5.32775760482562,5.275743855109962
2024-06-03,,5.4,5.5,range,5.45,0.55,4264.53,8.358087254556791,-0.052749300458780346,-0.14148100279628217,0.094,5.463278311174333,5.45,5.453420585428553,5.45,5.215748105803866,5.180448979591837,5.173336647614229,5.3417526288897905,5.275743855109962
2024-06-04,5.4,5.4,5.4,exact,5.4,1.0,4285.91,8.363088177212955,-0.047502666226253765,-0.13717686232588677,0.104,5.443919531596167,5.4,5.432609394610225,5.4,5.199439258335573,5.180448979591837,5.156618030358122,5.331756183129669,5.275743855109962
2024-06-05,,5.4,5.5,range,5.45,0.55,4240.09,8.352339774415821,-0.05718821889540071,-0.14640117085505033,0.078,5.485407804761347,5.4909836065573785,5.4773385530041665,5.4909836065573785,5.229546217221319,5.180448979591837,5.192448107190433,5.357746942105987,5.325786924939468
2024-06-06,5.5,5.5,5.5,exact,5.5,1.0,4190.2,8.340503744473912,-0.06775605585461442,-0.15644483633999096,0.054,5.5305813086507145,5.5,5.52659383939595,5.5,5.262395703844404,5.292654867256638,5.231460820703399,5.38173841193028,5.339534883720931
2024-06-07,5.5,5.5,5.5,exact,5.5,1.0,4192.82,8.341128817558625,-0.06663398387441177,-0.1559173878819725,0.056,5.5282089979634,5.5,5.523992616354569,5.5,5.258907810470758,5.273564954682779,5.229412047213642,5.379739122778255,5.325786924939468
2024-06-11,5.5,5.5,5.5,exact,5.5,1.0,4184.72,8.339195075070002,-0.06790577874361514,-0.15754804914531206,0.052,5.535543240927999,5.5,5.532039828177503,5.5,5.2628611084544845,5.292654867256638,5.235746041590371,5.383737701082304,5.339534883720931
2024-06-12,5.5,5.5,5.5,exact,5.5,1.0,4201.18,8.343120717192683,-0.06370558619993694,-0.1542343844052415,0.06,5.520639334854257,5.5,5.515703385301528,5.5,5.249805062140518,5.2111721611721595,5.222874739437166,5.375740544474207,5.325786924939468
2024-06-13,5.5,5.5,5.5,exact,5.5,1.0,4176.73,8.33728392271438,-0.06862485640910554,-0.1591565656260634,0.048,5.542777883062216,5.5,5.539993031834172,5.5,5.265096318199359,5.292654867256638,5.241994018759515,5.387736279386353,5.339534883720931
2024-06-14,5.5,5.5,5.5,exact,5.5,1.0,4188.78,8.340164801067054,-0.06540743222937695,-0.15673070535158884,0.058,5.531867064824755,5.5,5.528004342297457,5.5,5.25509514833265,5.273564954682779,5.232571224655862,5.37773983362623,5.325786924939468
2024-06-17,5.5,5.5,5.5,exact,5.5,1.0,4182.15,8.338580747351076,-0.06630723180686326,-0.1580654317930632,0.05,5.537870278510594,5.5,5.534596334698911,5.5,5.257892121289195,5.273564954682779,5.237755716349407,5.385736990234329,5.339534883720931
2024-06-18,5.5,5.5,5.5,exact,5.5,1.0,4207.65,8.34465957605338,-0.060056653274934146,-0.15293186855662333,0.072,5.514780995103521,5.5,5.509299469945439,5.5,5.238462573249837,5.198360655737705,5.217815363681927,5.36374480956206,5.325786924939468
2024-06-19,5.5,5.5,5.5,exact,5.5,1.0,4177.57,8.337485016762434,-0.06625741554647135,-0.1589874600135689,0.05,5.542017294902924,5.5,5.539156184937269,5.5,5.257737270435073,5.273564954682779,5.241337160083409,5.385736990234329,5.339534883720931
2024-06-20,5.6,5.6,5.6,exact,5.6,1.0,4124.0,8.32457884513685,-0.07767790428023214,-0.16977196913419945,0.034,5.590522899299665,5.6,5.592864834100851,5.6,5.293237173900339,5.3909090909090915,5.283227540177406,5.401731303450524,5.407410881801126
2024-06-21,5.6,5.6,5.6,exact,5.6,1.0,4119.17,8.323406965737844,-0.07819731175386313,-0.17074432640604276,0.034,5.5948962812155925,5.6,5.597741575347534,5.6,5.294851720843372,5.3909090909090915,5.287004477565011,5.401731303450524,5.407410881801126
2024-06-24,5.6,5.6,5.6,exact,5.6,1.0,4045.24,8.30529616024176,-0.0941077076921849,-0.18562763346761135,0.024,5.661837093854217,5.6,5.673109153485953,5.6,5.344308231249523,5.418513119533528,5.344815860808417,5.411727749210646,5.51861313868613
2024-06-25,5.7,5.7,5.7,exact,5.7,1.0,4022.65,8.29969616841366,-0.09850256292719473,-0.19017536654648093,0.022,5.6822914825666,5.7,5.696413352836444,5.7,5.357969374850625,5.576470588235294,5.362480667347961,5.41372703836267,5.51861313868613
2024-06-26,5.6,5.6,5.6,exact,5.6,1.0,4081.94,8.314327644584644,-0.08457170265931568,-0.17823932873124493,0.034,5.62860663498992,5.6,5.635524900148049,5.6,5.314666132211292,5.418513119533528,5.316117392459533,5.401731303450524,5.407410881801126
2024-06-27,,5.6,5.7,range,5.65,0.55,4024.88,8.300250375743632,-0.09668291898877313,-0.18972643140854917,0.024,5.6802723020961,5.65,5.694107035524631,5.65,5.352313120931809,5.4887096774193544,5.360736863957825,5.411727749210646,5.51861313868613
2024-06-28,5.6,5.6,5.6,exact,5.6,1.0,4039.97,8.30399254518505,-0.09257792681931631,-0.18668856986980886,0.026,5.666608879091679,5.6,5.678534108752032,5.6,5.339552999264635,5.418513119533528,5.348936867026363,5.409728460058622,5.514285714285714
2024-07-01,5.6,5.6,5.6,exact,5.6,1.0,4070.44,8.311506380701488,-0.08499823399021367,-0.18055446509277662,0.038,5.639019449075462,5.6,5.647265505843855,5.6,5.315991979241553,5.418513119533528,5.32511010052526,5.397732725146475,5.407410881801126
2024-07-02,5.6,5.6,5.6,exact,5.6,1.0,4055.67,8.307871181014292,-0.08758477906744866,-0.18352790544580477,0.034,5.652393124209676,5.6,5.662393281167418,5.6,5.324032099300423,5.418513119533528,5.33665986558011,5.401731303450524,5.407410881801126
2024-07-03,5.6,5.6,5.6,exact,5.6,1.0,4032.86,8.302231080658142,-0.0919740008699158,-0.18811992808985145,0.026,5.673046714582827,5.610784313725491,5.685864390963857,5.610784313725491,5.337675731714734,5.418513119533528,5.354496706534825,5.409728460058622,5.514285714285714
2024-07-04,5.7,5.7,5.7,exact,5.7,1.0,3979.92,8.289016997573952,-0.10318860714774836,-0.19877760800111133,0.018,5.720981877860099,5.7,5.740854404499736,5.7,5.372535661928326,5.582764505119454,5.395894442621743,5.417725616666719,5.605305466237943
2024-07-05,5.7,5.7,5.7,exact,5.7,1.0,3989.44,8.291406149156611,-0.10040989094165631,-0.19686107772617378,0.022,5.712361878721459,5.7,5.730912021283842,5.7,5.363898189454664,5.576470588235294,5.388450044292551,5.41372703836267,5.51861313868613
2024-07-08,5.7,5.7,5.7,exact,5.7,1.0,3928.15,8.275923856117947,-0.1135105812373608,-0.20919974795211094,0.014,5.767857650486929,5.7,5.79534112304885,5.7,5.40462089858453,5.653708987161199,5.4363772684098,5.421724194970769,5.606624605678233
2024-07-09,5.7,5.7,5.7,exact,5.7,1.0,3989.07,8.291313400009146,-0.09909019146362075,-0.19693556472215346,0.024,5.712696899696384,5.7,5.731297994101027,5.7,5.359795982870901,5.576470588235294,5.388739374899882,5.411727749210646,5.51861313868613
2024-07-10,5.7,5.7,5.7,exact,5.7,1.0,3969.79,8.286468475556713,-0.10275640670561115,-0.20081694116131277,0.018,5.730154208876321,5.7,5.751460003036655,5.7,5.37119219280619,5.582764505119454,5.403815845465727,5.417725616666719,5.605305466237943
2024-07-11,5.6,5.6,5.6,exact,5.6,1.0,4041.79,8.304442942135905,-0.08580696167072133,-0.1863221743760708,0.042,5.664960938079879,5.6,5.676659795243765,5.6,5.3185058606749145,5.418513119533528,5.347513673228135,5.3937341468424265,5.396350364963505
2024-07-12,5.6,5.6,5.6,exact,5.6,1.0,4036.84,8.303217486676385,-0.08621243961304426,-0.18731868959255615,0.038,5.669442975447135,5.6,5.68175949167199,5.6,5.319766264510978,5.418513119533528,5.351384447569469,5.397732725146475,5.407410881801126
2024-07-15,5.7,5.7,5.7,exact,5.7,1.0,4016.26,8.298106400311811,-0.09013080933352258,-0.19146177709867118,0.032,5.688077385349784,5.7,5.703029125484662,5.7,5.3319462815015815,5.418513119533528,5.367477485134048,5.403730592602549,5.407410881801126
2024-07-16,,5.6,5.7,range,5.65,0.55,4033.05,8.302278192515336,-0.08562701018430663,-0.18808167801083486,0.04,5.672874676784891,5.610784313725491,5.685668336372082,5.610784313725491,5.317946492284903,5.418513119533528,5.354348131358087,5.39573343599445,5.396350364963505
2024-07-17,5.7,5.7,5.7,exact,5.7,1.0,4013.72,8.297473771068722,-0.08931307261619881,-0.1919731202602617,0.032,5.690377259069548,5.7,5.705661793254265,5.7,5.329404396018242,5.418513119533528,5.369463700654651,5.403730592602549,5.407410881801126
2024-07-18,,5.6,5.7,range,5.65,0.55,4028.92,8.30125362895053,-0.08519822333929494,-0.18891311393893284,0.04,5.6766142352347435,5.65,5.689932027158505,5.65,5.3166136341244545,5.418513119533528,5.357577686515604,5.39573343599445,5.396350364963505
2024-07-19,5.6,5.6,5.6,exact,5.6,1.0,4042.73,8.304675485318242,-0.0813928978780335,-0.18613293714304124,0.054,5.664109803711148,5.6,5.675692073710394,5.6,5.304785008425683,5.3909090909090915,5.346778617090588,5.38173841193028,5.339534883720931
2024-07-22,5.6,5.6,5.6,exact,5.6,1.0,4032.86,8.302231080658142,-0.0829298842744226,-0.18811992808985145,0.043,5.673046714582827,5.610784313725491,5.685864390963857,5.610784313725491,5.309562638347767,5.3909090909090915,5.354496706534825,5.392734502266414,5.396350364963505
2024-07-23,5.7,5.7,5.7,exact,5.7,1.0,3939.51,8.278811629075719,-0.10343106173192484,-0.2069127958593283,0.016,5.757571601094602,5.7,5.7833237418181795,5.7,5.3732893174446215,5.582764505119454,5.427494036790091,5.419724905818744,5.605305466237943
2024-07-24,5.8,5.8,5.8,exact,5.8,1.0,3899.95,8.268719011522734,-0.11163245742633032,-0.2148768649429974,0.014,5.7933916815488695,5.790983606557376,5.82532386943317,5.790983606557376,5.398782863493238,5.653708987161199,5.45842895253619,5.421724194970769,5.606624605678233
2024-07-25,5.8,5.8,5.8,approx,5.8,0.5,3891.1,8.26644717298841,-0.112841151804003,-0.21665851336035002,0.012,5.801405021084266,5.790983606557376,5.834778057889366,5.790983606557376,5.402540017388023,5.653708987161199,5.465349427873727,5.423723484122792,5.606624605678233
2024-07-26,5.7,5.7,5.7,exact,5.7,1.0,3927.62,8.275788923450415,-0.1037502516724752,-0.2093064455409468,0.018,5.7683375453969585,5.7,5.795902641329512,5.7,5.374281500208492,5.582764505119454,5.436791714955438,5.417725616666719,5.605305466237943
2024-07-29,5.7,5.7,5.7,exact,5.7,1.0,3914.44,8.27242755860245,-0.1059931002849438,-0.2119597931274675,0.018,5.780271535801085,5.7,5.8098908611182765,5.7,5.3812532604445025,5.582764505119454,5.447098140373376,5.417725616666719,5.605305466237943
2024-07-30,,5.7,5.8,range,5.75,0.55,3906.45,8.270384312174036,-0.10705286900762179,-0.2135683096082186,0.018,5.787506177935302,5.75,5.818393770328072,5.75,5.384547487883243,5.582764505119454,5.453346117542519,5.417725616666719,5.605305466237943
2024-07-31,5.7,5.7,5.7,exact,5.7,1.0,4020.58,8.299181449812874,-0.08031190295233459,-0.19059209109155673,0.048,5.684165789101998,5.7,5.6985553389768455,5.7,5.301424800609418,5.3909090909090915,5.364099354799792,5.387736279386353,5.339534883720931
2024-08-01,5.7,5.7,5.7,exact,5.7,1.0,4003.24,8.294859312229066,-0.08361739262159684,-0.1940829140923358,0.044,5.699866501818808,5.7,5.7165417859155525,5.7,5.311699716762292,5.3909090909090915,5.377658794613678,5.391734857690402,5.396350364963505
2024-08-02,5.7,5.7,5.7,exact,5.7,1.0,3956.12,8.283019025952921,-0.09372011440295658,-0.2035689336884552,0.028,5.742531875706701,5.7,5.765814784915605,5.7,5.343103420783688,5.418513119533528,5.414505438444724,5.407729170906597,5.407410881801126
2024-08-05,,5.7,5.8,range,5.75,0.55,3883.97,8.264613105385505,-0.10943097684565029,-0.21809389790449973,0.012,5.8078609658173015,5.790983606557376,5.842410475641465,5.790983606557376,5.391939693300025,5.653708987161199,5.470924906874478,5.423723484122792,5.606624605678233
2024-08-06,5.7,5.7,5.7,exact,5.7,1.0,3912.69,8.271980395969617,-0.10205929241090805,-0.21231209648683091,0.022,5.781856094466276,5.7,5.811751715108336,5.7,5.369025254880578,5.576470588235294,5.448466595948594,5.41372703836267,5.51861313868613
2024-08-07,5.7,5.7,5.7,exact,5.7,1.0,3912.14,8.27183981783542,-0.10141430764589598,-0.21242282039977378,0.022,5.782354098618194,5.7,5.81233672683053,5.7,5.3670203584678,5.576470588235294,5.44889668198652,5.41372703836267,5.51861313868613
2024-08-08,5.7,5.7,5.7,exact,5.7,1.0,3909.42,8.271144304380394,-0.10120081292928906,-0.21297040047832738,0.022,5.784816955514948,5.7,5.815231085376837,5.7,5.366356722960898,5.576470588235294,5.451023652937718,5.41372703836267,5.51861313868613
2024-08-09,,5.7,5.8,range,5.75,0.55,3888.78,8.265850762743325,-0.10506450394447009,-0.21712556695676333,0.014,5.803505693143261,5.790983606557376,5.8372600013765705,5.790983606557376,5.378366774479365,5.582764505119454,5.467163608979161,5.421724194970769,5.606624605678233
2024-08-12,,5.7,5.8,range,5.75,0.55,3875.28,8.262373197241475,-0.10728945677261459,-0.21984333572899617,0.012,5.815729431417594,5.790983606557376,5.851731786728628,5.790983606557376,5.385282906744388,5.582764505119454,5.4777202662737094,5.423723484122792,5.606624605678233
2024-08-13,5.8,5.8,5.8,exact,5.8,1.0,3890.66,8.266334088030645,-0.10289041272344357,-0.21674709249070434,0.018,5.801803424405799,5.790983606557376,5.835248657575974,5.790983606557376,5.371608742465992,5.582764505119454,5.465693496704069,5.417725616666719,5.605305466237943
2024-08-14,5.8,5.8,5.8,exact,5.8,1.0,3858.53,8.258041560909547,-0.10940352422615462,-0.22321538216861847,0.01,5.830895921498711,5.8,5.869757762424982,5.8,5.3918543584807646,5.653708987161199,5.4908183410650935,5.425722773274817,5.606624605678233
2024-08-15,5.8,5.8,5.8,exact,5.8,1.0,3894.41,8.267297470579559,-0.10023070576267579,-0.21599215672063965,0.024,5.798407941551818,5.790983606557376,5.831239569766588,5.790983606557376,5.363341203085297,5.576470588235294,5.462761091900028,5.411727749210646,5.51861313868613
2024-08-16,5.8,5.8,5.8,exact,5.8,1.0,3886.64,8.265300310149371,-0.10115518478122132,-0.21755638363621366,0.018,5.805443382025267,5.790983606557376,5.83955069346618,5.790983606557376,5.3662148906024525,5.576470588235294,5.468837034654001,5.417725616666719,5.605305466237943
2024-08-19,5.8,5.8,5.8,exact,5.8,1.0,3892.44,8.266791489331164,-0.09895885677859773,-0.21123118729520574,0.026,5.800191701877775,5.790983606557376,5.833345195675015,5.790983606557376,5.359387736888732,5.576470588235294,5.444268009218517,5.409728460058622,5.514285714285714
2024-08-20,5.8,5.8,5.8,exact,5.8,1.0,3845.22,8.254586097468055,-0.10902813214442686,-0.218165182383799,0.008,5.842947621975108,5.8,5.884137570710557,5.8,5.390687474735801,5.653708987161199,5.471201797913213,5.427722062426842,5.606624605678233
2024-08-21,5.8,5.8,5.8,exact,5.8,1.0,3831.52,8.251016870284609,-0.11132345533746757,-0.21786879289298233,0.008,5.8553524526683205,5.8,5.898990803422947,5.8,5.39782234905459,5.653708987161199,5.470050529154728,5.427722062426842,5.606624605678233
2024-08-22,5.8,5.8,5.8,exact,5.8,1.0,3800.87,8.24298526687845,-0.11761560615246291,-0.22412540162733063,0.006,5.883104865861528,5.8,5.93241408199669,5.8,5.417381122039577,5.653708987161199,5.494353139041708,5.429721351578866,5.638461538461538
2024-08-23,5.8,5.8,5.8,exact,5.8,1.0,3806.93,8.244578369031943,-0.11540202025166646,-0.20665488540359855,0.008,5.877617765569495,5.8,5.9257844347917725,5.8,5.410500323185667,5.653708987161199,5.4264922325447715,5.427722062426842,5.606624605678233
2024-08-26,5.8,5.8,5.8,exact,5.8,1.0,3814.97,8.246688079991701,-0.11275037369666652,-0.20339234331867495,0.01,5.870337850330559,5.8,5.917004935412606,5.8,5.4022578390923,5.653708987161199,5.413819506648638,5.425722773274817,5.606624605678233
2024-08-27,5.9,5.9,5.9,exact,5.9,1.0,3778.92,8.237193533503817,-0.12036213746572277,-0.2069372944635538,0.006,5.9029797588334985,5.9,5.956516208087322,5.9,5.425918549706471,5.653708987161199,5.427589196971357,5.429721351578866,5.638461538461538
2024-08-28,5.9,5.9,5.9,exact,5.9,1.0,3772.0,8.235360643753348,-0.12116808783323851,-0.20754304730371353,0.006,5.909245556526712,5.9,5.964143724241559,5.9,5.428423798029165,5.653708987161199,5.429942128980915,5.429721351578866,5.638461538461538
2024-08-29,5.8,5.8,5.8,exact,5.8,1.0,3793.0,8.2409125416889,-0.11554116041988449,-0.20313117137406822,0.01,5.890230852544416,5.8,5.941039666193738,5.8,5.410932832043653,5.653708987161199,5.412805033768408,5.425722773274817,5.606624605678233
2024-08-30,5.8,5.8,5.8,exact,5.8,1.0,3854.74,8.257058838846138,-0.10049402286849163,-0.19016025614091114,0.024,5.834327622836469,5.8,5.873847331048438,5.8,5.36415970849738,5.576470588235294,5.362421973843638,5.411727749210646,5.51861313868613
2024-09-02,5.8,5.8,5.8,exact,5.8,1.0,3786.0,8.239065331769268,-0.1158120742031431,-0.20460179668395007,0.01,5.896569087205182,5.8,5.948726775305808,5.8,5.411774951271411,5.653708987161199,5.418517398839244,5.425722773274817,5.606624605678233
2024-09-03,5.8,5.8,5.8,exact,5.8,1.0,3809.5,8.245253225913064,-0.10968346359649328,-0.199664697429347,0.018,5.875290727986899,5.8,5.922976037963089,5.8,5.392724533204003,5.653708987161199,5.399340173244296,5.417725616666719,5.605305466237943
2024-09-04,5.8,5.8,5.8,exact,5.8,1.0,3787.36,8.23942448543808,-0.11418458569287437,-0.20431607519517303,0.012,5.895337658756805,5.8,5.947232168000589,5.8,5.406716000962693,5.653708987161199,5.417407567911196,5.423723484122792,5.606624605678233
2024-09-05,5.8,5.8,5.8,exact,5.8,1.0,3804.18,8.243855741157779,-0.10962932729864716,-0.2007823726648571,0.018,5.880107786329081,5.8,5.928791629186456,5.8,5.392556253772859,5.653708987161199,5.403681570698131,5.417725616666719,5.605305466237943
2024-09-06,5.9,5.9,5.9,exact,5.9,1.0,3758.18,8.231690076644336,-0.11970348048731427,-0.2104464818440801,0.004,5.921759042671251,5.9,5.979418680038556,5.9,5.423871154039322,5.653708987161199,5.441219969735051,5.43172064073089,5.664285714285713
2024-09-09,5.9,5.9,5.9,exact,5.9,1.0,3725.79,8.223034188864675,-0.12650096739257666,-0.21725127524223298,0.004,5.9510869599087055,5.9,6.015439899455444,5.9,5.445000733917096,5.700000000000001,5.467651898969961,5.43172064073089,5.664285714285713
2024-09-10,5.9,5.9,5.9,exact,5.9,1.0,3732.97,8.224959442450468,-0.12402268610340406,-0.21574283385295434,0.006,5.9445857420709505,5.9,6.007428013949031,5.9,5.4372971453425265,5.700000000000001,5.461792644511589,5.429721351578866,5.638461538461538
2024-09-11,5.9,5.9,5.9,exact,5.9,1.0,3723.93,8.22253484122781,-0.12536542163303965,-0.21764204139600163,0.004,5.9527711194042805,5.9,6.017517919786883,5.9,5.441470958109448,5.700000000000001,5.469169755974497,5.43172064073089,5.664285714285713
2024-09-12,5.9,5.9,5.9,exact,5.9,1.0,3710.27,8.218859929233739,-0.12777066289993833,-0.22051186164357084,0.004,5.965139731613717,5.9,6.0328109566937655,5.9,5.4489475061605965,5.700000000000001,5.480317028384156,5.43172064073089,5.664285714285713
2024-09-13,5.9,5.9,5.9,exact,5.9,1.0,3681.44,8.211059258971222,-0.13366962105632763,-0.22656873702698388,0.004,5.991244203795125,5.9,6.065273213862248,5.9,5.467284063376262,5.700000000000001,5.50384381195447,5.43172064073089,5.664285714285713
2024-09-18,5.9,5.9,5.9,exact,5.9,1.0,3684.16,8.211797827485299,-0.13217590224605624,-0.22599729404942992,0.006,5.988781346898371,5.9,6.062199682968924,5.9,5.462640928147545,5.700000000000001,5.501624150098373,5.429721351578866,5.638461538461538
2024-09-19,5.9,5.9,5.9,exact,5.9,1.0,3731.52,8.224570936331968,-0.12018994043655351,-0.21156519791583028,0.014,5.9458986621078225,5.9,6.00904477060017,5.9,5.425383285581176,5.653708987161199,5.445565410119837,5.421724194970769,5.606624605678233
2024-09-20,5.9,5.9,5.9,exact,5.9,1.0,3727.81,8.223576208841452,-0.12029101501285733,-0.21234908574591893,0.014,5.949257926478028,5.9,6.013184299451282,5.9,5.4256974698324125,5.653708987161199,5.44861027370947,5.421724194970769,5.606624605678233
2024-09-23,5.9,5.9,5.9,exact,5.9,1.0,3736.57,8.225923357304325,-0.11745887638532737,-0.2048006878190899,0.02,5.9413260785311275,5.9,6.003416710968466,5.9,5.416893936969555,5.653708987161199,5.419289953728404,5.415726327514695,5.51861313868613
2024-09-24,5.8,5.8,5.8,exact,5.8,1.0,3888.2,8.265701604586539,-0.08094142836555607,-0.17253150198663092,0.066,5.804030861158012,5.790983606557376,5.837880718607451,5.790983606557376,5.30338164255544,5.3909090909090915,5.293946422119755,5.369742677018133,5.325786924939468
2024-09-25,5.7,5.7,5.7,exact,5.7,1.0,3937.57,8.278319060753644,-0.06860613035361462,-0.16202481000912972,0.096,5.759328197557728,5.7,5.785373550232862,5.7,5.265038109380305,5.292654867256638,5.25313517002242,5.339753339737767,5.275743855109962
2024-09-26,5.6,5.6,5.6,exact,5.6,1.0,4096.24,8.317824758752797,-0.03056513415946327,-0.1272451453724971,0.162,5.615658527040071,5.6,5.6209717636028955,5.6,5.146789956950299,5.009009393680615,5.118040159681783,5.27377679772096,5.167714285714286
2024-09-27,5.4,5.4,5.4,exact,5.4,1.0,4293.11,8.364766691003679,0.016357755960408005,-0.07701453132759883,0.278,5.437400204516523,5.4,5.425624309418616,5.4,5.000932970581365,4.8529827798277925,4.922928867071313,5.157818026903543,5.010714285714287
2024-09-30,5.1,5.1,5.1,exact,5.1,1.0,4706.77,8.456757176812344,0.11420214933587425,0.0,0.574,5.062846754549078,5.089882697947214,5.042808640139036,5.089882697947214,4.696789549014964,4.8529827798277925,4.623780528098468,4.861923232403927,4.9032863849765285
2024-10-08,4.8,4.8,4.8,exact,4.8,1.0,5037.01,8.524567931052395,0.19193485613069616,0.0,0.894,4.763826952496067,4.8,4.76061620425223,4.8,4.455162097542379,4.80774647887324,4.623780528098468,4.5420369680800174,4.81078431372549
2024-10-09,5.1,5.1,5.1,exact,5.1,1.0,4661.71,8.447137612598683,0.10308192720050657,-0.07450848817056155,0.544,5.103646876522518,5.089882697947214,5.082840170359347,5.089882697947214,4.731356091789169,4.8529827798277925,4.913194617769281,4.891912569684293,4.9032863849765285
2024-10-10,5.1,5.1,5.1,exact,5.1,1.0,4670.36,8.448991435486263,0.10504786040563019,-0.07279119954099766,0.548,5.095814629406001,5.089882697947214,5.07512554157794,5.089882697947214,4.725245106469011,4.8529827798277925,4.906524135819768,4.887913991380245,4.9032863849765285
2024-10-11,5.2,5.2,5.2,exact,5.2,1.0,4514.19,8.414981047763268,0.06814040049764825,-0.10379570419753004,0.424,5.237220644687672,5.196289062500002,5.216658758020749,5.196289062500002,4.8399697294186685,4.8529827798277925,5.02695525328284,5.011869918805759,4.918255319148939
2024-10-14,5.2,5.2,5.2,exact,5.2,1.0,4629.51,8.44020630994625,0.09543796492480294,-0.08090116954304238,0.518,5.132802755962038,5.18409090909091,5.111684580088735,5.18409090909091,4.7551168895278355,4.8529827798277925,4.9380257760090895,4.917903328660611,4.9032863849765285
2024-10-15,5.2,5.2,5.2,exact,5.2,1.0,4524.67,8.417299925297842,0.07072232319797833,-0.10171510479431256,0.434,5.227731401938412,5.196289062500002,5.207008818164773,5.196289062500002,4.831943977740849,4.8529827798277925,5.018873559545162,5.001873473045637,4.918255319148939
2024-10-16,5.2,5.2,5.2,exact,5.2,1.0,4515.43,8.415255699411464,0.06861381890762064,-0.10354952640554616,0.428,5.236097871690621,5.196289062500002,5.215515803359743,5.196289062500002,4.838498136718523,4.8529827798277925,5.025999022344412,5.00787134050171,4.918255319148939
2024-10-17,5.3,5.3,5.3,exact,5.3,1.0,4480.87,8.407572502983916,0.060563527240961035,-0.11041073970470583,0.412,5.267390641672914,5.278571428571428,5.247489196659743,5.278571428571428,4.863521984970203,4.8529827798277925,5.052650103983163,5.023865653717906,4.918255319148939
2024-10-18,5.1,5.1,5.1,exact,5.1,1.0,4647.3,8.444041684780426,0.09992837838600344,-0.07736931234998545,0.542,5.11669458530275,5.089882697947214,5.095723781847738,5.089882697947214,4.741158708918585,4.8529827798277925,4.924306946658587,4.893911858836318,4.9032863849765285
2024-10-21,5.1,5.1,5.1,exact,5.1,1.0,4696.8,8.454636704749976,0.11155230096390856,-0.06754205371837663,0.582,5.071874211630196,5.089882697947214,5.05163292152649,5.089882697947214,4.7050264435643445,4.8529827798277925,4.8861348245197505,4.85392607579583,4.9032863849765285
2024-10-22,5.1,5.1,5.1,exact,5.1,1.0,4728.44,8.461350617361632,0.11889074823276191,-0.061260549413243326,0.6,5.0432253909635385,5.0769320843091315,5.0236931739827995,5.0769320843091315,4.682215320879278,4.8529827798277925,4.8617355125102,4.83593247342761,4.9032863849765285
2024-10-23,5.1,5.1,5.1,exact,5.1,1.0,4744.8,8.464804560524517,0.12260577488398328,-0.05801259080287713,0.618,5.0284120310992355,5.0769320843091315,5.009319692291406,5.0769320843091315,4.670667383609363,4.8529827798277925,4.849119433354819,4.81793887105939,4.885869565217392
2024-10-24,5.1,5.1,5.1,exact,5.1,1.0,4705.98,8.456589319384523,0.11334620372692528,-0.06571954393578738,0.59,5.063562069603651,5.089882697947214,5.043507173829887,5.089882697947214,4.6994502045436,4.8529827798277925,4.879055630959457,4.845928919187731,4.9032863849765285
2024-10-25,5.0,5.0,5.0,exact,5.0,1.0,4767.43,8.46956265461901,0.12770557748872946,-0.05351984609917393,0.634,5.007921423903076,5.028021978021978,4.989519025306485,5.028021978021978,4.654814953439258,4.8529827798277925,4.8316682187285185,4.801944557843194,4.850981461286805
2024-10-28,5.0,5.0,5.0,exact,5.0,1.0,4822.49,8.481045671164463,0.14044652832079985,-0.04258875801318651,0.69,4.958066680985687,5.0,4.941732793659227,5.0,4.615210472830901,4.8529827798277925,4.789208480446411,4.74596446158651,4.850981461286805
2024-10-29,,5.0,5.1,range,5.05,0.55,4763.81,8.468803047228143,0.12635909487734165,-0.05423852642738447,0.628,5.011199196684786,5.028021978021978,4.992680108859503,5.028021978021978,4.659000413784806,4.8529827798277925,4.83445979614554,4.807942425299267,4.850981461286805
2024-10-30,5.1,5.1,5.1,exact,5.1,1.0,4755.97,8.46715594996908,0.12424588651294988,-0.055795005370249395,0.62,5.018298019504843,5.0769320843091315,4.9995344550894885,5.0769320843091315,4.66556919509415,4.8529827798277925,4.840505643369146,4.815939581907365,4.885869565217392
2024-10-31,5.0,5.0,5.0,approx,5.0,0.5,4794.14,8.475149617738555,0.1328893204843773,-0.0482170970476532,0.652,4.983736531361785,5.009016393442623,4.966269044538926,5.009016393442623,4.638701599604388,4.8529827798277925,4.811070695853198,4.783950955474974,4.850981461286805
2024-11-01,5.1,5.1,5.1,exact,5.1,1.0,4723.34,8.460271455448224,0.11582058654609906,-0.06227305484801504,0.59,5.047843247644953,5.0769320843091315,5.028184074172209,5.0769320843091315,4.691758734128931,4.8529827798277925,4.865668397821474,4.845928919187731,4.9032863849765285
2024-11-04,5.0,5.0,5.0,approx,5.0,0.5,4803.01,8.47699808369472,0.13413147372491352,-0.046456131713059956,0.668,4.9757050825845015,5.0,4.9585767084682,5.0,4.634840440843489,4.8529827798277925,4.804230560027512,4.7679566422587785,4.850981461286805
2024-11-05,,4.9,5.0,range,4.95,0.55,4943.21,8.505770196725788,0.1666090726583016,-0.018622158780705278,0.83,4.84875929695032,4.902080706179068,4.8388424162775365,4.902080706179068,4.533885774734447,4.8529827798277925,4.696114771666607,4.606014220944799,4.850981461286805
2024-11-06,,4.9,5.0,range,4.95,0.55,4946.63,8.506461815626867,0.16682457757248348,-0.017943184547975943,0.83,4.8456626165874885,4.902080706179068,4.835964264801596,4.902080706179068,4.53321589064909,4.8529827798277925,4.693477425046105,4.606014220944799,4.850981461286805
2024-11-07,,4.8,4.9,range,4.85,0.55,5071.74,8.531439232973476,0.195607523898784,0.0,0.92,4.732380253957728,4.77738589211618,4.732021485780891,4.77738589211618,4.4437458303171695,4.80774647887324,4.623780528098468,4.5160462091037,4.81078431372549
2024-11-08,,4.8,4.9,range,4.85,0.55,5049.45,8.527034605447094,0.18972538693801044,-0.004394941381064443,0.902,4.752563004041793,4.77738589211618,4.750351212160922,4.77738589211618,4.462030099856322,4.817741935483871,4.640851844269125,4.53403981147192,4.81078431372549
2024-11-11,4.8,4.8,4.8,exact,4.8,1.0,5118.28,8.54057372409391,0.20527861488801702,0.0,0.942,4.690240048084584,4.7527624309392245,4.6940085728034475,4.7527624309392245,4.413683824695059,4.8,4.623780528098468,4.494054028431431,4.8
2024-11-12,4.8,4.8,4.8,exact,4.8,1.0,5059.11,8.528945857483105,0.1907348560531008,-0.011560524238611425,0.904,4.743816240209937,4.77738589211618,4.742397593687272,4.77738589211618,4.458892225727438,4.80774647887324,4.668685191725196,4.532040522319895,4.81078431372549
2024-11-13,4.8,4.8,4.8,exact,4.8,1.0,5072.36,8.53156147151623,0.19322506663354977,-0.00897176395195265,0.918,4.731818867459203,4.77738589211618,4.731512793722736,4.77738589211618,4.451151555667251,4.80774647887324,4.658629643422777,4.5180454982557245,4.81078431372549
2024-11-14,4.9,4.9,4.9,exact,4.9,1.0,4949.25,8.50699132893164,0.16374834768544178,-0.033024766132372596,0.83,4.843290305900173,4.897808764940237,4.833760710940808,4.897808764940237,4.542778166535245,4.8529827798277925,4.7520589680651035,4.606014220944799,4.850981461286805
2024-11-15,5.0,5.0,5.0,approx,5.0,0.5,4847.63,8.486245204704607,0.13950659002417298,-0.05287909219503417,0.706,4.935303363932595,5.0,4.9200950895573925,5.0,4.6181322145856925,4.8529827798277925,4.829179331724864,4.729970148370314,4.850981461286805
2024-11-18,5.0,5.0,5.0,exact,5.0,1.0,4780.66,8.472333891267791,0.12357451709511547,-0.06596356588541463,0.622,4.995942160394231,5.01,4.97798660645784,5.01,4.6676561066159135,4.8529827798277925,4.880003487937167,4.8139402927553405,4.885869565217392
2024-11-19,5.0,5.0,5.0,exact,5.0,1.0,4854.4,8.487640789154213,0.1406363339045944,-0.05155638222215275,0.71,4.929173385553542,4.9687793427230025,4.914287406399559,4.9687793427230025,4.6146204735708904,4.8529827798277925,4.824041515724308,4.725971570066266,4.850981461286805
2024-11-20,4.9,4.9,4.9,exact,4.9,1.0,4906.8,8.498377277158596,0.15262099126062978,-0.04131856795642275,0.768,4.881727171807242,4.902080706179068,4.869607831061096,4.902080706179068,4.577366885819796,4.8529827798277925,4.784274668098136,4.667992184657557,4.850981461286805
2024-11-21,4.9,4.9,4.9,exact,4.9,1.0,4912.67,8.499572861176722,0.15365066548486817,-0.040171698304899195,0.77,4.876412109313144,4.902080706179068,4.86463244374734,4.902080706179068,4.574166205322378,4.8529827798277925,4.7798198704728385,4.665992895505532,4.850981461286805
2024-11-22,5.1,5.1,5.1,exact,5.1,1.0,4746.37,8.465135394344651,0.11441132094283457,-0.07266308212915273,0.588,5.026990455611036,5.0769320843091315,5.007942937193725,5.0769320843091315,4.696139351634811,4.8529827798277925,4.906026488034522,4.847928208339756,4.9032863849765285
2024-11-25,5.1,5.1,5.1,exact,5.1,1.0,4749.14,8.465718828005102,0.1148900808536053,-0.07212188469563985,0.588,5.024482325609561,5.0769320843091315,5.005514995377325,5.0769320843091315,4.694651155200173,4.8529827798277925,4.903924309257337,4.847928208339756,4.9032863849765285
2024-11-26,5.1,5.1,5.1,exact,5.1,1.0,4718.85,8.459320404825768,0.1076570392131222,-0.0780398884000093,0.562,5.051908772448786,5.089882697947214,5.032141843036612,5.089882697947214,4.71713463081872,4.8529827798277925,4.92691167213132,4.873918967316073,4.9032863849765285
2024-11-27,5.0,5.0,5.0,exact,5.0,1.0,4806.63,8.477751493847698,0.1280738729864621,-0.06088959572356334,0.646,4.972427309802791,5.0,4.955441414536239,5.0,4.653670128999517,4.8529827798277925,4.860294613264426,4.789948822931047,4.850981461286805
2024-11-28,5.0,5.0,5.0,exact,5.0,1.0,4778.97,8.47198032109455,0.1213811402584748,-0.06629375493329781,0.614,4.9974723913337575,5.01,4.979457978212395,5.01,4.6744740868073835,4.8529827798277925,4.881286044664042,4.821937449363438,4.885869565217392
2024-11-29,5.0,5.0,5.0,exact,5.0,1.0,4845.9,8.485888265587821,0.13682661069579516,-0.05321709636831129,0.696,4.9368698133559,5.0,4.921580481070258,5.0,4.626462769403814,4.8529827798277925,4.830492244823973,4.739966594130436,4.850981461286805
2024-12-02,4.9,4.9,4.9,exact,4.9,1.0,4917.31,8.500516911997702,0.15326564069692128,-0.03926514375923151,0.786,4.87221076519515,4.902080706179068,4.860703804348489,4.902080706179068,4.57536303175621,4.8529827798277925,4.776298531293727,4.649998582289337,4.850981461286805
2024-12-03,,4.9,5.0,range,4.95,0.55,4921.12,8.501291425856206,0.1538306539026768,-0.03852075306548286,0.79,4.868760954615506,4.902080706179068,4.857480687973975,4.902080706179068,4.573606722133345,4.8529827798277925,4.773407086838465,4.646000003985288,4.850981461286805
2024-12-04,,4.9,5.0,range,4.95,0.55,4875.11,8.491897947279947,0.14271297106113146,-0.04751010104957132,0.726,4.910421265578621,4.9687793427230025,4.896571369541995,4.9687793427230025,4.60816537166518,4.8529827798277925,4.8083245040003,4.7099772568500695,4.850981461286805
2024-12-05,,4.9,5.0,range,4.95,0.55,4898.18,8.496618986530612,0.14780016552085518,-0.043002727478762326,0.75,4.889532255060927,4.905445544554455,4.876924905186996,4.905445544554455,4.592352133156799,4.8529827798277925,4.790816466314503,4.685985787025777,4.850981461286805
2024-12-06,4.9,4.9,4.9,exact,4.9,1.0,4956.57,8.508469248242186,0.1610492478160892,-0.03159459818532784,0.836,4.836662323369202,4.897808764940237,4.827610393709257,4.897808764940237,4.551168156406859,4.8529827798277925,4.7465037519463325,4.600016353488726,4.850981461286805
2024-12-09,4.9,4.9,4.9,exact,4.9,1.0,4940.24,8.505169191997805,0.15679191048540253,-0.03478512312730053,0.81,4.851448519370673,4.902080706179068,4.8413434795686,4.902080706179068,4.564401833859879,4.8529827798277925,4.758896740910748,4.626007112465044,4.850981461286805
2024-12-10,4.9,4.9,4.9,approx,4.9,0.5,4977.83,8.512749332083255,0.16513728398113248,-0.027440859038583287,0.86,4.817412199242364,4.896232876712329,4.809798952169537,4.896232876712329,4.5384607414612494,4.8529827798277925,4.730369340104112,4.576024883664433,4.850981461286805
2024-12-11,,4.8,4.9,range,4.85,0.55,5006.7,8.518532294417467,0.17136872466701902,-0.021800292285689693,0.868,4.7912715085771795,4.822602739726027,4.7857333265026085,4.822602739726027,4.519090682267149,4.85,4.708459628444425,4.568027727056335,4.85
2024-12-12,4.8,4.8,4.8,exact,4.8,1.0,5053.03,8.527743342341372,0.18162100621486377,-0.012748423298451828,0.896,4.749321449743858,4.77738589211618,4.7474018246656655,4.77738589211618,4.487222080692218,4.817741935483871,4.673299360304721,4.540037678927993,4.81078431372549
2024-12-13,4.9,4.9,4.9,exact,4.9,1.0,4947.39,8.506615443778315,0.15646744964148396,-0.03338816946317891,0.81,4.844974465395748,4.9,4.835324945820943,4.9,4.56541040091037,4.8529827798277925,4.7534705393739705,4.626007112465044,4.850981461286805
2024-12-16,4.9,4.9,4.9,exact,4.9,1.0,4908.61,8.498746084986394,0.14698149835641217,-0.04096493353235853,0.75,4.880088285416387,4.902080706179068,4.868073048260541,4.902080706179068,4.5948969108791395,4.8529827798277925,4.782901042254561,4.685985787025777,4.850981461286805
2024-12-17,5.0,5.0,5.0,exact,5.0,1.0,4845.44,8.485793335474886,0.13178259982541896,-0.05330697031033871,0.678,4.937286325919321,5.0,4.921975529910348,5.0,4.642141774317742,4.8529827798277925,4.830841343104661,4.757960196498656,4.850981461286805
2024-12-18,,4.9,5.0,range,4.95,0.55,4875.99,8.492078439737698,0.13846058929941618,-0.0473381682909102,0.712,4.909624458935553,4.9687793427230025,4.895820255550078,4.9687793427230025,4.621383645029619,4.8529827798277925,4.807656663811158,4.723972280914241,4.850981461286805
2024-12-19,,4.9,5.0,range,4.95,0.55,4880.27,8.492955825185515,0.13898931978391915,-0.04650194987378564,0.718,4.905749081171542,4.95,4.8921690421178425,4.95,4.619740118067107,4.8529827798277925,4.80440853198215,4.717974413458167,4.850981461286805
2024-12-20,4.9,4.9,4.9,exact,4.9,1.0,4891.54,8.495262461314729,0.14113181751457526,-0.04430003829411444,0.73,4.89554452336771,4.905445544554455,4.882570044506004,4.905445544554455,4.613080292521463,4.8529827798277925,4.7958556241053,4.705978678546021,4.850981461286805
2024-12-23,5.0,5.0,5.0,approx,5.0,0.5,4812.5,8.47897197859604,0.12233745524211503,-0.05974272607203979,0.636,4.967112247308693,5.0,4.9503624035746725,5.0,4.671501439104378,4.8529827798277925,4.855839815639127,4.799945268691169,4.850981461286805
2024-12-24,,4.9,5.0,range,4.95,0.55,4867.73,8.49038298831285,0.13481094162034313,-0.04895199168470665,0.7,4.917103575835256,4.9687793427230025,4.90287582620207,4.9687793427230025,4.632728355690409,4.8529827798277925,4.813925254677422,4.735968015826388,4.850981461286805
2024-12-25,5.0,5.0,5.0,exact,5.0,1.0,4829.76,8.482552055971064,0.12553882780366132,-0.05637049946466377,0.66,4.951483971559434,5.0,4.935464018112903,5.0,4.661550164728941,4.8529827798277925,4.842741041020277,4.775953798866876,4.850981461286805
2024-12-26,5.0,5.0,5.0,exact,5.0,1.0,4857.74,8.488328588162808,0.13158707445762508,-0.05090381925177989,0.694,4.926149142158263,4.9687793427230025,4.911425151292519,4.9687793427230025,4.64274955318286,4.8529827798277925,4.821506758642792,4.741965883282461,4.850981461286805
2024-12-27,,4.9,5.0,range,4.95,0.55,4864.18,8.489653429540224,0.1325868390698084,-0.04964558406339614,0.7,4.920317966270358,4.9687793427230025,4.905911863324455,4.9687793427230025,4.639641844918539,4.8529827798277925,4.816619382713163,4.735968015826388,4.850981461286805
2024-12-30,5.0,5.0,5.0,exact,5.0,1.0,4859.79,8.488750506084422,0.13102804651844746,-0.05050329407535337,0.696,4.924292944864752,4.9687793427230025,4.9096693524169694,4.9687793427230025,4.644487257963963,4.8529827798277925,4.819950994565814,4.739966594130436,4.850981461286805
2024-12-31,5.1,5.1,5.1,exact,5.1,1.0,4750.67,8.46604093971328,0.10522477227042581,-0.07182295614933132,0.588,5.023096968605137,5.0769320843091315,5.004174537089007,5.0769320843091315,4.7246951865602815,4.8529827798277925,4.902763178019397,4.847928208339756,4.9032863849765285
2025-01-02,5.2,5.2,5.2,exact,5.2,1.0,4625.11,8.43925543344748,0.07568852894428724,-0.09635463476011474,0.506,5.136786789177376,5.18409090909091,5.115641624342594,5.18409090909091,4.816506825383136,4.8529827798277925,4.99805183046104,4.9298990635727575,4.9032863849765285
2025-01-03,5.2,5.2,5.2,exact,5.2,1.0,4523.12,8.416957300189354,0.05178371227562595,-0.11628125073266793,0.432,5.229134868184724,5.196289062500002,5.208434642358057,5.196289062500002,4.890813512590286,4.8529827798277925,5.075452990563962,5.003872762197662,4.918255319148939
2025-01-06,,5.2,5.3,range,5.25,0.55,4509.93,8.41403691131197,0.0485219697963144,-0.11885828833123613,0.418,5.241077913209794,5.196289062500002,5.220587753767617,5.196289062500002,4.900952443230078,4.8529827798277925,5.08546300430803,5.017867786261832,4.918255319148939
2025-01-07,5.2,5.2,5.2,exact,5.2,1.0,4567.61,8.426745371158663,0.06168223614353363,-0.10758887751353974,0.462,5.18885085960509,5.196289062500002,5.1677018762884686,5.196289062500002,4.860044545521428,4.8529827798277925,5.041689115547009,4.973883424917295,4.9032863849765285
2025-01-08,5.2,5.2,5.2,exact,5.2,1.0,4559.04,8.424867354028867,0.059405984216100105,-0.10926326812913711,0.454,5.196610669754055,5.196289062500002,5.175517188688893,5.196289062500002,4.867120137956245,4.8529827798277925,5.048192968298084,4.981880581525393,4.9032863849765285
2025-01-09,5.2,5.2,5.2,exact,5.2,1.0,4558.51,8.42475109472662,0.05902114350299059,-0.10936681854060337,0.454,5.197090564664084,5.196289062500002,5.176000998315601,5.196289062500002,4.868316392204499,4.8529827798277925,5.04859519023018,4.981880581525393,4.9032863849765285
2025-01-10,5.3,5.3,5.3,exact,5.3,1.0,4475.61,8.406397934268366,0.03966943770613662,-0.12556366591901968,0.41,5.272153372289432,5.278571428571428,5.252377129417191,5.278571428571428,4.928470007666306,4.8529827798277925,5.111508771684561,5.02586494286993,4.918255319148939
2025-01-13,5.3,5.3,5.3,exact,5.3,1.0,4472.6,8.405725173992616,0.03892133921109253,-0.12615175410489454,0.408,5.27487881319356,5.278571428571428,5.2551768012850175,5.278571428571428,4.930795426917241,4.8529827798277925,5.113793088695148,5.027864232021955,4.918255319148939
2025-01-14,5.2,5.2,5.2,exact,5.2,1.0,4632.23,8.44079367259694,0.07575982912803036,-0.09496354244003846,0.532,5.130339899065284,5.182258064516129,5.109240287896377,5.182258064516129,4.816285193043317,4.8529827798277925,4.992648396203437,4.90390830459644,4.9032863849765285
2025-01-15,5.2,5.2,5.2,exact,5.2,1.0,4604.12,8.434706833794026,0.06900602305575054,-0.10045562181045198,0.506,5.155792438538727,5.18409090909091,5.1345704864451776,5.18409090909091,4.837278993674659,4.8529827798277925,5.013981336790683,4.9298990635727575,4.9032863849765285
2025-01-16,5.2,5.2,5.2,exact,5.2,1.0,4620.34,8.43822357444154,0.07249680442683704,-0.09728658846331184,0.52,5.14110584336764,5.18409090909091,5.119935674890193,5.18409090909091,4.826428109392834,4.8529827798277925,5.0016718278499095,4.915904039508587,4.9032863849765285
2025-01-17,,5.1,5.2,range,5.15,0.55,4636.07,8.441622303569119,0.07580523455717869,-0.09421329040224447,0.54,5.126862924622807,5.139889603995909,5.105791964763689,5.139885994093742,4.81614405299326,4.8529827798277925,4.989734184469,4.895911147988342,4.9032863849765285
2025-01-20,5.1,5.1,5.1,exact,5.1,1.0,4663.53,8.447527951082863,0.08173114058250297,-0.08884820681947847,0.56,5.10199893551072,5.089882697947214,5.081215788372958,5.089882697947214,4.797723729945143,4.8529827798277925,4.968894534930553,4.875918256468098,4.9032863849765285
2025-01-21,5.1,5.1,5.1,exact,5.1,1.0,4671.06,8.449141305634766,0.08303562486197902,-0.08737700946411675,0.564,5.095180805939925,5.089882697947214,5.074501861414717,5.089882697947214,4.7936688188924785,4.8529827798277925,4.963179947857555,4.8719196781640495,4.9032863849765285
2025-01-22,5.2,5.2,5.2,exact,5.2,1.0,4627.98,8.439875766783054,0.07262528750908737,-0.09579389951311768,0.53,5.134188112966463,5.18409090909091,5.1130601256262125,5.18409090909091,4.826028727446656,4.8529827798277925,4.99587376075327,4.905907593748465,4.9032863849765285
2025-01-23,5.2,5.2,5.2,exact,5.2,1.0,4623.63,8.43893538984962,0.07124818101450447,-0.09664379439968107,0.524,5.138126873077081,5.18409090909091,5.116973476251367,5.18409090909091,4.830309380294249,4.8529827798277925,4.9991750162336865,4.911905461204538,4.9032863849765285
2025-01-24,5.2,5.2,5.2,exact,5.2,1.0,4674.23,8.449819722274931,0.08252610827687268,-0.08675766077666724,0.572,5.092310491100693,5.089882697947214,5.071678650754706,5.089882697947214,4.795252620602449,4.8529827798277925,4.9607742053580335,4.863922521555951,4.9032863849765285
2025-01-27,5.3,5.3,5.3,exact,5.3,1.0,4632.67,8.440888654733893,0.07249437558980953,-0.09487757606070779,0.542,5.12994149574375,5.182258064516129,5.108845022559876,5.182258064516129,4.826435659286891,4.8529827798277925,4.9923144761088665,4.893911858836318,4.9032863849765285
2025-02-05,5.2,5.2,5.2,exact,5.2,1.0,4639.2,8.442297216562231,0.0735977252095239,-0.09360175684018845,0.55,5.12402882826735,5.11078431372549,5.102983334426625,5.11078431372549,4.823005963246605,4.8529827798277925,4.987358798341711,4.88591470222822,4.9032863849765285
2025-02-06,5.1,5.1,5.1,exact,5.1,1.0,4728.58,8.46138022499702,0.09367332446993015,-0.07613885914799501,0.604,5.043098626270323,5.0769320843091315,5.02356996268918,5.0769320843091315,4.760602168420822,4.8529827798277925,4.919527484585468,4.83193389512356,4.894403806899368
2025-02-07,5.0,5.0,5.0,exact,5.0,1.0,4796.04,8.475545856396195,0.10861047616697372,-0.06295865017154201,0.646,4.9820161533824345,5.0,4.964620109156257,5.0,4.714170929298496,4.8529827798277925,4.868331462813303,4.789948822931047,4.850981461286805
2025-02-10,5.0,5.0,5.0,exact,5.0,1.0,4839.79,8.48462661033962,0.11797694753474275,-0.054410856772196925,0.688,4.942402186752653,5.0,4.926830821841861,5.0,4.685055815478277,4.8529827798277925,4.8351291806826735,4.747963750738534,4.850981461286805
2025-02-11,4.9,4.9,4.9,exact,4.9,1.0,4819.45,8.480415092650029,0.11240211671534106,-0.05838484803488675,0.668,4.960819285752647,5.0,4.9443569273825645,5.0,4.70238484232972,4.8529827798277925,4.850565395963519,4.7679566422587785,4.850981461286805
2025-02-12,4.9,4.9,4.9,exact,4.9,1.0,4876.28,8.49213791307059,0.12460644378726538,-0.047281508631806024,0.744,4.909361874928178,4.9687793427230025,4.895572759045031,4.9687793427230025,4.6644484244572455,4.8529827798277925,4.807436580112464,4.69198365448185,4.850981461286805
2025-02-13,4.9,4.9,4.9,exact,4.9,1.0,4844.65,8.48563028229339,0.11649618416488927,-0.05346131903686402,0.698,4.938001640973893,5.0,4.9226540708730795,5.0,4.689658679498387,4.8529827798277925,4.831440881456277,4.737967304978412,4.850981461286805
2025-02-14,4.9,4.9,4.9,exact,4.9,1.0,4875.07,8.491889742303217,0.12276850258153349,-0.047517916174965036,0.742,4.9104574840623965,4.9687793427230025,4.896605514308497,4.9687793427230025,4.670161554332803,4.8529827798277925,4.808354860372534,4.693982943633874,4.850981461286805
2025-02-17,,4.9,5.0,range,4.95,0.55,4899.83,8.49695578961932,0.1276844123953702,-0.042680353556272754,0.774,4.888038242605176,4.902080706179068,4.875523309155774,4.902080706179068,4.65488074386107,4.8529827798277925,4.789564265959862,4.661994317201484,4.850981461286805
2025-02-18,4.9,4.9,4.9,exact,4.9,1.0,4820.19,8.480568625354872,0.10858567972956279,-0.05824026821510353,0.67,4.960149243802795,5.0,4.943718005600118,5.0,4.714248007535241,4.8529827798277925,4.850003803077195,4.765957353106754,4.850981461286805
2025-02-19,4.9,4.9,4.9,exact,4.9,1.0,4893.41,8.495644680952594,0.1244717505211177,-0.043934681181959534,0.772,4.8938513092511915,4.905445544554455,4.880979448856955,4.905445544554455,4.664867110387168,4.8529827798277925,4.794436463703374,4.6639936063535075,4.850981461286805
2025-02-20,4.9,4.9,4.9,exact,4.9,1.0,4905.71,8.498155111778997,0.1262308208266263,-0.04153153012340083,0.784,4.882714125490133,4.902080706179068,4.870532365677192,4.902080706179068,4.659399145969011,4.8529827798277925,4.785101879241505,4.6519978714413615,4.850981461286805
2025-02-21,4.8,4.8,4.8,exact,4.8,1.0,4973.11,8.51180067791511,0.1405352033299716,-0.028363043835038404,0.864,4.821685980327909,4.896232876712329,4.813746748260634,4.896232876712329,4.614934831889539,4.8529827798277925,4.7339513920276906,4.572026305360384,4.850490730643402
2025-02-24,4.8,4.8,4.8,exact,4.8,1.0,4971.26,8.511428608086385,0.13885138657194052,-0.02872449338449623,0.864,4.823361085202539,4.896232876712329,4.815295105780976,4.896232876712329,4.620168875174096,4.8529827798277925,4.7353553742434995,4.572026305360384,4.850490730643402
2025-02-25,4.8,4.8,4.8,exact,4.8,1.0,4930.3,8.50315511711231,0.12816134363427967,-0.03672718178763168,0.816,4.8604488125889596,4.902080706179068,4.849724992270616,4.902080706179068,4.6533982317431075,4.8529827798277925,4.766440299410827,4.62000924500897,4.850981461286805
2025-02-26,4.8,4.8,4.8,exact,4.8,1.0,4986.89,8.514567747953748,0.13990101902495833,-0.025670733136913038,0.874,4.809208712667145,4.896232876712329,4.802231668636111,4.896232876712329,4.616906155720945,4.8529827798277925,4.723493621793174,4.562029859600262,4.840950226244344
2025-02-27,4.8,4.8,4.8,exact,4.8,1.0,4983.16,8.513819506937098,0.13791627662183026,-0.026399493579874478,0.874,4.8125860862792385,4.896232876712329,4.80534545136107,4.896232876712329,4.623075608303669,4.8529827798277925,4.726324353503968,4.562029859600262,4.840950226244344
2025-02-28,4.8,4.8,4.8,exact,4.8,1.0,4847.41,8.486199820673178,0.10604657993962663,-0.05292207538469951,0.712,4.935502565593363,5.0,4.920283953853669,5.0,4.722140646767479,4.8529827798277925,4.82934629177215,4.723972280914241,4.850981461286805
2025-03-03,4.8,4.8,4.8,exact,4.8,1.0,4853.2,8.487393560177718,0.10654794479444818,-0.05179083598396339,0.72,4.930259940066816,4.994543962805979,4.915316242428311,4.994543485025708,4.720582184221614,4.8529827798277925,4.824952206891319,4.715975124306143,4.850981461286805
2025-03-04,4.8,4.8,4.8,exact,4.8,1.0,4882.45,8.493402422042996,0.11238058343991941,-0.04607602553982981,0.764,4.903775173805761,4.932145457192782,4.890310542585077,4.932139496694785,4.702451777223365,4.8529827798277925,4.802754109695413,4.671990762961606,4.850981461286805
2025-03-05,4.8,4.8,4.8,exact,4.8,1.0,4905.03,8.49801648818871,0.11670587323775217,-0.04166438725509347,0.79,4.883329839714322,4.902080706179068,4.871109243623074,4.902080706179068,4.689006873606547,4.8529827798277925,4.785617937569478,4.646000003985288,4.850981461286805
2025-03-06,4.9,4.9,4.9,exact,4.9,1.0,4985.97,8.51438324721823,0.1342703029622816,-0.025850481020967875,0.884,4.810041737793989,4.896232876712329,4.802999462956677,4.896232876712329,4.63440889849538,4.8529827798277925,4.72419181835455,4.55203341384014,4.825867269984917
2025-03-07,4.9,4.9,4.9,exact,4.9,1.0,4964.77,8.510122251136382,0.1286492922552338,-0.02999249747962196,0.866,4.829237534195163,4.896232876712329,4.8207314713544065,4.896232876712329,4.651881472754617,4.8529827798277925,4.74028069563842,4.57002701620836,4.850245365321701
2025-03-10,4.9,4.9,4.9,exact,4.9,1.0,4961.58,8.509479517380305,0.12712543146524546,-0.030615753729768547,0.866,4.832125958276283,4.896232876712329,4.823406188754127,4.896232876712329,4.656618302517355,4.8529827798277925,4.74270161632406,4.57002701620836,4.850245365321701
2025-03-11,4.9,4.9,4.9,exact,4.9,1.0,4980.13,8.513211274095655,0.13060186568593402,-0.026991489328446194,0.886,4.815329636425255,4.896232876712329,4.807876594231203,4.896232876712329,4.6458120154910425,4.8529827798277925,4.728623848700672,4.550034124688115,4.822850678733031
2025-03-12,4.9,4.9,4.9,exact,4.9,1.0,4979.87,8.513159065260302,0.12967737205321161,-0.027042287643505247,0.886,4.815565056569798,4.896232876712329,4.808093859745917,4.896232876712329,4.64868574843549,4.8529827798277925,4.728821165120192,4.550034124688115,4.822850678733031
2025-03-13,4.8,4.8,4.8,exact,4.8,1.0,4935.97,8.504304487770968,0.11902361132406569,-0.035619387763076604,0.832,4.85531484251374,4.902080706179068,4.844941920477083,4.902080706179068,4.681802323937962,4.8529827798277925,4.762137283646697,4.604014931792775,4.850981461286805
2025-03-14,4.8,4.8,4.8,exact,4.8,1.0,5037.25,8.524615577231875,0.14120765322703877,-0.015831490266261294,0.926,4.763609641593412,4.8,4.760417926094156,4.8,4.6128445617629605,4.8529827798277925,4.685274949150923,4.510048341647627,4.807843137254902
2025-03-17,4.8,4.8,4.8,exact,4.8,1.0,5042.84,8.525724694426868,0.14170231835637104,-0.014739326492493543,0.93,4.758548108485743,4.77738589211618,4.755802367891825,4.77738589211618,4.6113069249114815,4.8529827798277925,4.681032646131261,4.506049763343578,4.805882352941176
2025-03-18,4.8,4.8,4.8,exact,4.8,1.0,5060.94,8.52930751577925,0.14499732002745458,-0.011202982251850235,0.942,4.742159244577194,4.77738589211618,4.74089256344994,4.77738589211618,4.601064610071175,4.8529827798277925,4.667296387695504,4.494054028431431,4.8
2025-03-19,4.8,4.8,4.8,exact,4.8,1.0,5045.48,8.526248071968475,0.1407177030394673,-0.014223528216510295,0.932,4.7561576885565415,4.77738589211618,4.753624347826872,4.77738589211618,4.6143675425010935,4.8529827798277925,4.679029125563836,4.504050474191553,4.8049019607843135
2025-03-20,4.8,4.8,4.8,exact,4.8,1.0,5015.24,8.520236555681661,0.13309612549464567,-0.02013176301413755,0.914,4.783538862291047,4.819142257671279,4.7786410939663355,4.819141598666075,4.6380587586479445,4.8529827798277925,4.701978542972526,4.522044076559773,4.81078431372549
2025-03-21,4.8,4.8,4.8,exact,4.8,1.0,4931.82,8.503463367267862,0.11359867043929972,-0.036430207022671635,0.826,4.859072510205479,4.902080706179068,4.848442218421056,4.902080706179068,4.698665426927999,4.8529827798277925,4.765286757265946,4.610012799248848,4.850981461286805
2025-03-24,4.8,4.8,4.8,exact,4.8,1.0,4918.64,8.500787348510311,0.11005469280256897,-0.03900529083989146,0.814,4.871006500609605,4.902080706179068,4.859578390848796,4.902080706179068,4.709681668607313,4.8529827798277925,4.775289181916956,4.622008534160995,4.850981461286805
2025-03-25,4.8,4.8,4.8,exact,4.8,1.0,4899.42,8.496872109745812,0.10518725780281257,-0.04276045859155808,0.784,4.888409482063877,4.902080706179068,4.875871540459272,4.902080706179068,4.724811798030235,4.8529827798277925,4.7898754187752575,4.6519978714413615,4.850981461286805
2025-03-26,4.8,4.8,4.8,exact,4.8,1.0,4905.47,8.498106188000197,0.10600598902241942,-0.0415784208757628,0.794,4.882931436392788,4.902080706179068,4.870735960526822,4.902080706179068,4.722266821196264,4.8529827798277925,4.785284017474908,4.642001425681239,4.850981461286805
2025-03-27,4.8,4.8,4.8,exact,4.8,1.0,4906.85,8.49838746704717,0.10575146160384108,-0.041308799049680656,0.8,4.881681898702523,4.902080706179068,4.869565426143019,4.902080706179068,4.723058004393361,4.8529827798277925,4.784236722632844,4.636003558225166,4.850981461286805
2025-03-28,4.9,4.9,4.9,exact,4.9,1.0,4868.75,8.490592509619058,0.09667464686164107,-0.04875270598716752,0.742,4.9161800044989725,4.9687793427230025,4.9020039095211345,4.9687793427230025,4.751272737985948,4.8529827798277925,4.813151167185461,4.693982943633874,4.850981461286805
2025-03-31,5.0,5.0,5.0,exact,5.0,1.0,4826.86,8.481951431718027,0.08685104554275269,-0.05693709605570618,0.68,4.954109811633181,5.0,4.937963498068804,5.0,4.781808812810039,4.8529827798277925,4.844941878007223,4.755960907346632,4.850981461286805
2025-04-01,5.0,5.0,5.0,exact,5.0,1.0,4844.53,8.48560551239542,0.0903944623672619,-0.05348476441304506,0.702,4.93811029642522,5.0,4.9227571500663885,5.0,4.770794314381839,4.8529827798277925,4.831531950572978,4.733968726674363,4.850981461286805
2025-04-02,5.0,5.0,5.0,exact,5.0,1.0,4847.56,8.486230764554389,0.09066104036080325,-0.05289276866447312,0.718,4.935366746279203,5.0,4.920155181812824,5.0,4.769965672696067,4.8529827798277925,4.829232455376273,4.717974413458167,4.850981461286805
2025-04-03,5.0,5.0,5.0,exact,5.0,1.0,4809.73,8.478396228468155,0.08177081996506641,-0.06028392350555267,0.66,4.969620377310167,5.0,4.952758370598943,5.0,4.797600388967064,4.8529827798277925,4.857941994416312,4.775953798866876,4.850981461286805
2025-04-07,5.4,5.4,5.4,exact,5.4,1.0,4365.18,8.381414704536878,-0.018209247566622233,-0.14713927334964083,0.33,5.372143551373473,5.367064846416383,5.356344096504614,5.367064846416383,5.108382425407716,4.935148514851484,5.195315126328799,5.105836508950908,4.918255319148939
2025-04-08,5.3,5.3,5.3,exact,5.3,1.0,4409.98,8.391625433283215,-0.008223149274157682,-0.1383863329087116,0.37,5.331578849544577,5.3,5.3138524526731885,5.3,5.077341238498685,4.8529827798277925,5.161315989427035,5.065850725910419,4.918255319148939
2025-04-09,5.2,5.2,5.2,exact,5.2,1.0,4486.47,8.408821479988909,0.008822453634151683,-0.12344185937463359,0.424,5.262320053944301,5.278571428571428,5.242291616019983,5.278571428571428,5.024356005391856,4.8529827798277925,5.103267016623106,5.011869918805759,4.918255319148939
2025-04-10,5.1,5.1,5.1,exact,5.1,1.0,4571.47,8.427590095185487,0.027612071480818567,-0.10683471791304877,0.48,5.1853557759207245,5.196289062500002,5.164186582387778,5.196289062500002,4.965949606571631,4.8529827798277925,5.038759725626455,4.955889822549075,4.9032863849765285
2025-04-11,5.1,5.1,5.1,exact,5.1,1.0,4603.03,8.434470061284596,0.034401864918900404,-0.10066858397742995,0.512,5.156779392221618,5.18409090909091,5.135555808197395,5.18409090909091,4.94484394137462,4.8529827798277925,5.014808547934052,4.9239011961166845,4.9032863849765285
2025-04-14,5.1,5.1,5.1,exact,5.1,1.0,4643.07,8.443131064365458,0.04308806708976576,-0.09284564345834934,0.564,5.120524689962042,5.104384531590415,5.099513301606777,5.104383421988026,4.917843403504998,4.8529827798277925,4.9844218193281,4.8719196781640495,4.9032863849765285
2025-04-15,5.1,5.1,5.1,exact,5.1,1.0,4637.01,8.441825040955882,0.04149794114471672,-0.09402963495549277,0.56,5.126011790254075,5.11078431372549,5.104948279161647,5.11078431372549,4.922786214523232,4.8529827798277925,4.989020809721508,4.875918256468098,4.9032863849765285
2025-04-16,5.1,5.1,5.1,exact,5.1,1.0,4612.72,8.436572983688306,0.035820845623701913,-0.09877536985080915,0.524,5.14800546452693,5.18409090909091,5.126804559192216,5.18409090909091,4.9404331250589735,4.8529827798277925,5.007454716760433,4.911905461204538,4.9032863849765285
2025-04-17,5.1,5.1,5.1,exact,5.1,1.0,4617.88,8.437691004301806,0.03673358847370878,-0.09776721867502358,0.53,5.143333280119852,5.18409090909091,5.12215194967871,5.18409090909091,4.937595918717,4.8529827798277925,5.003538744742284,4.905907593748465,4.9032863849765285
2025-04-18,5.1,5.1,5.1,exact,5.1,1.0,4616.84,8.437465767368929,0.03619915388455652,-0.09797041193525946,0.528,5.144274960698023,5.18409090909091,5.12308926647237,5.18409090909091,4.939257176546302,4.8529827798277925,5.004328010420361,4.907906882900489,4.9032863849765285
2025-04-21,5.0,5.0,5.0,exact,5.0,1.0,4668.91,8.448680918708904,0.04755330313766848,-0.08779707245402746,0.59,5.097127549442874,5.089882697947214,5.076417747906703,5.089882697947214,4.90396348537316,4.8529827798277925,4.964811602865117,4.845928919187731,4.9032863849765285
2025-04-22,5.0,5.0,5.0,exact,5.0,1.0,4665.27,8.447900989420093,0.046354607907259204,-0.08850824886485287,0.59,5.100423431466472,5.089882697947214,5.07966340043329,5.089882697947214,4.907689557519093,4.8529827798277925,4.967574032738385,4.845928919187731,4.9032863849765285
2025-04-23,5.0,5.0,5.0,exact,5.0,1.0,4681.08,8.451284131519339,0.04950916230278479,-0.08541932055299828,0.602,5.086108075754087,5.089882697947214,5.06558455526136,5.089882697947214,4.8978838146014505,4.8529827798277925,4.955575676613009,4.833933184275585,4.898845095937949
2025-04-24,5.0,5.0,5.0,exact,5.0,1.0,4658.58,8.446465959652762,0.0440683543051692,-0.08981532858694719,0.582,5.106480972877974,5.089882697947214,5.085635234107038,5.089882697947214,4.914796239559012,4.8529827798277925,4.972651135994475,4.85392607579583,4.9032863849765285
2025-04-25,5.0,5.0,5.0,exact,5.0,1.0,4667.56,8.448391730180603,0.04568894214389818,-0.08806083293606437,0.594,5.098349923270307,5.089882697947214,5.07762119736168,5.089882697947214,4.9097587395734115,4.8529827798277925,4.965836130428006,4.841930340883683,4.9032863849765285
2025-04-28,5.0,5.0,5.0,exact,5.0,1.0,4639.9,8.442448093263922,0.03901410985595,-0.09346499214579895,0.572,5.1233950048012735,5.11078431372549,5.102355465522265,5.11078431372549,4.93050705493828,4.8529827798277925,4.986827561827622,4.863922521555951,4.9032863849765285
2025-04-29,5.0,5.0,5.0,exact,5.0,1.0,4649.04,8.44441602565443,0.04069026777578588,-0.09167923599334149,0.58,5.115119081258503,5.089882697947214,5.094165973440049,5.089882697947214,4.925296818692365,4.8529827798277925,4.979891130772217,4.855925364947853,4.9032863849765285
2025-04-30,5.1,5.1,5.1,exact,5.1,1.0,4666.8,8.448228890949702,0.04427923881844498,-0.08820932031854445,0.598,5.099038074462047,5.089882697947214,5.0782988479753755,5.089882697947214,4.9141407177124306,4.8529827798277925,4.966412901500446,4.837931762579633,4.9032863849765285
2025-05-06,5.0,5.0,5.0,exact,5.0,1.0,4751.8,8.466278772614688,0.06279952156620583,-0.07160217885695963,0.654,5.0220737964384705,5.0769320843091315,5.003184802547125,5.0769320843091315,4.856571530874449,4.8529827798277925,4.901905610503794,4.781951666322949,4.850981461286805
2025-05-07,5.0,5.0,5.0,exact,5.0,1.0,4775.75,8.471306308643761,0.06761052073113083,-0.06692287252748963,0.67,5.0003879792777095,5.025,4.982262860969378,5.025,4.841616828855312,4.8529827798277925,4.883729732628856,4.765957353106754,4.850981461286805
2025-05-08,5.0,5.0,5.0,exact,5.0,1.0,4807.39,8.477909596285926,0.07408457101316168,-0.06074110834108326,0.7,4.971739158611051,5.0,4.954783475944296,5.0,4.821492632299523,4.8529827798277925,4.859717842191984,4.735968015826388,4.850981461286805
2025-05-09,4.9,4.9,4.9,exact,4.9,1.0,4773.33,8.470799453522261,0.06595397410592896,-0.06739568761380776,0.67,5.0025791975461456,5.025,4.984372123474728,5.025,4.846766104569453,4.8529827798277925,4.8855662931489965,4.765957353106754,4.850981461286805
2025-05-12,4.9,4.9,4.9,exact,4.9,1.0,4834.22,8.48347507119184,0.07897373902792348,-0.05549911298326771,0.74,4.947445610618432,5.0,4.931622917738338,5.0,4.806294947104456,4.8529827798277925,4.839356305516218,4.695982232785899,4.850981461286805
2025-05-13,4.9,4.9,4.9,exact,4.9,1.0,4831.24,8.482858442475893,0.07780258521632932,-0.05608133982509744,0.738,4.95014388765973,5.0,4.934188999790379,5.0,4.809935408403775,4.8529827798277925,4.84161785524763,4.6979815219379235,4.850981461286805
2025-05-14,4.9,4.9,4.9,exact,4.9,1.0,4864.48,8.489715102987562,0.08474986035892607,-0.049586970622943705,0.792,4.92004632764204,4.9687793427230025,4.905655211108616,4.9687793427230025,4.788340220784549,4.8529827798277925,4.816391709921411,4.644000714833264,4.850981461286805
2025-05-15,4.9,4.9,4.9,exact,4.9,1.0,4807.4,8.47791167641456,0.07158787442750159,-0.06073915455973489,0.704,4.971730103990108,5.0,4.9547748195508845,5.0,4.8292534637174445,4.8529827798277925,4.8597102530989265,4.731969437522339,4.850981461286805
2025-05-16,4.9,4.9,4.9,exact,4.9,1.0,4805.37,8.477489321561553,0.07077525940825669,-0.06113577217346455,0.7,4.973568192041729,5.0,4.956532436703419,5.0,4.831779428709848,4.8529827798277925,4.861250838989788,4.735968015826388,4.850981461286805
2025-05-19,4.9,4.9,4.9,exact,4.9,1.0,4812.05,8.478878467730528,0.07190407515161668,-0.05983064623271872,0.71,4.967519705251171,5.0,4.950751546258843,5.0,4.82827057275337,4.8529827798277925,4.856181324826757,4.725971570066266,4.850981461286805
2025-05-20,4.9,4.9,4.9,exact,4.9,1.0,4843.57,8.485407331120836,0.0784873807733677,-0.053672327422493504,0.756,4.93897954003584,5.0,4.923581875543178,5.0,4.807806762534493,4.8529827798277925,4.832260503506587,4.679987919569704,4.850981461286805
2025-05-21,4.9,4.9,4.9,exact,4.9,1.0,4846.77,8.486067782687307,0.07881062675911044,-0.05304711739099843,0.772,4.936082061333775,5.0,4.920833426002737,5.0,4.806801971797694,4.8529827798277925,4.829831993727889,4.6639936063535075,4.850981461286805
2025-05-22,4.9,4.9,4.9,exact,4.9,1.0,4816.98,8.479902454659799,0.07180587129372351,-0.058867432027946975,0.718,4.9630557771258035,5.0,4.946490255124047,5.0,4.828575833548805,4.8529827798277925,4.8524399019489515,4.717974413458167,4.850981461286805
2025-05-23,4.9,4.9,4.9,exact,4.9,1.0,4771.62,8.47044114886518,0.06136218062543386,-0.0677297842243878,0.67,5.004127537727562,5.025,4.985863197642892,5.025,4.861039418881137,4.8529827798277925,4.8868640280619875,4.765957353106754,4.850981461286805
2025-05-26,4.9,4.9,4.9,exact,4.9,1.0,4776.18,8.471396342804457,0.062026361542752984,-0.06683885992950744,0.676,4.99999863057712,5.025,4.981888186488845,5.025,4.858974852381579,4.8529827798277925,4.883403401627343,4.759959485650681,4.850981461286805
2025-05-27,4.9,4.9,4.9,exact,4.9,1.0,4761.07,8.468227711879964,0.058295255936397616,-0.06979102354697286,0.662,5.013680162823429,5.04893455903072,4.995074349790372,5.048932077302337,4.870572770118039,4.8529827798277925,4.894870521238631,4.7739545097148515,4.850981461286805
2025-05-28,4.9,4.9,4.9,exact,4.9,1.0,4751.01,8.466112506004745,0.05570630700774282,-0.07175652758348494,0.654,5.022789111493043,5.0769320843091315,5.003876716096713,5.0769320843091315,4.878620362404703,4.8529827798277925,4.90250514885541,4.781951666322949,4.850981461286805
2025-05-29,4.9,4.9,4.9,exact,4.9,1.0,4805.66,8.47754966889167,0.06748854854272945,-0.06107911251436027,0.71,4.973305608034355,5.0,4.956281303084928,5.0,4.841995972078919,4.8529827798277925,4.861030755291093,4.725971570066266,4.850981461286805
2025-05-30,4.9,4.9,4.9,exact,4.9,1.0,4764.6,8.46896886712922,0.05806655766726099,-0.06910133873097979,0.668,5.010483881630214,5.028021978021978,4.991990054275568,5.028021978021978,4.871283664955055,4.8529827798277925,4.892191571389005,4.7679566422587785,4.850981461286805
2025-06-03,4.9,4.9,4.9,exact,4.9,1.0,4788.37,8.473945340216831,0.06299215919603873,-0.0644572004657814,0.69,4.988961047646445,5.01,4.971280609609217,5.01,4.855972728369384,4.8529827798277925,4.874152297189118,4.74596446158651,4.850981461286805
2025-06-04,4.9,4.9,4.9,exact,4.9,1.0,4821.11,8.4807594709883,0.06987983151346056,-0.05806052033104869,0.74,4.959316218675952,5.0,4.94292380717571,5.0,4.834562812553256,4.8529827798277925,4.84930560651582,4.695982232785899,4.850981461286805
2025-06-05,4.9,4.9,4.9,exact,4.9,1.0,4840.08,8.484686528499696,0.07362085122494388,-0.05435419711309264,0.77,4.942139602745278,5.0,4.926581474201718,5.0,4.822934077416315,4.8529827798277925,4.834909096983979,4.665992895505532,4.850981461286805
2025-06-06,4.9,4.9,4.9,exact,4.9,1.0,4834.86,8.4836074519356,0.07195626664268606,-0.05537407097696889,0.768,4.94686611487802,5.0,4.931072019212515,5.0,4.828108338637312,4.8529827798277925,4.838870603560479,4.667992184657557,4.850981461286805
2025-06-09,4.9,4.9,4.9,exact,4.9,1.0,4870.43,8.490937507866686,0.07933801813024988,-0.048424470720632606,0.834,4.914658828180389,4.9687793427230025,4.900568209579937,4.9687793427230025,4.805162607388663,4.8529827798277925,4.811876199551644,4.60201564264075,4.850981461286805
2025-06-10,4.9,4.9,4.9,exact,4.9,1.0,4836.67,8.483981746389762,0.07135189867495928,-0.05502043655290445,0.77,4.945227228487165,5.0,4.929514403979603,5.0,4.829986980174637,4.8529827798277925,4.837496977716903,4.665992895505532,4.850981461286805
2025-06-11,,4.9,5.0,range,4.95,0.55,4866.33,8.490095338553212,0.07739187358892496,-0.049225521073485545,0.83,4.918371222767409,4.9687793427230025,4.904072872117048,4.9687793427230025,4.811212080835649,4.8529827798277925,4.814987727705601,4.606014220944799,4.850981461286805
2025-06-12,5.0,5.0,5.0,derived,5.0,0.25,4868.92,8.490627425569182,0.07741146926694897,-0.04871949170424428,0.838,4.916026075942925,4.9687793427230025,4.901858607833702,4.9687793427230025,4.811151168847169,4.8529827798277925,4.813022152603468,4.598017064336702,4.850981461286805
2025-06-13,5.0,5.0,5.0,exact,5.0,1.0,4813.2,8.479117422564007,0.06458676157829668,-0.059605961377650285,0.728,4.9664784238426165,5.0,4.9497571428300375,5.0,4.851016002614881,4.8529827798277925,4.855308579125038,4.707977967698046,4.850981461286805
2025-06-16,5.0,5.0,5.0,exact,5.0,1.0,4838.23,8.484304230345879,0.06958003174596072,-0.05471564666255069,0.774,4.943814707619909,5.0,4.928172396592565,5.0,4.835494722128517,4.8529827798277925,4.836313079199789,4.661994317201484,4.850981461286805
2025-06-17,5.0,5.0,5.0,exact,5.0,1.0,4832.05,8.483026087243234,0.06769819740381089,-0.05592308353587527,0.766,4.94941046336327,5.0,4.933491351079795,5.0,4.841344291182988,4.8529827798277925,4.8410031387098975,4.669991473809581,4.850981461286805
2025-06-18,5.0,5.0,5.0,exact,5.0,1.0,4830.93,8.482794274695754,0.06689357546380781,-0.056141907046898476,0.762,4.950424580908992,5.0,4.934456032097948,5.0,4.843845410168527,4.8529827798277925,4.841853117132441,4.67399005211363,4.850981461286805
2025-06-19,5.0,5.0,5.0,exact,5.0,1.0,4772.14,8.470550120591318,0.0533685016828902,-0.0676281875942698,0.678,5.003656697438475,5.025,4.985409715047311,5.025,4.885887289879315,4.8529827798277925,4.8864693952229485,4.757960196498656,4.850981461286805
2025-06-20,5.0,5.0,5.0,exact,5.0,1.0,4754.83,8.46691622250021,0.04902706993435557,-0.07101018310838791,0.658,5.019330246292454,5.0769320843091315,5.000532073817482,5.0769320843091315,4.899382369780616,4.8529827798277925,4.8996061153070904,4.777953088018901,4.850981461286805
2025-06-23,5.0,5.0,5.0,exact,5.0,1.0,4794.14,8.475149617738555,0.0571312432140727,-0.06332986862774204,0.701,4.983736531361785,5.009016393442623,4.966269044538926,5.009016393442623,4.874191033770164,4.8529827798277925,4.869773390494403,4.734968371250376,4.850981461286805
2025-06-24,4.9,4.9,4.9,exact,4.9,1.0,4868.08,8.490454887826122,0.07280433001746744,-0.04888360933751179,0.84,4.916786664102218,4.9687793427230025,4.902576618517145,4.9687793427230025,4.825472184560283,4.8529827798277925,4.813659636420375,4.596017775184677,4.850981461286805
2025-06-25,4.9,4.9,4.9,exact,4.9,1.0,4933.59,8.503822196757765,0.08651621830912326,-0.03608438772400091,0.924,4.8574698422984,4.902080706179068,4.846948960176725,4.902080706179068,4.782849603160477,4.8529827798277925,4.763943487794603,4.512047630799651,4.8088235294117645
2025-06-26,4.9,4.9,4.9,exact,4.9,1.0,4916.56,8.500364377949264,0.08207200176154283,-0.03941167736036311,0.904,4.872889861765946,4.902080706179068,4.861338570252016,4.902080706179068,4.7966641834377155,4.8529827798277925,4.776867713273109,4.532040522319895,4.81078431372549
2025-06-27,4.9,4.9,4.9,exact,4.9,1.0,4913.66,8.499774360618192,0.08073777100626911,-0.03997827395140552,0.9,4.875515701839692,4.902080706179068,4.863793909817794,4.902080706179068,4.800811559624217,4.8529827798277925,4.779068550260054,4.536039100623944,4.81078431372549
2025-06-30,4.9,4.9,4.9,exact,4.9,1.0,4954.23,8.507997036101191,0.08894571306811616,-0.03205178302085865,0.946,4.838781104670087,4.897808764940237,4.829575490482121,4.897808764940237,4.775297664585496,4.8529827798277925,4.7482795997220055,4.490055450127382,4.8
2025-07-01,4.9,4.9,4.9,exact,4.9,1.0,4966.82,8.510535075272117,0.09095598233060787,-0.029591972303195657,0.956,4.827381336901653,4.896232876712329,4.8190135159981935,4.896232876712329,4.769048863293246,4.8529827798277925,4.738724931561443,4.48005900436726,4.8
2025-07-02,4.9,4.9,4.9,exact,4.9,1.0,4947.14,8.506564910807057,0.08584800156066219,-0.033437013996889475,0.932,4.845200830919347,4.900684442822062,4.835535237277092,4.900684407542188,4.7849267147988,4.8529827798277925,4.7536602667004315,4.504050474191553,4.8049019607843135
2025-07-03,4.9,4.9,4.9,exact,4.9,1.0,4976.66,8.5125142622795,0.09150561644215482,-0.02766945145634858,0.962,4.818471589892806,4.896232876712329,4.810777188162753,4.896232876712329,4.767340358661264,4.8529827798277925,4.731257263991948,4.474061136911187,4.8
2025-07-04,4.9,4.9,4.9,exact,4.9,1.0,4969.21,8.511016152733859,0.08898891277750187,-0.029125018560922755,0.956,4.825217282496049,4.896232876712329,4.817011526456845,4.896232876712329,4.775163380882875,4.8529827798277925,4.736911138320478,4.48005900436726,4.8
2025-07-07,4.9,4.9,4.9,exact,4.9,1.0,4966.1,8.510390102796498,0.08740805860965017,-0.029732644560281796,0.95,4.828033269609617,4.896232876712329,4.819616814641449,4.896232876712329,4.7800773711384315,4.8529827798277925,4.739271346261648,4.486056871823333,4.8
2025-07-08,4.9,4.9,4.9,exact,4.9,1.0,5018.79,8.52094414777539,0.0980443831701725,-0.019438170635447838,0.978,4.780324471855944,4.817741935483871,4.775696470524508,4.817741935483871,4.74701499491914,4.8529827798277925,4.699284414936784,4.458066823694991,4.8
2025-07-09,4.9,4.9,4.9,exact,4.9,1.0,5008.5,8.51889174805182,0.09485060794604872,-0.021448611642973736,0.974,4.7896416768072685,4.822602739726027,4.784237470899718,4.822602739726027,4.756942653427395,4.8529827798277925,4.707093591693908,4.46206540199904,4.8
2025-07-10,4.9,4.9,4.9,exact,4.9,1.0,5026.49,8.522477206387611,0.09783619364658991,-0.017933758997163096,0.978,4.773352413729103,4.8,4.769316692729845,4.8,4.747662139552085,4.8529827798277925,4.693440813281793,4.458066823694991,4.8
2025-07-11,4.9,4.9,4.9,exact,4.9,1.0,5045.76,8.526303565644191,0.10110672643494656,-0.014168822338754383,0.986,4.75590415917011,4.77738589211618,4.753393412546735,4.77738589211618,4.737495884764457,4.8529827798277925,4.678816630958199,4.450069667086893,4.8
2025-07-14,4.9,4.9,4.9,exact,4.9,1.0,5052.93,8.527723552039411,0.10171234765546999,-0.0127679611119359,0.988,4.749411995953298,4.77738589211618,4.747484181418365,4.77738589211618,4.735613347566067,4.8529827798277925,4.673375251235305,4.448070377934869,4.8
2025-07-15,4.9,4.9,4.9,exact,4.9,1.0,5042.65,8.52568701653516,0.09850352914014326,-0.014776448338113646,0.978,4.758720146283679,4.77738589211618,4.755959163316966,4.77738589211618,4.745587767241725,4.8529827798277925,4.681176838899371,4.458066823694991,4.8
2025-07-16,4.8,4.8,4.8,exact,4.8,1.0,5044.13,8.525980469948564,0.09780791604097883,-0.014487288698547096,0.98,4.757380062383974,4.77738589211618,4.754737965669541,4.77738589211618,4.747750038791148,4.8529827798277925,4.680053653126723,4.456067534542967,4.8
2025-07-17,4.8,4.8,4.8,exact,4.8,1.0,5090.82,8.535194196765788,0.10690823350194423,-0.005365083582766106,0.998,4.715104037196671,4.7527624309392245,4.716395315697774,4.7527624309392245,4.719462248408541,4.8529827798277925,4.644620177636916,4.438073932174747,4.8
2025-07-18,4.8,4.8,4.8,exact,4.8,1.0,5110.45,8.539042741942774,0.1100350005138293,-0.0015298107958141571,0.998,4.6973298162836965,4.7527624309392245,4.700379709467093,4.7527624309392245,4.709742880904402,4.8529827798277925,4.629722787963218,4.438073932174747,4.8
2025-07-21,4.8,4.8,4.8,exact,4.8,1.0,5156.72,8.548055997444095,0.11895008427017428,0.0,1.0,4.655434085176038,4.684272300469485,4.662871314910916,4.684272300469485,4.68203087836992,4.8529827798277925,4.623780528098468,4.436074643022723,4.8
2025-07-22,4.7,4.7,4.7,exact,4.7,1.0,5188.27,8.554155587258697,0.12460671051456651,0.0,1.0,4.626866756097876,4.65,4.637488053406408,4.65,4.6644475953514455,4.8529827798277925,4.623780528098468,4.436074643022723,4.8
2025-07-23,4.7,4.7,4.7,exact,4.7,1.0,5173.47,8.551298922245937,0.1202994217926514,-0.002852588627808572,0.998,4.6402675950949215,4.65,4.6493759798496015,4.65,4.67783654370468,4.8529827798277925,4.6348608675496275,4.438073932174747,4.8
2025-07-24,4.7,4.7,4.7,exact,4.7,1.0,5229.1,8.561994458120777,0.13117774018381256,0.0,1.0,4.589896738783727,4.6359154929577455,4.604866825579599,4.6359154929577455,4.644021944193799,4.8529827798277925,4.623780528098468,4.436074643022723,4.8
2025-07-25,4.7,4.7,4.7,exact,4.7,1.0,5220.95,8.560434656655254,0.1282386139169127,-0.0015585856074660231,0.998,4.597276254853046,4.6359154929577455,4.611357892962474,4.6359154929577455,4.653158041709375,4.8529827798277925,4.629834558261129,4.438073932174747,4.8
2025-07-28,4.7,4.7,4.7,exact,4.7,1.0,5238.8,8.563847743455248,0.13091727943251086,0.0,1.0,4.5811137564680955,4.6359154929577455,4.5971544338094645,4.6359154929577455,4.64483157079939,4.8529827798277925,4.623780528098468,4.436074643022723,4.8
2025-07-29,4.6,4.6,4.6,exact,4.6,1.0,5262.32,8.568327273130123,0.1347711580915083,0.0,1.0,4.559817288007925,4.601612903225807,4.57851300436738,4.601612903225807,4.632852020400919,4.8529827798277925,4.623780528098468,4.436074643022723,4.8
2025-07-30,4.6,4.6,4.6,exact,4.6,1.0,5241.33,8.564330561902947,0.12906410343504437,-0.003988735006613009,0.998,4.578822937369276,4.6359154929577455,4.595145199206868,4.6359154929577455,4.650592057110254,4.8529827798277925,4.639274012656018,4.438073932174747,4.8
2025-07-31,4.6,4.6,4.6,exact,4.6,1.0,5168.75,8.550386158772001,0.1123499847418401,-0.017781130756016283,0.986,4.644541376180467,4.662087912087912,4.653174417884763,4.662087912087912,4.702546891438991,4.8529827798277925,4.692847957829292,4.450069667086893,4.8
2025-08-01,4.7,4.7,4.7,exact,4.7,1.0,5161.09,8.548903076477593,0.10962382211110078,-0.019236762492588766,0.984,4.651477215823532,4.684272300469485,4.659346220720025,4.684272300469485,4.711021004279343,4.8529827798277925,4.6985020832085596,4.452068956238918,4.8
2025-08-04,4.7,4.7,4.7,exact,4.7,1.0,5199.57,8.556331208842629,0.11668685560068082,-0.011924398364219546,0.99,4.616635034431212,4.65,4.628434268926085,4.65,4.6890659887894355,4.8529827798277925,4.670098591747172,4.446071088782845,4.8
2025-08-05,4.7,4.7,4.7,exact,4.7,1.0,5239.87,8.56405196784703,0.12404803318848745,-0.004266179175724694,0.996,4.580144912027093,4.6359154929577455,4.596304560080284,4.6359154929577455,4.666184210272785,4.8529827798277925,4.6403516919058525,4.440073221326771,4.8
2025-08-06,4.6,4.6,4.6,exact,4.6,1.0,5272.08,8.57018025057404,0.12961908956671264,0.0,1.0,4.550979977966629,4.601612903225807,4.5708018938746235,4.601612903225807,4.648866916045096,4.8529827798277925,4.623780528098468,4.436074643022723,4.8
2025-08-07,4.6,4.6,4.6,exact,4.6,1.0,5271.11,8.569996245542786,0.128112290060993,-0.00018398810336717197,0.998,4.5518582761981925,4.601612903225807,4.571567625336648,4.601612903225807,4.653550711830159,4.8529827798277925,4.624495194987486,4.438073932174747,4.8
2025-08-08,4.6,4.6,4.6,exact,4.6,1.0,5258.78,8.567654339666209,0.1241796843241505,-0.002522723479158162,0.994,4.563022623822083,4.601612903225807,4.581313396952595,4.601612903225807,4.665774980622804,4.8529827798277925,4.633579568947886,4.442072510478796,4.8
2025-08-11,4.6,4.6,4.6,exact,4.6,1.0,5310.51,8.57744315482168,0.13387678123475877,0.0,1.0,4.516183069679028,4.6,4.540577533974442,4.6,4.63563213715567,4.8529827798277925,4.623780528098468,4.436074643022723,4.8
2025-08-12,4.6,4.6,4.6,exact,4.6,1.0,5328.4,8.580806284477308,0.1364272318028319,0.0,1.0,4.499984352810301,4.566666666666666,4.526581969991106,4.566666666666666,4.627704214711171,4.8529827798277925,4.623780528098468,4.436074643022723,4.8
2025-08-13,4.6,4.6,4.6,exact,4.6,1.0,5382.35,8.59088036075916,0.14658455354419386,0.0,1.0,4.451134672817689,4.5,4.4846590013241965,4.5,4.59613078999266,4.8529827798277925,4.623780528098468,4.436074643022723,4.8
2025-08-14,4.6,4.6,4.6,exact,4.6,1.0,5336.83,8.582387122725631,0.13555158482601826,-0.008457272381023229,0.998,4.492351307354552,4.565883821193556,4.520003358662613,4.5658827948082985,4.630426110758811,4.8529827798277925,4.6566311985032804,4.438073932174747,4.8
2025-08-15,4.6,4.6,4.6,exact,4.6,1.0,5412.02,8.596377684775351,0.1500545610897588,0.0,1.0,4.424269612476989,4.0,4.461782051017806,4.0,4.585344479900068,4.8529827798277925,4.623780528098468,4.436074643022723,4.8
2025-08-18,4.5,4.5,4.5,exact,4.5,1.0,5486.57,8.610058566938728,0.16433878984925965,0.0,1.0,4.356767413339841,4.0,4.404849467004709,4.0,4.540942812523171,4.8529827798277925,4.623780528098468,4.436074643022723,4.8
2025-08-19,4.5,4.5,4.5,exact,4.5,1.0,5483.45,8.609489743894809,0.16212659674704488,-0.0005686612947615188,0.998,4.3595924550743534,4.0,4.407216607175187,4.0,4.547819281946322,4.8529827798277925,4.625989385035381,4.438073932174747,4.8
2025-08-20,4.5,4.5,4.5,exact,4.5,1.0,5536.44,8.619106973907941,0.17174079279641208,0.0,1.0,4.311612018692362,4.0,4.367194790660918,4.0,4.517934130828426,4.8488293144636785,4.623780528098468,4.436074643022723,4.8
2025-08-21,4.5,4.5,4.5,exact,4.5,1.0,5529.21,8.61780022716847,0.16858776833625932,-0.001305893317727569,0.998,4.318158509634837,4.0,4.372632778331621,4.0,4.52773511803383,4.851825420760551,4.62885302299183,4.438073932174747,4.8
2025-08-22,4.5,4.5,4.5,exact,4.5,1.0,5620.43,8.634163452416324,0.1861170163401331,0.0,1.0,4.235562257384123,4.0,4.304537703392469,4.0,4.47324650318877,4.817741935483871,4.623780528098468,4.436074643022723,4.8
2025-08-25,4.5,4.5,4.5,exact,4.5,1.0,5722.08,8.652087654637802,0.2057048926778351,0.0,1.0,4.1435220354888695,4.0,4.229946669228468,4.0,4.412358765782019,4.8,4.623780528098468,4.436074643022723,4.8
2025-08-26,4.2,4.2,4.2,exact,4.2,1.0,5715.79,8.650987799396558,0.2024971557667361,-0.0010992506221513265,0.998,4.1492173920626145,4.0,4.234523684085879,4.0,4.4223298233558825,4.80222793005916,4.6280503586364565,4.438073932174747,4.8
2025-08-27,4.4,4.4,4.4,exact,4.4,1.0,5615.16,8.63322536186897,0.17961829925206807,-0.01868551296032217,0.994,4.240334042621585,4.0,4.308441539289994,4.0,4.493447375029954,4.8240433085110626,4.696360858960428,4.442072510478796,4.8
2025-08-28,4.4,4.4,4.4,exact,4.4,1.0,5703.55,8.648844066976384,0.19636047825976077,-0.0032383329139054062,0.996,4.160300248098009,4.0,4.243444762760177,4.0,4.441405316898562,4.807143367491461,4.636359218061731,4.440073221326771,4.8
2025-08-29,4.4,4.4,4.4,exact,4.4,1.0,5723.95,8.652414405487946,0.19879734527485549,0.0,1.0,4.141828821372351,4.0,4.2285869052889,4.0,4.433830462108169,4.8051914533930065,4.623780528098468,4.436074643022723,4.8
2025-09-01,4.4,4.4,4.4,exact,4.4,1.0,5769.45,8.660332034334928,0.2063819565799263,0.0,1.0,4.1006302960773775,4.0,4.195637928451568,4.0,4.410254153297879,4.8,4.623780528098468,4.436074643022723,4.8
2025-09-02,4.3,4.3,4.3,exact,4.3,1.0,5684.0,8.64541048921699,0.18667587302224087,-0.01481077052405344,0.99,4.178002032043432,4.0,4.2577334944309655,4.0,4.471509330749986,4.817741935483871,4.681310156920488,4.446071088782845,4.8
2025-09-03,4.3,4.3,4.3,exact,4.3,1.0,5615.64,8.633310841086887,0.1706299240745297,-0.02665938694329606,0.986,4.2398994208162755,4.0,4.308085820068285,4.0,4.521387199546302,4.850484948981226,4.727333859978103,4.450069667086893,4.8
2025-09-04,4.4,4.4,4.4,exact,4.4,1.0,5502.11,8.612886934014584,0.1453446434667527,-0.046337172520777625,0.978,4.342696532392942,4.0,4.393079301583853,4.0,4.599984976015773,4.8529827798277925,4.803768485609044,4.458066823694991,4.8
2025-09-05,4.3,4.3,4.3,exact,4.3,1.0,5642.59,8.63809845894109,0.17280285763839132,-0.02198823111388426,0.988,4.21549721737233,4.0,4.288162290835878,4.0,4.514632766040712,4.845487604032396,4.709189641174669,4.448070377934869,4.8
2025-09-08,4.3,4.3,4.3,exact,4.3,1.0,5681.23,8.644923037567557,0.17896949661845962,-0.015290885613013394,0.988,4.180510162044906,4.0,4.25976200996471,4.0,4.495464139058014,4.826084719207355,4.68317507291624,4.448070377934869,4.8
2025-09-09,4.3,4.3,4.3,exact,4.3,1.0,5629.75,8.635820315174449,0.16648754175350966,-0.024213746544297976,0.984,4.227123350664362,4.0,4.2976427183287385,4.0,4.5342635462544525,4.8529827798277925,4.717834233732595,4.452068956238918,4.8
2025-09-10,4.3,4.3,4.3,exact,4.3,1.0,5641.21,8.637853860488995,0.16707433511347625,-0.022227422024629684,0.984,4.216746755062595,4.0,4.28918018001562,4.0,4.532439534330051,4.852818838885826,4.710118732898184,4.452068956238918,4.8
2025-09-11,4.2,4.2,4.2,exact,4.2,1.0,5769.36,8.660316434806035,0.19169833562126226,-1.559940722251074e-05,0.998,4.100711787665873,4.0,4.195702845426851,4.0,4.455897307343658,4.80774647887324,4.623841121036958,4.438073932174747,4.8
2025-09-12,4.2,4.2,4.2,exact,4.2,1.0,5759.29,8.658569482203431,0.18768193622488538,-0.001760999748676162,0.996,4.1098297909564305,4.0,4.202972736697525,4.0,4.468382043695426,4.817741935483871,4.630620797599132,4.440073221326771,4.8
2025-09-15,4.2,4.2,4.2,exact,4.2,1.0,5764.16,8.659414715235194,0.18677272194695993,-0.0009168984911906986,0.996,4.105420190556727,4.0,4.19945532458793,4.0,4.471208281682963,4.817741935483871,4.627342046371944,4.440073221326771,4.8
2025-09-16,4.2,4.2,4.2,exact,4.2,1.0,5790.93,8.664048179430406,0.19032026682571246,0.0,1.0,4.081180970289772,4.0,4.180173301220179,4.0,4.4601809514460244,4.811851615495695,4.623780528098468,4.436074643022723,4.8
2025-09-17,4.2,4.2,4.2,exact,4.2,1.0,5829.84,8.670744834714078,0.19632571244321073,0.0,1.0,4.045949440196862,4.0,4.152305369533352,4.0,4.441513384351732,4.8071712146768215,4.623780528098468,4.436074643022723,4.8
2025-09-18,4.2,4.2,4.2,exact,4.2,1.0,5766.72,8.659858740329906,0.18142524949831573,-0.01082705528796668,0.992,4.103102207595075,4.0,4.197607527369392,4.0,4.487830578691046,4.818357869874903,4.665836170709406,4.44407179963082,4.8
2025-09-19,4.2,4.2,4.2,exact,4.2,1.0,5749.1,8.65679859980146,0.17586579421192194,-0.013849436691229955,0.986,4.1190564496983155,4.0,4.210342211116178,4.0,4.5051118116213855,4.835850294996678,4.67757603799085,4.450069667086893,4.8
2025-09-22,4.2,4.2,4.2,exact,4.2,1.0,5778.26,8.661857878283087,0.179855653259416,-0.00884758415325293,0.996,4.092653175025757,4.0,4.189288174266714,4.0,4.492709574350458,4.823296491244442,4.658147290548915,4.440073221326771,4.8
2025-09-23,4.2,4.2,4.2,exact,4.2,1.0,5742.37,8.655627296083235,0.17059750622615,-0.01500384230098939,0.982,4.125150209593595,4.0,4.2152165566844175,4.0,4.521487968481402,4.850506228068852,4.682060107616509,4.454068245390943,4.8
2025-09-24,4.2,4.2,4.2,exact,4.2,1.0,5821.91,8.669383665580792,0.18477194411456277,-0.00136024316276262,0.998,4.053129754605415,4.0,4.157969834376445,4.0,4.477427579434694,4.817741935483871,4.629064134655894,4.438073932174747,4.8
2025-09-25,4.2,4.2,4.2,exact,4.2,1.0,5831.15,8.67096951546683,0.1845794291329681,0.0,1.0,4.044763284853205,4.0,4.151370367266736,4.0,4.478026000695075,4.817741935483871,4.623780528098468,4.436074643022723,4.8
2025-09-26,4.2,4.2,4.2,exact,4.2,1.0,5760.9,8.658848991484177,0.16833676082495463,-0.012047366299957951,0.982,4.108371996984455,4.0,4.201809567143222,4.0,4.528515359810526,4.85199018218349,4.670576237369224,4.454068245390943,4.8
2025-09-29,4.2,4.2,4.2,exact,4.2,1.0,5840.45,8.672563127648225,0.18244693008031931,0.0,1.0,4.036342487375331,4.0,4.144738597595882,4.0,4.484654745950522,4.817741935483871,4.623780528098468,4.436074643022723,4.8
2025-09-30,4.1,4.1,4.1,exact,4.1,1.0,5875.46,8.678539633819582,0.1874696996616354,0.0,1.0,4.004642259450561,4.0,4.119867545010067,4.0,4.469041768308165,4.817741935483871,4.623780528098468,4.436074643022723,4.8
2025-10-09,4.1,4.1,4.1,exact,4.1,1.0,5952.85,8.691625375456459,0.2009589772983298,0.0,1.0,3.9345685479653305,4.0,4.065411620588058,4.0,4.427111158762252,4.8034600006727075,4.623780528098468,4.436074643022723,4.8
2025-10-10,4.1,4.1,4.1,exact,4.1,1.0,5855.65,8.675162286095421,0.1794766942100603,-0.016328313328909827,0.996,4.022579463540527,4.0,4.13392227706251,4.0,4.493887545800108,4.824488858563465,4.687204764101331,4.440073221326771,4.8
2025-10-13,4.2,4.2,4.2,exact,4.2,1.0,5833.96,8.67145129404489,0.1733150402731385,-0.01997194621063869,0.992,4.042218936367955,4.0,4.149365460050696,4.0,4.513040677075521,4.843876058309757,4.701357764913081,4.44407179963082,4.8
2025-10-14,4.2,4.2,4.2,exact,4.2,1.0,5741.33,8.655446169790691,0.15315934403630793,-0.03553256003426941,0.964,4.126091890171765,4.0,4.2159703083609585,4.0,4.575693448542954,4.8529827798277925,4.761800017803464,4.4720618477591625,4.8
2025-10-15,4.2,4.2,4.2,exact,4.2,1.0,5826.49,8.670170039715613,0.1688240147818727,-0.021226807327582642,0.986,4.048982738213086,4.0,4.154697361814968,4.0,4.52700076014348,4.8516703485065715,4.7062320349021896,4.450069667086893,4.8
2025-10-16,4.2,4.2,4.2,exact,4.2,1.0,5800.59,8.665714915498892,0.16260791551878184,-0.025577664480038953,0.982,4.072434206457916,4.0,4.173237228669187,4.0,4.546323131446022,4.8529827798277925,4.7231321142486316,4.454068245390943,4.8
2025-10-17,4.3,4.3,4.3,exact,4.3,1.0,5652.46,8.63984612761227,0.13235960522633805,-0.05046154363036193,0.946,4.206560306500651,4.0,4.28088941966714,4.0,4.640348187676304,4.8529827798277925,4.819788822881389,4.490055450127382,4.8
2025-10-20,4.3,4.3,4.3,exact,4.3,1.0,5697.16,8.647723084043015,0.1403681784138595,-0.04295253534021526,0.95,4.166086150881194,4.0,4.248109699879663,4.0,4.615454018811965,4.8529827798277925,4.790621504472665,4.486056871823333,4.8
2025-10-21,4.2,4.2,4.2,exact,4.2,1.0,5788.83,8.663685477608775,0.15768052613139472,-0.02755318880872193,0.978,4.083082440688002,4.0,4.181682674057775,4.0,4.561639625482825,4.8529827798277925,4.7308056637897185,4.458066823694991,4.8
2025-10-22,4.2,4.2,4.2,exact,4.2,1.0,5764.93,8.6595482903918,0.15174853373339214,-0.0315680724358921,0.968,4.1047229847440425,4.0,4.1988994555485775,4.0,4.580078867654945,4.8529827798277925,4.746400717704003,4.468063269455113,4.8
2025-10-23,4.2,4.2,4.2,exact,4.2,1.0,5772.78,8.660909045898967,0.15226410061331608,-0.03024937634914382,0.974,4.097615107303042,4.0,4.193236711998281,4.0,4.578476258966835,4.8529827798277925,4.741278492882785,4.46206540199904,4.8
2025-10-24,4.2,4.2,4.2,exact,4.2,1.0,5842.57,8.672926047513682,0.1649685812186621,-0.01852558018428163,0.994,4.034422907735213,4.0,4.143228317375396,4.0,4.53898514386833,4.8529827798277925,4.695739630427642,4.442072510478796,4.8
2025-10-27,4.1,4.1,4.1,exact,4.1,1.0,5913.07,8.684920434073097,0.17771298040799555,-0.0066825134179427925,0.998,3.9705878300803645,4.0,4.093314034632165,4.0,4.499369944248483,4.830038256846129,4.649737483944085,4.438073932174747,4.8
2025-10-28,4.1,4.1,4.1,exact,4.1,1.0,5893.14,8.681544241555551,0.17242436502642788,-0.0100304895974197,0.996,3.9886336896216568,4.0,4.107363959326655,4.0,4.515809287597736,4.8466785037398035,4.662742062375536,4.440073221326771,4.8
2025-10-29,4.1,4.1,4.1,exact,4.1,1.0,5961.19,8.693025404558636,0.18472400646141884,0.0,1.0,3.927016994098076,4.0,4.059585441140811,4.0,4.4775765907509895,4.817741935483871,4.623780528098468,4.436074643022723,4.8
2025-10-30,4.1,4.1,4.1,exact,4.1,1.0,5898.9,8.68252117183362,0.17122527687964895,-0.010449255937153512,0.994,3.9834182279579418,4.0,4.103298493045536,4.0,4.519536581100611,4.850094159180503,4.664368680791432,4.442072510478796,4.8
2025-10-31,4.1,4.1,4.1,exact,4.1,1.0,5866.65,8.677039051445007,0.16377003877848817,-0.015859249579362467,0.988,4.012619380502182,4.0,4.126112173908183,4.0,4.542710741074991,4.8529827798277925,4.685382774937331,4.448070377934869,4.8
2025-11-03,4.1,4.1,4.1,exact,4.1,1.0,5888.68,8.680787142870791,0.1670808413544822,-0.012163678728575933,0.99,3.9926720505626587,4.0,4.110514602973865,4.0,4.532419310070563,4.852814568186831,4.671028030936271,4.446071088782845,4.8
2025-11-04,4.2,4.2,4.2,exact,4.2,1.0,5827.93,8.670417156261495,0.15401433817860966,-0.02235459698483011,0.972,4.047678872797157,4.0,4.153668993662869,4.0,4.573035750591258,4.8529827798277925,4.710612719908779,4.464064691151065,4.8
2025-11-05,4.2,4.2,4.2,exact,4.2,1.0,5847.93,8.673843031453734,0.15698445848965448,-0.018999562167956285,0.982,4.029569630909256,4.0,4.139412315996083,4.0,4.563803309950551,4.8529827798277925,4.69758072353923,4.454068245390943,4.8
2025-11-06,4.1,4.1,4.1,exact,4.1,1.0,5918.75,8.685880556934388,0.16998082328538477,-0.007119383881406205,0.996,3.965444805384201,4.0,4.0893185119158275,4.0,4.523404890372944,4.850911018978475,4.651434424394653,4.440073221326771,4.8
2025-11-07,4.1,4.1,4.1,exact,4.1,1.0,5903.58,8.683314225538483,0.16593136534817332,-0.009664177790004946,0.992,3.979180665356173,4.0,4.099998223652101,4.0,4.535992387213836,4.8529827798277925,4.661319193640956,4.44407179963082,4.8
2025-11-10,4.1,4.1,4.1,exact,4.1,1.0,5926.66,8.68721609553976,0.16940806743778958,-0.0057924676113325635,0.996,3.9582826002175358,4.0,4.083760707751949,4.0,4.525185267533046,4.85128697612795,4.646280269830496,4.440073221326771,4.8
2025-11-11,4.1,4.1,4.1,exact,4.1,1.0,5895.64,8.681968373660396,0.16227697369953575,-0.010996126612303758,0.986,3.9863700343856694,4.0,4.105598946193481,4.0,4.547351844219157,4.8529827798277925,4.666492896199667,4.450069667086893,4.8
2025-11-12,4.1,4.1,4.1,exact,4.1,1.0,5871.63,8.6778875574099,0.15649638771038,-0.015023845909960865,0.978,4.008110179272094,4.0,4.122581141584753,4.0,4.565320448660844,4.8529827798277925,4.682137807841313,4.458066823694991,4.8
2025-11-13,4.1,4.1,4.1,exact,4.1,1.0,5948.0,8.690810307580046,0.17048261052476854,-0.0022126454617281688,0.996,3.9389600391231463,4.0,4.068803501301318,4.0,4.52184511487003,4.850581645649588,4.632375129704186,4.440073221326771,4.8
2025-11-14,4.1,4.1,4.1,exact,4.1,1.0,5872.13,8.677972709013867,0.1547081482347521,-0.014939970039538952,0.976,4.007657448224896,4.0,4.122226785718752,4.0,4.570879083692803,4.8529827798277925,4.6818120079320735,4.460066112847016,4.8
2025-11-17,4.1,4.1,4.1,exact,4.1,1.0,5864.13,8.676609412488558,0.15230342076560044,-0.01628198396628855,0.97,4.0149011449800565,4.0,4.127900103640435,4.0,4.578354034634508,4.8529827798277925,4.687024806479894,4.466063980303089,4.8
2025-11-18,4.2,4.2,4.2,exact,4.2,1.0,5809.6,8.667267000660072,0.14092656780113266,-0.025429486394494938,0.948,4.064275992987417,4.0,4.166778272457215,4.0,4.613718298931114,4.8529827798277925,4.722556544581472,4.488056160975358,4.8
2025-11-19,4.2,4.2,4.2,exact,4.2,1.0,5793.29,8.664455630261388,0.13705909850380804,-0.028165517287655595,0.944,4.079044079747,4.0,4.178477706711796,4.0,4.625740095012751,4.8529827798277925,4.733184137620841,4.492054739279407,4.8
2025-11-20,4.2,4.2,4.2,exact,4.2,1.0,5755.79,8.657961583672499,0.1291337759798621,-0.03445620756929402,0.92,4.112998908286813,4.0,4.205502488344422,4.0,4.6503754841883005,4.8529827798277925,4.7576191308137465,4.5160462091037,4.81078431372549
2025-11-21,4.4,4.4,4.4,exact,4.4,1.0,5575.48,8.62613369127675,0.09331871799577618,-0.06470352396081991,0.884,4.27626277852718,4.0,4.337953315428635,4.0,4.761704441352751,4.8529827798277925,4.875109094083425,4.55203341384014,4.825867269984917
2025-11-24,4.4,4.4,4.4,exact,4.4,1.0,5608.69,8.632072459662213,0.0993685155772841,-0.05913248864740095,0.884,4.246192382372321,4.0,4.313239307515843,4.0,4.742899008841527,4.8529827798277925,4.853469464111787,4.55203341384014,4.825867269984917
2025-11-25,4.3,4.3,4.3,exact,4.3,1.0,5676.33,8.64406017612478,0.11199283507640545,-0.0477857608967337,0.898,4.1849469263074415,4.0,4.263352782182167,4.0,4.703657069728305,4.8529827798277925,4.809395252389969,4.538038389775968,4.81078431372549
2025-11-26,4.3,4.3,4.3,exact,4.3,1.0,5690.08,8.646479586775493,0.11395109177418394,-0.04547917446013294,0.902,4.17249682250951,4.0,4.253284476754999,4.0,4.69756994637028,4.8529827798277925,4.800435754885903,4.53403981147192,4.81078431372549
2025-11-27,4.3,4.3,4.3,exact,4.3,1.0,5690.01,8.646467284588077,0.11314472143201271,-0.04549091708199193,0.9,4.172560204856118,4.0,4.253335671941848,4.0,4.700076500158972,4.8529827798277925,4.800481366873196,4.536039100623944,4.81078431372549
2025-11-28,4.2,4.2,4.2,exact,4.2,1.0,5732.77,8.653954113492063,0.12073958376896599,-0.038317852643515615,0.912,4.1338426456997865,4.0,4.222179456247737,4.0,4.676468326631618,4.8529827798277925,4.772618958635098,4.5240433657117975,4.81078431372549
2025-12-01,4.2,4.2,4.2,exact,4.2,1.0,5787.18,8.66340040528918,0.13059822121620068,-0.029190480424210463,0.938,4.084576453143753,4.0,4.1828689940327095,4.0,4.64582334410637,4.8529827798277925,4.737165412511738,4.49805260673548,4.801960784313725
2025-12-02,4.2,4.2,4.2,exact,4.2,1.0,5750.4,8.65702469658924,0.12267783215689954,-0.035360389452441576,0.916,4.1178793489756025,4.0,4.209401316061921,4.0,4.67044339790331,4.8529827798277925,4.761131253835341,4.520044787407748,4.81078431372549
2025-12-03,4.3,4.3,4.3,exact,4.3,1.0,5710.58,8.650075873673682,0.1140647062971325,-0.042040263772837205,0.9,4.153934849574412,4.0,4.238318635844941,4.0,4.697216782447881,4.8529827798277925,4.787077958607114,4.536039100623944,4.81078431372549
2025-12-04,4.3,4.3,4.3,exact,4.3,1.0,5711.8,8.650289489400814,0.11346626309119179,-0.04183560664900787,0.9,4.1528301858192505,4.0,4.237429680353166,4.0,4.699077007218957,4.8529827798277925,4.7862830068285716,4.536039100623944,4.81078431372549
2025-12-05,4.2,4.2,4.2,exact,4.2,1.0,5776.83,8.661610368310027,0.12521502621265235,-0.03092671094194277,0.934,4.093947985820742,4.0,4.190318179654305,4.0,4.662556682531347,4.8529827798277925,4.74390947063298,4.502051185039528,4.803921568627451
2025-12-08,4.2,4.2,4.2,exact,4.2,1.0,5835.55,8.67172379906178,0.13574207589490772,-0.02107632871960119,0.96,4.040779251637867,4.0,4.148231438531994,4.0,4.629833980709544,4.8529827798277925,4.705647529291981,4.476060426063211,4.8
2025-12-09,4.2,4.2,4.2,exact,4.2,1.0,5802.85,8.666104455157576,0.128478350717937,-0.02656181064518981,0.944,4.0703878621245835,4.0,4.171616170971326,4.0,4.652412834258815,4.8529827798277925,4.726954843356195,4.492054739279407,4.8
2025-12-10,4.2,4.2,4.2,exact,4.2,1.0,5809.35,8.66722396751163,0.12889635535393396,-0.02547142432970584,0.944,4.064502358511016,4.0,4.1669573536239,4.0,4.651113491947653,4.8529827798277925,4.722719444536091,4.492054739279407,4.8
2025-12-11,4.2,4.2,4.2,exact,4.2,1.0,5745.07,8.656097374716893,0.11568735652619888,-0.03625450623113835,0.904,4.122705461938728,4.0,4.21326033843885,4.0,4.692172871645757,4.8529827798277925,4.764604280867825,4.532040522319895,4.81078431372549
2025-12-12,4.2,4.2,4.2,exact,4.2,1.0,5787.86,8.66351789948372,0.12324087936812989,-0.029076409240436862,0.932,4.083960738919565,4.0,4.182380045438471,4.0,4.668693199456375,4.8529827798277925,4.736722324635173,4.504050474191553,4.8049019607843135
2025-12-15,4.2,4.2,4.2,exact,4.2,1.0,5751.55,8.657224662682612,0.11543536020718381,-0.035167474950471234,0.906,4.116838067567048,4.0,4.208569163114859,4.0,4.692956187071847,4.8529827798277925,4.760381914044091,4.5300412331678706,4.81078431372549
2025-12-16,4.3,4.3,4.3,exact,4.3,1.0,5668.2,8.642626886003143,0.09861450836808872,-0.04914958254979285,0.868,4.192308333134873,4.0,4.269317376372129,4.0,4.745242794975603,4.8529827798277925,4.814692758914191,4.568027727056335,4.85
2025-12-17,4.2,4.2,4.2,exact,4.2,1.0,5756.23,8.658038025513324,0.1149852956051538,-0.03438239680332289,0.908,4.11260050496528,4.0,4.205184377898547,4.0,4.6943551858623245,4.8529827798277925,4.757332426893617,4.528041944015847,4.81078431372549
2025-12-18,4.2,4.2,4.2,exact,4.2,1.0,5733.55,8.65409016411706,0.10990995000746695,-0.03818700628565763,0.892,4.133136385266158,4.0,4.22161328562035,4.0,4.710131592894549,4.8529827798277925,4.772110710776686,4.544036257232042,4.813800904977375
2025-12-19,4.2,4.2,4.2,exact,4.2,1.0,5777.54,8.661733265534348,0.11773346433949405,-0.030807607205943666,0.926,4.0933051077337215,4.0,4.189806746512417,4.0,4.685812668370325,4.8529827798277925,4.74344683476186,4.510048341647627,4.807843137254902
2025-12-22,4.2,4.2,4.2,exact,4.2,1.0,5835.54,8.67172208542578,0.12823060834573963,-0.021078006237009617,0.958,4.04078830625881,4.0,4.148238569777213,4.0,4.653182926546657,4.8529827798277925,4.705654045290165,4.4780597152152355,4.8
2025-12-23,4.2,4.2,4.2,exact,4.2,1.0,5831.47,8.671024391643893,0.12676540208216291,-0.02176075582224346,0.954,4.044473536982998,4.0,4.151142001688861,4.0,4.65773743223606,4.8529827798277925,4.708306056551369,4.482058293519285,4.8
2025-12-24,4.1,4.1,4.1,exact,4.1,1.0,5883.66,8.679934296231249,0.13602756874228938,-0.013005792467611244,0.978,3.9972174702765217,4.0,4.11406369888568,4.0,4.628946543336386,4.8529827798277925,4.674299062025028,4.458066823694991,4.8
2025-12-25,4.1,4.1,4.1,exact,4.1,1.0,5918.57,8.685850144645118,0.1418773671898017,-0.0071495791947581155,0.99,3.965607788561192,4.0,4.089445071752628,4.0,4.610762796123883,4.8529827798277925,4.65155171236198,4.446071088782845,4.8
2025-12-26,4.1,4.1,4.1,exact,4.1,1.0,5938.29,8.689176492123758,0.1447165414288154,-0.0038415148653204723,0.994,3.9477520760597216,4.0,4.075602575704281,4.0,4.601937393485193,4.8529827798277925,4.638702163941603,4.442072510478796,4.8
2025-12-29,4.1,4.1,4.1,exact,4.1,1.0,5921.12,8.686280899173223,0.1404876138505622,-0.006721812255606641,0.99,3.963298860220484,4.0,4.087652499602129,4.0,4.615082760928689,4.8529827798277925,4.649890132824861,4.446071088782845,4.8
2025-12-30,4.1,4.1,4.1,exact,4.1,1.0,5928.96,8.687604097184357,0.1410757516591321,-0.0054066386073921,0.992,3.9562000374004276,4.0,4.08214605045395,4.0,4.613254569866534,4.8529827798277925,4.644781590247998,4.44407179963082,4.8
2025-12-31,4.1,4.1,4.1,exact,4.1,1.0,5919.12,8.685943068180098,0.1382815115299716,-0.007057315737294068,0.986,3.9651097844092744,4.0,4.08905837322699,4.0,4.621940297522893,4.8529827798277925,4.651193332461816,4.450069667086893,4.8
