date,star,market,source_type,realtime_or_backfilled,article_id,title,source_url,confidence,evidence,evidence_method,review_status,relative_path
2021-02-24,3.5,A股,公众号当日估值文章,realtime,1p9sWKIlY7YHFYDzt9AZLJVlWLtQWVMoc,[2021-02-24-2151]2月24日指数估值数据港股便宜吗.md,https://drive.google.com/file/d/1p9sWKIlY7YHFYDzt9AZLJVlWLtQWVMoc/view?usp=drivesdk,0.99,回到3.5星级,opening_state_statement,auto_high_confidence,Drive/2021/[2021-02-24-2151]2月24日指数估值数据港股便宜吗.md
2021-03-12,3.5,A股,公众号当日估值文章,realtime,1mCk8SuiEH0nEtHJ8G07l1WCTbxusfclF,[2021-03-12-2212]3月12日指数估值数据中概股能投资了吗.md,https://drive.google.com/file/d/1mCk8SuiEH0nEtHJ8G07l1WCTbxusfclF/view?usp=drivesdk,0.995,今天A股微微上涨，大盘也回到了3.5星级,today_market_statement,auto_high_confidence,Drive/2021/[2021-03-12-2212]3月12日指数估值数据中概股能投资了吗.md
2021-03-22,3.5,A股,公众号当日估值文章,realtime,1aa67jZhbtJiM_YY2DOEu1T0k0NIXqaQg,[2021-03-22-2156]3月22日指数估值数据银行上涨2.md,https://drive.google.com/file/d/1aa67jZhbtJiM_YY2DOEu1T0k0NIXqaQg/view?usp=drivesdk,0.99,回到了3.5星级,opening_state_statement,auto_high_confidence,Drive/2021/[2021-03-22-2156]3月22日指数估值数据银行上涨2.md
2021-03-29,3.5,A股,公众号当日估值文章,realtime,1DJuOiiRCtV7GKjTHAddsPwJiDzmLemnz,[2021-03-29-2151]3月29日指数估值数据长期投资不缺机会.md,https://drive.google.com/file/d/1DJuOiiRCtV7GKjTHAddsPwJiDzmLemnz/view?usp=drivesdk,0.995,今天A股略微上涨，也回到了3.5星级,today_market_statement,auto_high_confidence,Drive/2021/[2021-03-29-2151]3月29日指数估值数据长期投资不缺机会.md
2021-04-01,3.5,A股,公众号当日估值文章,realtime,1U_P5r5eKUqowyb5-IytZwRAxGaVg0wK9,[2021-04-01-2153]4月1日指数估值数据港股中小又回到高估.md,https://drive.google.com/file/d/1U_P5r5eKUqowyb5-IytZwRAxGaVg0wK9/view?usp=drivesdk,0.99,回到了3.5星级,opening_state_statement,auto_high_confidence,Drive/2021/[2021-04-01-2153]4月1日指数估值数据港股中小又回到高估.md
2021-04-19,3.5,A股,公众号当日估值文章,realtime,1QTokt4pXJDDfsMzEJXU-3pBZolTs6zfA,[2021-04-19-2147]4月19日指数估值数据一季报开始更新了.md,https://drive.google.com/file/d/1QTokt4pXJDDfsMzEJXU-3pBZolTs6zfA/view?usp=drivesdk,0.995,今天A股上涨不少，经过上涨之后，大盘也回到了3.5星级,today_market_statement,auto_high_confidence,Drive/2021/[2021-04-19-2147]4月19日指数估值数据一季报开始更新了.md
2021-04-20,3.5,A股,公众号当日估值文章,realtime,1_6DDpoSS3M_8JIJovqk30Acc8fdcC0k6,[2021-04-20-2205]4月20日指数估值数据螺丝钉定投实盘第171期.md,https://drive.google.com/file/d/1_6DDpoSS3M_8JIJovqk30Acc8fdcC0k6/view?usp=drivesdk,0.99,回到了3.5星级,opening_state_statement,auto_high_confidence,Drive/2021/[2021-04-20-2205]4月20日指数估值数据螺丝钉定投实盘第171期.md
2021-04-22,3.5,A股,公众号当日估值文章,realtime,12yCZvn1ReieGf48kbDSrt1TMJqMGO2TF,[2021-04-22-2216]4月22日指数估值数据新基金发行到了冰点.md,https://drive.google.com/file/d/12yCZvn1ReieGf48kbDSrt1TMJqMGO2TF/view?usp=drivesdk,0.995,今天市场微跌，还是在3.5星级,today_market_statement,auto_high_confidence,Drive/2021/[2021-04-22-2216]4月22日指数估值数据新基金发行到了冰点.md
2021-05-12,3.5,A股,公众号当日估值文章,realtime,1baIUNKW_z3Zg5-XDsUMv5T6FcHRFgnYx,[2021-05-12-2205]5月12日指数估值数据医疗中概股大涨.md,https://drive.google.com/file/d/1baIUNKW_z3Zg5-XDsUMv5T6FcHRFgnYx/view?usp=drivesdk,0.995,今天A股整体微涨，也因此回到了3.5星级,today_market_statement,auto_high_confidence,Drive/2021/[2021-05-12-2205]5月12日指数估值数据医疗中概股大涨.md
2021-05-14,3.5,A股,公众号当日估值文章,realtime,1vET4EUC5OQ0EObgxe2FnVdoTG0p3WmZ8,[2021-05-14-2209]5月14日指数估值数据医疗大涨进入正常估值.md,https://drive.google.com/file/d/1vET4EUC5OQ0EObgxe2FnVdoTG0p3WmZ8/view?usp=drivesdk,0.995,今天A股反弹了不少，整体上涨，也回到了3.5星级,today_market_statement,auto_high_confidence,Drive/2021/[2021-05-14-2209]5月14日指数估值数据医疗大涨进入正常估值.md
2021-05-17,3.5,A股,公众号当日估值文章,realtime,1R_Dh6egA7D5WxT96huGvzm-r_KXWsNxX,[2021-05-17-2210]5月17日指数估值数据医疗第六天上涨.md,https://drive.google.com/file/d/1R_Dh6egA7D5WxT96huGvzm-r_KXWsNxX/view?usp=drivesdk,0.995,今天A股整体上涨，还是在3.5星级,today_market_statement,auto_high_confidence,Drive/2021/[2021-05-17-2210]5月17日指数估值数据医疗第六天上涨.md
2021-05-20,3.5,A股,公众号当日估值文章,realtime,1UEma1t48l23luWhhqdvgK44FJKUmKpVI,[2021-05-20-2214]5月20日指数估值数据中概股继续上涨.md,https://drive.google.com/file/d/1UEma1t48l23luWhhqdvgK44FJKUmKpVI/view?usp=drivesdk,0.995,今天A股大盘整体波动不大，还在3.5星级,today_market_statement,auto_high_confidence,Drive/2021/[2021-05-20-2214]5月20日指数估值数据中概股继续上涨.md
2021-05-24,3.5,A股,公众号当日估值文章,realtime,1Z2k0WPoK3_tAF9oSahcNt2CeMKlpqfZb,[2021-05-24-2217]5月24日指数估值数据人民币升值对投资有影响吗.md,https://drive.google.com/file/d/1Z2k0WPoK3_tAF9oSahcNt2CeMKlpqfZb/view?usp=drivesdk,0.995,今天A股市场先跌后涨，全天整体微涨，目前还是在3.5星级,today_market_statement,auto_high_confidence,Drive/2021/[2021-05-24-2217]5月24日指数估值数据人民币升值对投资有影响吗.md
2021-05-26,3.5,A股,公众号当日估值文章,realtime,1N0Bg-KeNt9a847P5E4nGYoT0o_ala3J6,[2021-05-26-2212]5月26日指数估值数据价值风格表现强势.md,https://drive.google.com/file/d/1N0Bg-KeNt9a847P5E4nGYoT0o_ala3J6/view?usp=drivesdk,0.995,今天A股市场整体波动不大，还是在3.5星级,today_market_statement,auto_high_confidence,Drive/2021/[2021-05-26-2212]5月26日指数估值数据价值风格表现强势.md
2021-05-27,3.5,A股,公众号当日估值文章,realtime,1U_7s76hgW-0rM5uTcqfdfdNeJa7jnxBt,[2021-05-27-2215]5月27日指数估值数据REITS基金来啦.md,https://drive.google.com/file/d/1U_7s76hgW-0rM5uTcqfdfdNeJa7jnxBt/view?usp=drivesdk,0.995,今天A股市场微涨，目前还是在3.5星级,today_market_statement,auto_high_confidence,Drive/2021/[2021-05-27-2215]5月27日指数估值数据REITS基金来啦.md
2021-05-31,3.5,A股,公众号当日估值文章,realtime,19SMcrqd9VrfDTtdNllB465ZyPN6C-5mF,[2021-05-31-2207]5月31日指数估值数据放开三胎了.md,https://drive.google.com/file/d/19SMcrqd9VrfDTtdNllB465ZyPN6C-5mF/view?usp=drivesdk,0.995,今天A股市场整体微涨，波动不大，还是在3.5星级,today_market_statement,auto_high_confidence,Drive/2021/[2021-05-31-2207]5月31日指数估值数据放开三胎了.md
2021-06-02,3.5,A股,公众号当日估值文章,realtime,1fHBmnddsy6YrM-tVZ6WtnHWyBITgtnbx,[2021-06-02-2237]6月2日指数估值数据购书小福利来啦.md,https://drive.google.com/file/d/1fHBmnddsy6YrM-tVZ6WtnHWyBITgtnbx/view?usp=drivesdk,0.995,今天A股市场整体下跌，目前还是3.5星级,today_market_statement,auto_high_confidence,Drive/2021/[2021-06-02-2237]6月2日指数估值数据购书小福利来啦.md
2021-06-04,3.5,A股,公众号当日估值文章,realtime,1BlC_qFs6e6wXmBKWs8sGedXVdZiCokxH,[2021-06-04-2205]6月4日指数估值数据印花税乌龙.md,https://drive.google.com/file/d/1BlC_qFs6e6wXmBKWs8sGedXVdZiCokxH/view?usp=drivesdk,0.995,今天A股市场整体微涨，还在3.5星级,today_market_statement,auto_high_confidence,Drive/2021/[2021-06-04-2205]6月4日指数估值数据印花税乌龙.md
2021-06-07,3.5,A股,公众号当日估值文章,realtime,1mSwr-RNmhKqopW76ki1Hm9d2dj5QZX43,[2021-06-07-2205]6月7日指数估值数据低估投资多久看到收益.md,https://drive.google.com/file/d/1mSwr-RNmhKqopW76ki1Hm9d2dj5QZX43/view?usp=drivesdk,0.995,今天A股市场下跌后涨，整体波动不大，还是在3.5星级,today_market_statement,auto_high_confidence,Drive/2021/[2021-06-07-2205]6月7日指数估值数据低估投资多久看到收益.md
2021-06-08,3.5,A股,公众号当日估值文章,realtime,1uyUPznisS0o1BJ0h2gDQcZ1GQsNEQmYw,[2021-06-08-2144]6月8日指数估值数据螺丝钉定投实盘第179期.md,https://drive.google.com/file/d/1uyUPznisS0o1BJ0h2gDQcZ1GQsNEQmYw/view?usp=drivesdk,0.995,今天A股整体下跌，目前还是3.5星级,today_market_statement,auto_high_confidence,Drive/2021/[2021-06-08-2144]6月8日指数估值数据螺丝钉定投实盘第179期.md
2021-06-09,3.5,A股,公众号当日估值文章,realtime,1iFwyGx1I8dZIAx7k8GTWUmmxcgZjbWdU,[2021-06-09-2215]6月9日指数估值数据从低估再到低估40的收益哪儿来的.md,https://drive.google.com/file/d/1iFwyGx1I8dZIAx7k8GTWUmmxcgZjbWdU/view?usp=drivesdk,0.995,今天A股波动不大，还是在3.5星级,today_market_statement,auto_high_confidence,Drive/2021/[2021-06-09-2215]6月9日指数估值数据从低估再到低估40的收益哪儿来的.md
2021-06-10,3.5,A股,公众号当日估值文章,realtime,156Zrhgh_NtLMFbakILEf07-tR_O7Zkco,[2021-06-10-2207]6月10日指数估值数据医疗继续上涨.md,https://drive.google.com/file/d/156Zrhgh_NtLMFbakILEf07-tR_O7Zkco/view?usp=drivesdk,0.995,今天A股市场整体上涨，还是在3.5星级,today_market_statement,auto_high_confidence,Drive/2021/[2021-06-10-2207]6月10日指数估值数据医疗继续上涨.md
2021-06-11,3.5,A股,公众号当日估值文章,realtime,1h4NmsM8DqBu1hXFjMGYViI36PXk_Bdw3,[2021-06-11-2214]6月11日指数估值数据指数调仓会对个股产生影响吗.md,https://drive.google.com/file/d/1h4NmsM8DqBu1hXFjMGYViI36PXk_Bdw3/view?usp=drivesdk,0.995,今天A股市场整体下跌，目前还是在3.5星级,today_market_statement,auto_high_confidence,Drive/2021/[2021-06-11-2214]6月11日指数估值数据指数调仓会对个股产生影响吗.md
2021-06-18,3.5,A股,公众号当日估值文章,realtime,1qh9fQ6C-jxtlaQy05DxB8tLSKmdIAOoM,[2021-06-18-2211]6月18日指数估值数据耐心是投资者最好的美德.md,https://drive.google.com/file/d/1qh9fQ6C-jxtlaQy05DxB8tLSKmdIAOoM/view?usp=drivesdk,0.99,回到了3.5星级,opening_state_statement,auto_high_confidence,Drive/2021/[2021-06-18-2211]6月18日指数估值数据耐心是投资者最好的美德.md
2021-06-22,3.5,A股,公众号当日估值文章,realtime,1qF8rzZC76MK559HmQbrxapo8fBKcNzCR,[2021-06-22-2222]6月22日指数估值数据螺丝钉定投实盘第181期.md,https://drive.google.com/file/d/1qF8rzZC76MK559HmQbrxapo8fBKcNzCR/view?usp=drivesdk,0.995,今天A股市场整体上涨，还是在3.5星级,today_market_statement,auto_high_confidence,Drive/2021/[2021-06-22-2222]6月22日指数估值数据螺丝钉定投实盘第181期.md
2021-06-24,3.5,A股,公众号当日估值文章,realtime,14c1Pr0xdZuE8yoqpXQvsRJEBkbWrglSj,[2021-06-24-2224]6月24日指数估值数据中概股上涨医疗下跌.md,https://drive.google.com/file/d/14c1Pr0xdZuE8yoqpXQvsRJEBkbWrglSj/view?usp=drivesdk,0.995,今天大盘整体下跌，目前还是在3.5星级,today_market_statement,auto_high_confidence,Drive/2021/[2021-06-24-2224]6月24日指数估值数据中概股上涨医疗下跌.md
2021-06-25,3.5,A股,公众号当日估值文章,realtime,1_UXRZcfNXaP5gaP-LMjm8fovIKBq-180,[2021-06-25-2216]6月25日指数估值数据到3星级了吗.md,https://drive.google.com/file/d/1_UXRZcfNXaP5gaP-LMjm8fovIKBq-180/view?usp=drivesdk,0.995,今天大盘整体上涨，目前还是处于3.5星级,today_market_statement,auto_high_confidence,Drive/2021/[2021-06-25-2216]6月25日指数估值数据到3星级了吗.md
2021-06-28,3.5,A股,公众号当日估值文章,realtime,1MKibB-UQi7bpndAqerjdwlqZO2J4ItcB,[2021-06-28-2215]6月28日指数估值数据中概股连涨4天.md,https://drive.google.com/file/d/1MKibB-UQi7bpndAqerjdwlqZO2J4ItcB/view?usp=drivesdk,0.992,目前还是在3.5星级,current_state_statement,auto_high_confidence,Drive/2021/[2021-06-28-2215]6月28日指数估值数据中概股连涨4天.md
2021-07-01,3.5,A股,公众号当日估值文章,realtime,1yfWQkgogTcWBrEh3ciOgX-Iz8sa7LFGs,[2021-07-01-2234]7月1日指数估值数据医疗要止盈吗.md,https://drive.google.com/file/d/1yfWQkgogTcWBrEh3ciOgX-Iz8sa7LFGs/view?usp=drivesdk,0.995,今天A股市场整体微跌，目前还是在3.5星级,today_market_statement,auto_high_confidence,Drive/2021/[2021-07-01-2234]7月1日指数估值数据医疗要止盈吗.md
2021-07-05,3.5,A股,公众号当日估值文章,realtime,1_qrZsm6BrlOEw0Z4vBdksKzd-sVLII9X,[2021-07-05-2213]7月5日指数估值数据杀白马.md,https://drive.google.com/file/d/1_qrZsm6BrlOEw0Z4vBdksKzd-sVLII9X/view?usp=drivesdk,0.995,今天A股市场波动不大，还是在3.5星级,today_market_statement,auto_high_confidence,Drive/2021/[2021-07-05-2213]7月5日指数估值数据杀白马.md
2021-07-06,3.5,A股,公众号当日估值文章,realtime,18oaVpIFLCc054P3PuF0nUngII69_afUB,[2021-07-06-2214]7月6日指数估值数据螺丝钉定投实盘第184期.md,https://drive.google.com/file/d/18oaVpIFLCc054P3PuF0nUngII69_afUB/view?usp=drivesdk,0.992,目前还是在3.5星级,current_state_statement,auto_high_confidence,Drive/2021/[2021-07-06-2214]7月6日指数估值数据螺丝钉定投实盘第184期.md
2021-07-07,3.5,A股,公众号当日估值文章,realtime,1LcSSYXyUellealeiGeoqxx5NhfthPz3M,[2021-07-07-2223]7月7日指数估值数据医药迎来反弹.md,https://drive.google.com/file/d/1LcSSYXyUellealeiGeoqxx5NhfthPz3M/view?usp=drivesdk,0.995,今天A股市场整体上涨，目前还是在3.5星级,today_market_statement,auto_high_confidence,Drive/2021/[2021-07-07-2223]7月7日指数估值数据医药迎来反弹.md
2021-07-08,3.5,A股,公众号当日估值文章,realtime,13wcsb5aXBz4k1of7vLS_L0rFxf1NmZLh,[2021-07-08-2206]7月8日指数估值数据概帮吃面的一天.md,https://drive.google.com/file/d/13wcsb5aXBz4k1of7vLS_L0rFxf1NmZLh/view?usp=drivesdk,0.995,今天A股市场整体下跌，目前还是在3.5星级,today_market_statement,auto_high_confidence,Drive/2021/[2021-07-08-2206]7月8日指数估值数据概帮吃面的一天.md
2021-07-09,3.5,A股,公众号当日估值文章,realtime,1O99xsi44c_blY66RFIT3G-pzZMu2LCmB,[2021-07-09-2149]7月9日指数估值数据降准了.md,https://drive.google.com/file/d/1O99xsi44c_blY66RFIT3G-pzZMu2LCmB/view?usp=drivesdk,0.995,今天A股整体下跌，目前还是在3.5星级,today_market_statement,auto_high_confidence,Drive/2021/[2021-07-09-2149]7月9日指数估值数据降准了.md
2021-07-12,3.5,A股,公众号当日估值文章,realtime,1uidTP0Tc2SiRC4E9cd7D2b0KrvL7LxFT,[2021-07-12-2211]7月12日指数估值数据生物科技大涨.md,https://drive.google.com/file/d/1uidTP0Tc2SiRC4E9cd7D2b0KrvL7LxFT/view?usp=drivesdk,0.992,目前还是在3.5星级,current_state_statement,auto_high_confidence,Drive/2021/[2021-07-12-2211]7月12日指数估值数据生物科技大涨.md
2021-07-13,3.5,A股,公众号当日估值文章,realtime,1SqYOtFM5R-cULqJAqwF5YMwada7_MUfH,[2021-07-13-2221]7月13日指数估值数据螺丝钉定投实盘第186期.md,https://drive.google.com/file/d/1SqYOtFM5R-cULqJAqwF5YMwada7_MUfH/view?usp=drivesdk,0.995,今天A股市场整体波动不大，目前还是在3.5星级,today_market_statement,auto_high_confidence,Drive/2021/[2021-07-13-2221]7月13日指数估值数据螺丝钉定投实盘第186期.md
2021-07-15,3.5,A股,公众号当日估值文章,realtime,1L1_BB84yn-TxJdYrMjF91IXUm8qclMHD,[2021-07-15-2216]7月15日指数估值数据二季度GDP同比增长79.md,https://drive.google.com/file/d/1L1_BB84yn-TxJdYrMjF91IXUm8qclMHD/view?usp=drivesdk,0.992,目前还是在3.5星级,current_state_statement,auto_high_confidence,Drive/2021/[2021-07-15-2216]7月15日指数估值数据二季度GDP同比增长79.md
2021-07-19,3.5,A股,公众号当日估值文章,realtime,1qid1XaMufBMXFtwlqYrP7sSHMHAYMOHi,[2021-07-19-2159]7月19日指数估值数据二季报开始更新啦.md,https://drive.google.com/file/d/1qid1XaMufBMXFtwlqYrP7sSHMHAYMOHi/view?usp=drivesdk,0.992,目前还是在3.5星级,current_state_statement,auto_high_confidence,Drive/2021/[2021-07-19-2159]7月19日指数估值数据二季报开始更新啦.md
2021-07-20,3.5,A股,公众号当日估值文章,realtime,1VaJkcPE0JfAkLMI-ozhKKffwPg7W18Vk,[2021-07-20-2223]7月20日指数估值数据螺丝钉定投实盘第187期.md,https://drive.google.com/file/d/1VaJkcPE0JfAkLMI-ozhKKffwPg7W18Vk/view?usp=drivesdk,0.995,今天A股整体波动不大，部分品种微跌，还是在3.5星级,today_market_statement,auto_high_confidence,Drive/2021/[2021-07-20-2223]7月20日指数估值数据螺丝钉定投实盘第187期.md
2021-07-21,3.5,A股,公众号当日估值文章,realtime,1IWulbkrOCLHH1pUBjuDD2slC-YcZGUkO,[2021-07-21-2220]7月21日指数估值数据部分消费股大跌.md,https://drive.google.com/file/d/1IWulbkrOCLHH1pUBjuDD2slC-YcZGUkO/view?usp=drivesdk,0.995,今天A股市场整体微涨，还是在3.5星级,today_market_statement,auto_high_confidence,Drive/2021/[2021-07-21-2220]7月21日指数估值数据部分消费股大跌.md
2021-07-22,3.5,A股,公众号当日估值文章,realtime,1GvqljwENrUUG-w2Recv_ACT0OlBfwqIs,[2021-07-22-2225]7月22日指数估值数据医疗生物科技大跌.md,https://drive.google.com/file/d/1GvqljwENrUUG-w2Recv_ACT0OlBfwqIs/view?usp=drivesdk,0.995,今天A股市场整体微涨，目前还是在3.5星级,today_market_statement,auto_high_confidence,Drive/2021/[2021-07-22-2225]7月22日指数估值数据医疗生物科技大跌.md
2021-08-02,3.5,A股,公众号当日估值文章,realtime,1FoIuARw0QOTogqj2mCyvi6D_AvUc_vHb,[2021-08-02-2209]8月2日指数估值数据消费大反弹.md,https://drive.google.com/file/d/1FoIuARw0QOTogqj2mCyvi6D_AvUc_vHb/view?usp=drivesdk,0.995,今天A股港股上涨比较多，也重新回到3.5星级,today_market_statement,auto_high_confidence,Drive/2021/[2021-08-02-2209]8月2日指数估值数据消费大反弹.md
2021-08-04,3.5,A股,公众号当日估值文章,realtime,1k5NOgFERodrwYDx11nKXbiSF8kVgdu53,[2021-08-04-2224]8月4日指数估值数据白酒被锤.md,https://drive.google.com/file/d/1k5NOgFERodrwYDx11nKXbiSF8kVgdu53/view?usp=drivesdk,0.995,今天A股市场整体上涨，目前还是在3.5星级,today_market_statement,auto_high_confidence,Drive/2021/[2021-08-04-2224]8月4日指数估值数据白酒被锤.md
2021-08-05,3.5,A股,公众号当日估值文章,realtime,1zeGsy-ZIxuw6bI7kanK6KriZ9O1Ss1nm,[2021-08-05-2211]8月5日指数估值数据盈利和估值才是投资的核心.md,https://drive.google.com/file/d/1zeGsy-ZIxuw6bI7kanK6KriZ9O1Ss1nm/view?usp=drivesdk,0.995,今天市场整体微跌，目前还是在3.5星级,today_market_statement,auto_high_confidence,Drive/2021/[2021-08-05-2211]8月5日指数估值数据盈利和估值才是投资的核心.md
2021-08-06,3.5,A股,公众号当日估值文章,realtime,13lM7iSYBm1S1yzFid_vBOHpAkXJjQ-F8,[2021-08-06-2217]8月6日指数估值数据医疗大跌.md,https://drive.google.com/file/d/13lM7iSYBm1S1yzFid_vBOHpAkXJjQ-F8/view?usp=drivesdk,0.995,今天市场整体下跌，目前还是在3.5星级,today_market_statement,auto_high_confidence,Drive/2021/[2021-08-06-2217]8月6日指数估值数据医疗大跌.md
2021-08-09,3.5,A股,公众号当日估值文章,realtime,1ACGxGyHjU_09Env0NMGmqJh9Vj4vl24i,[2021-08-09-2220]8月9日指数估值数据价值风格上涨.md,https://drive.google.com/file/d/1ACGxGyHjU_09Env0NMGmqJh9Vj4vl24i/view?usp=drivesdk,0.992,目前还是在3.5星级,current_state_statement,auto_high_confidence,Drive/2021/[2021-08-09-2220]8月9日指数估值数据价值风格上涨.md
2021-08-10,3.5,A股,公众号当日估值文章,realtime,1y2eh7c0WJrdegou_zJLofulhfS1CIcXZ,[2021-08-10-2220]8月10日指数估值数据螺丝钉定投实盘第193期.md,https://drive.google.com/file/d/1y2eh7c0WJrdegou_zJLofulhfS1CIcXZ/view?usp=drivesdk,0.992,目前还是在3.5星级,current_state_statement,auto_high_confidence,Drive/2021/[2021-08-10-2220]8月10日指数估值数据螺丝钉定投实盘第193期.md
2021-08-11,3.5,A股,公众号当日估值文章,realtime,1gUE_AmzS0ELis63Pwq-GKe3RsFDfPhNr,[2021-08-11-2223]8月11日指数估值数据价值风格延续强势.md,https://drive.google.com/file/d/1gUE_AmzS0ELis63Pwq-GKe3RsFDfPhNr/view?usp=drivesdk,0.995,今天市场整体波动不大，目前还是在3.5星级,today_market_statement,auto_high_confidence,Drive/2021/[2021-08-11-2223]8月11日指数估值数据价值风格延续强势.md
2021-08-12,3.5,A股,公众号当日估值文章,realtime,1g3EvNl-_9ozPekpzQ9Gq6twHjGRxPDH1,[2021-08-12-2232]8月12日指数估值数据价值风格延续强势.md,https://drive.google.com/file/d/1g3EvNl-_9ozPekpzQ9Gq6twHjGRxPDH1/view?usp=drivesdk,0.995,今天市场整体下跌，目前还是在3.5星级,today_market_statement,auto_high_confidence,Drive/2021/[2021-08-12-2232]8月12日指数估值数据价值风格延续强势.md
2021-08-13,3.5,A股,公众号当日估值文章,realtime,1URqiE_gfRp0G6yviDbujzHkTu-U2_Bem,[2021-08-13-2236]8月13日指数估值数据要不要调仓呢.md,https://drive.google.com/file/d/1URqiE_gfRp0G6yviDbujzHkTu-U2_Bem/view?usp=drivesdk,0.995,今天市场整体下跌，目前还是在3.5星级,today_market_statement,auto_high_confidence,Drive/2021/[2021-08-13-2236]8月13日指数估值数据要不要调仓呢.md
2021-08-16,3.5,A股,公众号当日估值文章,realtime,1B35dGs43z83n8otu4A7ktFhM46GBG5lG,[2021-08-16-2225]8月16日指数估值数据互联网公司要加税吗.md,https://drive.google.com/file/d/1B35dGs43z83n8otu4A7ktFhM46GBG5lG/view?usp=drivesdk,0.995,今天市场整体下跌，目前还是在3.5星级,today_market_statement,auto_high_confidence,Drive/2021/[2021-08-16-2225]8月16日指数估值数据互联网公司要加税吗.md
2021-08-18,3.5,A股,公众号当日估值文章,realtime,1fdWD21T1c1ajEoAC9kqRXK9AiLRsU4oW,[2021-08-18-2221]8月18日指数估值数据价值风格表现强势.md,https://drive.google.com/file/d/1fdWD21T1c1ajEoAC9kqRXK9AiLRsU4oW/view?usp=drivesdk,1,收盘后，回到了3.5星级,closing_statement,auto_high_confidence,Drive/2021/[2021-08-18-2221]8月18日指数估值数据价值风格表现强势.md
2021-08-19,3.5,A股,公众号当日估值文章,realtime,15Dk5s1YtWPMyDeBRZpvU1dD1kTTuFX2u,[2021-08-19-2242]8月19日指数估值数据市场波动大你还好么.md,https://drive.google.com/file/d/15Dk5s1YtWPMyDeBRZpvU1dD1kTTuFX2u/view?usp=drivesdk,0.995,今天市场整体波动不大，还是在3.5星级,today_market_statement,auto_high_confidence,Drive/2021/[2021-08-19-2242]8月19日指数估值数据市场波动大你还好么.md
2021-08-23,3.5,A股,公众号当日估值文章,realtime,1-h08wT07Fqk5PTkKaUxIdhAkkNz1bdsC,[2021-08-23-2206]8月23日指数估值数据市场反弹.md,https://drive.google.com/file/d/1-h08wT07Fqk5PTkKaUxIdhAkkNz1bdsC/view?usp=drivesdk,0.99,回到了3.5星级,opening_state_statement,auto_high_confidence,Drive/2021/[2021-08-23-2206]8月23日指数估值数据市场反弹.md
2021-08-24,3.5,A股,公众号当日估值文章,realtime,1R-tMcIGV7GqR0R6Lv_TStCH3D1XxGtxJ,[2021-08-24-2223]8月24日指数估值数据螺丝钉定投实盘第196期.md,https://drive.google.com/file/d/1R-tMcIGV7GqR0R6Lv_TStCH3D1XxGtxJ/view?usp=drivesdk,0.995,今天市场整体上涨，还是在3.5星级,today_market_statement,auto_high_confidence,Drive/2021/[2021-08-24-2223]8月24日指数估值数据螺丝钉定投实盘第196期.md
2021-08-25,3.5,A股,公众号当日估值文章,realtime,1D4tyEhk5E5Q94b0awaD5Xmh5zIrpnOKE,[2021-08-25-2224]8月25日指数估值数据白酒反弹.md,https://drive.google.com/file/d/1D4tyEhk5E5Q94b0awaD5Xmh5zIrpnOKE/view?usp=drivesdk,0.995,今天市场波动不大，整体还是在3.5星级,today_market_statement,auto_high_confidence,Drive/2021/[2021-08-25-2224]8月25日指数估值数据白酒反弹.md
2021-08-26,3.5,A股,公众号当日估值文章,realtime,1960wg56MvsHCtklmRQVCFMGBq-oDcvBY,[2021-08-26-2227]8月26日指数估值数据风水轮流转.md,https://drive.google.com/file/d/1960wg56MvsHCtklmRQVCFMGBq-oDcvBY/view?usp=drivesdk,0.995,今天市场整体下跌，目前还是在3.5星级,today_market_statement,auto_high_confidence,Drive/2021/[2021-08-26-2227]8月26日指数估值数据风水轮流转.md
2021-08-27,3.5,A股,公众号当日估值文章,realtime,1b3zcMpd_NpemZoCET9pzIJfgr39em4rJ,[2021-08-27-2221]8月27日指数估值数据Everydoghasitsday.md,https://drive.google.com/file/d/1b3zcMpd_NpemZoCET9pzIJfgr39em4rJ/view?usp=drivesdk,0.995,今天市场整体波动不大，目前还是在3.5星级,today_market_statement,auto_high_confidence,Drive/2021/[2021-08-27-2221]8月27日指数估值数据Everydoghasitsday.md
2021-08-30,3.5,A股,公众号当日估值文章,realtime,1qjg5I4EsRFXLL3r9FJXVBGcenfW_JuGX,[2021-08-30-2221]8月30日指数估值数据500红利依旧强势.md,https://drive.google.com/file/d/1qjg5I4EsRFXLL3r9FJXVBGcenfW_JuGX/view?usp=drivesdk,0.995,今天市场整体波动不大，还是在3.5星级,today_market_statement,auto_high_confidence,Drive/2021/[2021-08-30-2221]8月30日指数估值数据500红利依旧强势.md
2021-09-01,3.5,A股,公众号当日估值文章,realtime,1c-34J6peisWeS8o1eetFji2AXwnL8vOL,[2021-09-01-2234]9月1日指数估值数据风格切换要坐得住.md,https://drive.google.com/file/d/1c-34J6peisWeS8o1eetFji2AXwnL8vOL/view?usp=drivesdk,0.995,今天市场整体波动不大，还是在3.5星级,today_market_statement,auto_high_confidence,Drive/2021/[2021-09-01-2234]9月1日指数估值数据风格切换要坐得住.md
2021-09-02,3.5,A股,公众号当日估值文章,realtime,1C95OzGNYQHBcOZ_AuViT2NxjqdTGK5ye,[2021-09-02-2235]9月2日指数估值数据500回到正常估值.md,https://drive.google.com/file/d/1C95OzGNYQHBcOZ_AuViT2NxjqdTGK5ye/view?usp=drivesdk,0.995,今天市场整体波动不大，还是在3.5星级,today_market_statement,auto_high_confidence,Drive/2021/[2021-09-02-2235]9月2日指数估值数据500回到正常估值.md
2021-09-03,3.5,A股,公众号当日估值文章,realtime,1XoDEI95ncCOdZSxJ_c_YImBlZUGQRBSu,[2021-09-03-2229]9月3日指数估值数据贵出如粪土贱取如珠玉.md,https://drive.google.com/file/d/1XoDEI95ncCOdZSxJ_c_YImBlZUGQRBSu/view?usp=drivesdk,0.995,今天市场整体下跌，目前还是处于3.5星级,today_market_statement,auto_high_confidence,Drive/2021/[2021-09-03-2229]9月3日指数估值数据贵出如粪土贱取如珠玉.md
2021-09-07,3.5,A股,公众号当日估值文章,realtime,1WBfhnJ1kW3t4awmbIvqMwceu_0JYrqe7,[2021-09-07-2239]9月7日指数估值数据价值风格强势amp螺丝钉定投实盘第199期.md,https://drive.google.com/file/d/1WBfhnJ1kW3t4awmbIvqMwceu_0JYrqe7/view?usp=drivesdk,0.995,今天市场整体上涨，目前还是在3.5星级,today_market_statement,auto_high_confidence,Drive/2021/[2021-09-07-2239]9月7日指数估值数据价值风格强势amp螺丝钉定投实盘第199期.md
2021-09-13,3.5,A股,公众号当日估值文章,realtime,11IjInwcx38TpAfetwaCY8J9RB7ULP5Ug,[2021-09-13-2229]9月13日指数估值数据贵上极则反贱贱下极则反贵.md,https://drive.google.com/file/d/11IjInwcx38TpAfetwaCY8J9RB7ULP5Ug/view?usp=drivesdk,0.995,今天市场整体波动不大，还是在3.5星级,today_market_statement,auto_high_confidence,Drive/2021/[2021-09-13-2229]9月13日指数估值数据贵上极则反贱贱下极则反贵.md
2021-09-14,3.5,A股,公众号当日估值文章,realtime,1QAslo-sysILt5c9ZKFig4CH9YWcDLKRf,[2021-09-14-2222]9月14日指数估值数据螺丝钉定投实盘第201期.md,https://drive.google.com/file/d/1QAslo-sysILt5c9ZKFig4CH9YWcDLKRf/view?usp=drivesdk,0.995,今天市场整体下跌，目前还是在3.5星级,today_market_statement,auto_high_confidence,Drive/2021/[2021-09-14-2222]9月14日指数估值数据螺丝钉定投实盘第201期.md
2021-09-15,3.5,A股,公众号当日估值文章,realtime,1H2VjEw7ZBe8disOjC5gLfG5r2LeYWmDL,[2021-09-15-2236]9月15日指数估值数据先胖不是胖后胖压倒炕.md,https://drive.google.com/file/d/1H2VjEw7ZBe8disOjC5gLfG5r2LeYWmDL/view?usp=drivesdk,0.995,今天市场整体下跌，目前还是在3.5星级,today_market_statement,auto_high_confidence,Drive/2021/[2021-09-15-2236]9月15日指数估值数据先胖不是胖后胖压倒炕.md
2021-09-16,3.5,A股,公众号当日估值文章,realtime,1TOlooub1NRUualkPgbwKj3qFHLTKNrSl,[2021-09-16-2230]9月16日指数估值数据估值表绿化率提高.md,https://drive.google.com/file/d/1TOlooub1NRUualkPgbwKj3qFHLTKNrSl/view?usp=drivesdk,0.995,今天市场出现波动，目前还是3.5星级,today_market_statement,auto_high_confidence,Drive/2021/[2021-09-16-2230]9月16日指数估值数据估值表绿化率提高.md
2021-09-22,3.5,A股,公众号当日估值文章,realtime,1Ts8DxbP_3cTXi1w8PxQU_tmIcXvurD73,[2021-09-22-2222]9月22日指数估值数据行情分化红利和500指数继续上涨.md,https://drive.google.com/file/d/1Ts8DxbP_3cTXi1w8PxQU_tmIcXvurD73/view?usp=drivesdk,0.992,目前还是在3.5星级,current_state_statement,auto_high_confidence,Drive/2021/[2021-09-22-2222]9月22日指数估值数据行情分化红利和500指数继续上涨.md
2021-09-24,3.5,A股,公众号当日估值文章,realtime,1tbpKHTxf4eFa7m_tkHQB13ikDW0k-hXl,[2021-09-24-2227]9月24日指数估值数据消费大反弹.md,https://drive.google.com/file/d/1tbpKHTxf4eFa7m_tkHQB13ikDW0k-hXl/view?usp=drivesdk,0.995,今天市场整体波动不大，目前还是在3.5星级,today_market_statement,auto_high_confidence,Drive/2021/[2021-09-24-2227]9月24日指数估值数据消费大反弹.md
2021-10-19,3.5,A股,公众号当日估值文章,realtime,13W4MsGqqYBWDAzkx2BZzEDGX5K9L3Cpt,[2021-10-19-2241]10月19日指数估值数据螺丝钉定投实盘第204期amp董承非离职.md,https://drive.google.com/file/d/13W4MsGqqYBWDAzkx2BZzEDGX5K9L3Cpt/view?usp=drivesdk,0.995,今天市场整体上涨，经过反弹后，A股也重新回到了3.5星级,today_market_statement,auto_high_confidence,Drive/2021/[2021-10-19-2241]10月19日指数估值数据螺丝钉定投实盘第204期amp董承非离职.md
2021-10-20,3.5,A股,公众号当日估值文章,realtime,1rBCHSTgt9EGVPpyB5zyrg6exZtFlnD6U,[2021-10-20-2242]10月20日指数估值数据定投的效果.md,https://drive.google.com/file/d/1rBCHSTgt9EGVPpyB5zyrg6exZtFlnD6U/view?usp=drivesdk,0.995,今天市场整体波动不大，还是在3.5星级,today_market_statement,auto_high_confidence,Drive/2021/[2021-10-20-2242]10月20日指数估值数据定投的效果.md
2021-10-21,3.5,A股,公众号当日估值文章,realtime,1iJ5QawrcdA4SFbQXEujUEqT-0-doerse,[2021-10-21-2237]10月21日指数估值数据价值风格表现强势.md,https://drive.google.com/file/d/1iJ5QawrcdA4SFbQXEujUEqT-0-doerse/view?usp=drivesdk,0.995,今天市场整体波动不大，还是在3.5星级,today_market_statement,auto_high_confidence,Drive/2021/[2021-10-21-2237]10月21日指数估值数据价值风格表现强势.md
2021-10-22,3.5,A股,公众号当日估值文章,realtime,158PTaUy1s8xk_LoOCwTEqXcpV_4_rell,[2021-10-22-2237]10月22日指数估值数据中概股继续上涨.md,https://drive.google.com/file/d/158PTaUy1s8xk_LoOCwTEqXcpV_4_rell/view?usp=drivesdk,0.995,今天大盘整体波动不大，还是在3.5星级,today_market_statement,auto_high_confidence,Drive/2021/[2021-10-22-2237]10月22日指数估值数据中概股继续上涨.md
2021-10-25,3.5,A股,公众号当日估值文章,realtime,1OTH0LYxJW324aJCSSHcrNkWfna1F1cs8,[2021-10-25-2238]10月25日指数估值数据消费行业出现波动.md,https://drive.google.com/file/d/1OTH0LYxJW324aJCSSHcrNkWfna1F1cs8/view?usp=drivesdk,0.995,今天大盘整体波动不大，还是在3.5星级,today_market_statement,auto_high_confidence,Drive/2021/[2021-10-25-2238]10月25日指数估值数据消费行业出现波动.md
2021-10-26,3.5,A股,公众号当日估值文章,realtime,10MBqq_SmgJ_7YP4LLcvslg4xCyyRtpvE,[2021-10-26-2221]10月26日指数估值数据螺丝钉定投实盘第205期.md,https://drive.google.com/file/d/10MBqq_SmgJ_7YP4LLcvslg4xCyyRtpvE/view?usp=drivesdk,0.992,目前还是在3.5星级,current_state_statement,auto_high_confidence,Drive/2021/[2021-10-26-2221]10月26日指数估值数据螺丝钉定投实盘第205期.md
2021-11-12,3.5,A股,公众号当日估值文章,realtime,1-bdp20aZSVb83m8KyQcXt4wHotGLfbfm,[2021-11-12-2226]11月12日指数估值数据回到35星级amp元宇宙是啥.md,https://drive.google.com/file/d/1-bdp20aZSVb83m8KyQcXt4wHotGLfbfm/view?usp=drivesdk,0.995,今天大盘整体微涨，市场也回到了3.5星级,today_market_statement,auto_high_confidence,Drive/2021/[2021-11-12-2226]11月12日指数估值数据回到35星级amp元宇宙是啥.md
2021-11-17,3.5,A股,公众号当日估值文章,realtime,17_Mb4pS0hjcGFVIcJaUyxBf1QFTeV4lt,[2021-11-17-2234]11月17日指数估值数据指数基金能跑赢指数吗.md,https://drive.google.com/file/d/17_Mb4pS0hjcGFVIcJaUyxBf1QFTeV4lt/view?usp=drivesdk,0.995,今天大盘整体微涨，回到了3.5星级,today_market_statement,auto_high_confidence,Drive/2021/[2021-11-17-2234]11月17日指数估值数据指数基金能跑赢指数吗.md
2021-11-19,3.5,A股,公众号当日估值文章,realtime,15ni1CdNHyQWK0UrUTOIvLhkUp8HmQQSC,[2021-11-19-2234]11月19日指数估值数据价值类品种领涨.md,https://drive.google.com/file/d/15ni1CdNHyQWK0UrUTOIvLhkUp8HmQQSC/view?usp=drivesdk,0.99,回到了3.5星级,opening_state_statement,auto_high_confidence,Drive/2021/[2021-11-19-2234]11月19日指数估值数据价值类品种领涨.md
2021-11-22,3.5,A股,公众号当日估值文章,realtime,1tX_vGlsCNKfACBRUXfh60ykDGHgXkfiz,[2021-11-22-2241]11月22日指数估值数据指数增强ETF来啦.md,https://drive.google.com/file/d/1tX_vGlsCNKfACBRUXfh60ykDGHgXkfiz/view?usp=drivesdk,0.995,今天大盘整体微涨，还是在3.5星级,today_market_statement,auto_high_confidence,Drive/2021/[2021-11-22-2241]11月22日指数估值数据指数增强ETF来啦.md
2021-11-23,3.5,A股,公众号当日估值文章,realtime,1em4rFvTARb7RfD9LF6-Ram0QNLfhqas9,[2021-11-23-2238]11月23日指数估值数据同样的估值净值也会逐渐上涨的.md,https://drive.google.com/file/d/1em4rFvTARb7RfD9LF6-Ram0QNLfhqas9/view?usp=drivesdk,0.995,今天大盘整体波动不大，还是在3.5星级,today_market_statement,auto_high_confidence,Drive/2021/[2021-11-23-2238]11月23日指数估值数据同样的估值净值也会逐渐上涨的.md
2021-11-24,3.5,A股,公众号当日估值文章,realtime,1Sn6veLviNVqMtJ18W-O15nDPVgkf0xdT,[2021-11-24-2244]11月24日指数估值数据沪深300指数规则修改有什么影响.md,https://drive.google.com/file/d/1Sn6veLviNVqMtJ18W-O15nDPVgkf0xdT/view?usp=drivesdk,0.995,今天大盘整体微跌，还是在3.5星级,today_market_statement,auto_high_confidence,Drive/2021/[2021-11-24-2244]11月24日指数估值数据沪深300指数规则修改有什么影响.md
2021-11-29,3.5,A股,公众号当日估值文章,realtime,1Gni-OKPrV66mq4eNLM2fe98k0n517Hzz,[2021-11-29-2228]11月29日指数估值数据热门新基金又刷屏了.md,https://drive.google.com/file/d/1Gni-OKPrV66mq4eNLM2fe98k0n517Hzz/view?usp=drivesdk,0.995,今天市场整体波动不大，还是在3.5星级,today_market_statement,auto_high_confidence,Drive/2021/[2021-11-29-2228]11月29日指数估值数据热门新基金又刷屏了.md
2021-12-09,3.5,A股,公众号当日估值文章,realtime,1eYTlfsT-gLHoQOJsZC5YO2dca1UZZati,[2021-12-09-2239]12月9日指数估值数据普涨的一天.md,https://drive.google.com/file/d/1eYTlfsT-gLHoQOJsZC5YO2dca1UZZati/view?usp=drivesdk,0.992,目前还是在3.5星级,current_state_statement,auto_high_confidence,Drive/2021/[2021-12-09-2239]12月9日指数估值数据普涨的一天.md
2021-12-13,3.5,A股,公众号当日估值文章,realtime,1lh5WHz3P0bQuA-xRf_2eDFI-M0sC52d0,[2021-12-13-2249]12月13日指数估值数据指数完成了调仓.md,https://drive.google.com/file/d/1lh5WHz3P0bQuA-xRf_2eDFI-M0sC52d0/view?usp=drivesdk,0.995,今天大盘整体波动不大，还是在3.5星级,today_market_statement,auto_high_confidence,Drive/2021/[2021-12-13-2249]12月13日指数估值数据指数完成了调仓.md
2021-12-14,3.5,A股,公众号当日估值文章,realtime,1qMb65SW7wxUBKeCOOGi9xFK7YoC-V-QN,[2021-12-14-2244]12月14日指数估值数据投顾组合的变化.md,https://drive.google.com/file/d/1qMb65SW7wxUBKeCOOGi9xFK7YoC-V-QN/view?usp=drivesdk,0.995,今天大盘整体下跌，还是在3.5星级,today_market_statement,auto_high_confidence,Drive/2021/[2021-12-14-2244]12月14日指数估值数据投顾组合的变化.md
2021-12-16,3.5,A股,公众号当日估值文章,realtime,10XsG3EJ0ZLuC88mRg2-rfCkP8ozSyfdz,[2021-12-16-2239]12月16日指数估值数据价值风格比较强势.md,https://drive.google.com/file/d/10XsG3EJ0ZLuC88mRg2-rfCkP8ozSyfdz/view?usp=drivesdk,0.992,目前还是在3.5星级,current_state_statement,auto_high_confidence,Drive/2021/[2021-12-16-2239]12月16日指数估值数据价值风格比较强势.md
2022-03-07,4.5,A股,公众号当日估值文章,realtime,1FE4gkpJp-rNXb-ofHqUE-4dOo8GEU68b,[2022-03-07-2152]3月7日指数估值数据45星级.md,https://drive.google.com/file/d/1FE4gkpJp-rNXb-ofHqUE-4dOo8GEU68b/view?usp=drivesdk,0.99,回到了4.5星级,opening_state_statement,auto_high_confidence,Drive/2022/[2022-03-07-2152]3月7日指数估值数据45星级.md
2022-03-08,4.5,A股,公众号当日估值文章,realtime,1GWcHb5AW3dLlrUr7i3Wb6XPcTGfa1xpI,[2022-03-08-2156]3月8日指数估值数据螺丝钉定投实盘第209期投顾组合发车.md,https://drive.google.com/file/d/1GWcHb5AW3dLlrUr7i3Wb6XPcTGfa1xpI/view?usp=drivesdk,0.995,今天大盘整体继续波动，仍然是在4.5星级,today_market_statement,auto_high_confidence,Drive/2022/[2022-03-08-2156]3月8日指数估值数据螺丝钉定投实盘第209期投顾组合发车.md
2022-03-10,4.5,A股,公众号当日估值文章,realtime,1KozEN8uglMOze7YmUIcd1rB7_kN2T0vJ,[2022-03-10-2148]3月10日指数估值数据什么情况下基金会清盘呢.md,https://drive.google.com/file/d/1KozEN8uglMOze7YmUIcd1rB7_kN2T0vJ/view?usp=drivesdk,0.992,目前还是在4.5星级,current_state_statement,auto_high_confidence,Drive/2022/[2022-03-10-2148]3月10日指数估值数据什么情况下基金会清盘呢.md
2022-03-11,4.5,A股,公众号当日估值文章,realtime,1lTnVKcykZALAAzNEpshyDcLSd7Jy7Uu1,[2022-03-11-2156]3月11日指数估值数据如果单个品种仓位比较重该如何投资.md,https://drive.google.com/file/d/1lTnVKcykZALAAzNEpshyDcLSd7Jy7Uu1/view?usp=drivesdk,0.99,回到4.5星级,opening_state_statement,auto_high_confidence,Drive/2022/[2022-03-11-2156]3月11日指数估值数据如果单个品种仓位比较重该如何投资.md
2022-03-14,4.5,A股,公众号当日估值文章,realtime,1rKXkmCijryJ9yRKn8ZlUaOLD59ema1dR,[2022-03-14-2205]3月14日指数估值数据短期剧烈波动到5星级了吗.md,https://drive.google.com/file/d/1rKXkmCijryJ9yRKn8ZlUaOLD59ema1dR/view?usp=drivesdk,0.995,今天大盘整体下跌，还是在4.5星级,today_market_statement,auto_high_confidence,Drive/2022/[2022-03-14-2205]3月14日指数估值数据短期剧烈波动到5星级了吗.md
2022-03-15,4.5,A股,公众号当日估值文章,realtime,1k_zP6zk1hke4wd4_MnCAQogTbjnWxjWL,[2022-03-15-2157]3月15日指数估值数据螺丝钉定投实盘第210期投顾组合发车.md,https://drive.google.com/file/d/1k_zP6zk1hke4wd4_MnCAQogTbjnWxjWL/view?usp=drivesdk,1,收盘，还是在4.5星级,closing_statement,auto_high_confidence,Drive/2022/[2022-03-15-2157]3月15日指数估值数据螺丝钉定投实盘第210期投顾组合发车.md
2022-03-16,4.5,A股,公众号当日估值文章,realtime,1AF5_SyO2-Mik4Bg5xyNArboQn67eWvCS,[2022-03-16-2150]3月16日指数估值数据摸了一下5星级.md,https://drive.google.com/file/d/1AF5_SyO2-Mik4Bg5xyNArboQn67eWvCS/view?usp=drivesdk,0.992,目前还是在4.5星级,current_state_statement,auto_high_confidence,Drive/2022/[2022-03-16-2150]3月16日指数估值数据摸了一下5星级.md
2022-03-17,4.5,A股,公众号当日估值文章,realtime,1oTBa9guZitgULxD5N5v93RkalFOAk5ty,[2022-03-17-2149]3月17日指数估值数据他强任他强清风拂山岗.md,https://drive.google.com/file/d/1oTBa9guZitgULxD5N5v93RkalFOAk5ty/view?usp=drivesdk,0.995,今天大盘整体上涨，因为前段时间跌的太狠，今天上涨后还是在4.5星级,today_market_statement,auto_high_confidence,Drive/2022/[2022-03-17-2149]3月17日指数估值数据他强任他强清风拂山岗.md
2022-03-22,4.5,A股,公众号当日估值文章,realtime,1aWwP2P-uKH_D970OpIH40bRr8o_IvmGM,[2022-03-22-2155]3月22日指数估值数据螺丝钉定投实盘第211期投顾组合发车.md,https://drive.google.com/file/d/1aWwP2P-uKH_D970OpIH40bRr8o_IvmGM/view?usp=drivesdk,0.995,今天大盘整体波动不大，还是在4.5星级,today_market_statement,auto_high_confidence,Drive/2022/[2022-03-22-2155]3月22日指数估值数据螺丝钉定投实盘第211期投顾组合发车.md
2022-03-23,4.5,A股,公众号当日估值文章,realtime,1x-EfEyQdGGgezSgENnGz6QcIlB7dEgyy,[2022-03-23-2211]3月23日指数估值数据投资低估品种也要有足够的耐心.md,https://drive.google.com/file/d/1x-EfEyQdGGgezSgENnGz6QcIlB7dEgyy/view?usp=drivesdk,0.995,今天大盘整体波动不大，还是在4.5星级,today_market_statement,auto_high_confidence,Drive/2022/[2022-03-23-2211]3月23日指数估值数据投资低估品种也要有足够的耐心.md
2022-03-24,4.5,A股,公众号当日估值文章,realtime,1oFEaAc5eAmJRbo5sgb9MiGFIufeSKN6Z,[2022-03-24-2138]3月24日指数估值数据基金年报该看啥呢.md,https://drive.google.com/file/d/1oFEaAc5eAmJRbo5sgb9MiGFIufeSKN6Z/view?usp=drivesdk,0.995,今天大盘整体下跌，还是在4.5星级,today_market_statement,auto_high_confidence,Drive/2022/[2022-03-24-2138]3月24日指数估值数据基金年报该看啥呢.md
2022-03-25,4.5,A股,公众号当日估值文章,realtime,1e7CjQ0rfeKehkjC7p8fUGrB3vxB4d1TB,[2022-03-25-2157]3月25日指数估值数据市场震荡距离5星还有多远呢.md,https://drive.google.com/file/d/1e7CjQ0rfeKehkjC7p8fUGrB3vxB4d1TB/view?usp=drivesdk,0.995,今天大盘整体下跌，还是在4.5星级,today_market_statement,auto_high_confidence,Drive/2022/[2022-03-25-2157]3月25日指数估值数据市场震荡距离5星还有多远呢.md
2022-03-29,4.5,A股,公众号当日估值文章,realtime,1JEyWbuvYkCdM0rFDyjrV4wBFddoviIUM,[2022-03-29-2147]3月29日指数估值数据螺丝钉定投实盘第212期投顾组合发车.md,https://drive.google.com/file/d/1JEyWbuvYkCdM0rFDyjrV4wBFddoviIUM/view?usp=drivesdk,0.995,今天大盘整体微跌，还是在4.5星级,today_market_statement,auto_high_confidence,Drive/2022/[2022-03-29-2147]3月29日指数估值数据螺丝钉定投实盘第212期投顾组合发车.md
2022-03-30,4.5,A股,公众号当日估值文章,realtime,1kJih_xarp1NPBr0ksOCbyqp2wkfrE82I,[2022-03-30-2210]3月30日指数估值数据45星级会持续多久呢.md,https://drive.google.com/file/d/1kJih_xarp1NPBr0ksOCbyqp2wkfrE82I/view?usp=drivesdk,0.995,今天大盘整体反弹，不过因为前几天一直在阴跌，目前还是在4.5星级,today_market_statement,auto_high_confidence,Drive/2022/[2022-03-30-2210]3月30日指数估值数据45星级会持续多久呢.md
2022-03-31,4.5,A股,公众号当日估值文章,realtime,11ZU5mWYdjx0W4HOD_GDveWYKTzzoXapd,[2022-03-31-2207]3月31日指数估值数据价值风格表现不错.md,https://drive.google.com/file/d/11ZU5mWYdjx0W4HOD_GDveWYKTzzoXapd/view?usp=drivesdk,0.995,今天大盘整体下跌，还是在4.5星级,today_market_statement,auto_high_confidence,Drive/2022/[2022-03-31-2207]3月31日指数估值数据价值风格表现不错.md
2022-04-06,4.5,A股,公众号当日估值文章,realtime,1szv7BPXqxauT-NwRxlxmGU5vYFBY4fV1,[2022-04-06-2159]4月6日指数估值数据价值风格继续强势.md,https://drive.google.com/file/d/1szv7BPXqxauT-NwRxlxmGU5vYFBY4fV1/view?usp=drivesdk,0.995,今天大盘整体波动不大，还是在4.5星级,today_market_statement,auto_high_confidence,Drive/2022/[2022-04-06-2159]4月6日指数估值数据价值风格继续强势.md
2022-04-07,4.8,A股,公众号当日估值文章,realtime,1otO0k6DdTIj5IXaoYNIt6rN6uoAON383,[2022-04-07-2154]4月7日指数估值数据美股利率上升对我们有什么影响.md,https://drive.google.com/file/d/1otO0k6DdTIj5IXaoYNIt6rN6uoAON383/view?usp=drivesdk,0.998,如果细一些计算，目前算是4.8,fine_current_statement,auto_high_confidence,Drive/2022/[2022-04-07-2154]4月7日指数估值数据美股利率上升对我们有什么影响.md
2022-04-08,4.5,A股,公众号当日估值文章,realtime,1RJ6sDCYXNiDQoqUOTf5HEhalZ8TD8Tt9,[2022-04-08-2153]4月8日指数估值数据ETF的大买家.md,https://drive.google.com/file/d/1RJ6sDCYXNiDQoqUOTf5HEhalZ8TD8Tt9/view?usp=drivesdk,0.995,今天大盘微微涨，变化不大，还是在4.5星级,today_market_statement,auto_high_confidence,Drive/2022/[2022-04-08-2153]4月8日指数估值数据ETF的大买家.md
2022-04-14,4.8,A股,公众号当日估值文章,realtime,10Xc1aw5B2J9H7zNXkV11JexXofYRB--J,[2022-04-14-2155]4月14日指数估值数据降准对市场有什么影响.md,https://drive.google.com/file/d/10Xc1aw5B2J9H7zNXkV11JexXofYRB--J/view?usp=drivesdk,0.995,今天大盘整体上涨，目前还是在4.8星级,today_market_statement,auto_high_confidence,Drive/2022/[2022-04-14-2155]4月14日指数估值数据降准对市场有什么影响.md
2022-05-23,5.1,A股,公众号当日估值文章,realtime,1FAqS62x-lHk9BYwdGL6H_D_Q7jSRFao5,[2022-05-23-2154]5月23日指数估值数据盈亏同源.md,https://drive.google.com/file/d/1FAqS62x-lHk9BYwdGL6H_D_Q7jSRFao5/view?usp=drivesdk,0.995,今天大盘整体波动不大，目前还是在5.1星级,today_market_statement,auto_high_confidence,Drive/2022/[2022-05-23-2154]5月23日指数估值数据盈亏同源.md
2022-05-25,5.1,A股,公众号当日估值文章,realtime,1jMC2Oe-PzyyDdT8ef2s534ta-v7JiP6e,[2022-05-25-2155]5月25日指数估值数据熊市不买股牛市白辛苦.md,https://drive.google.com/file/d/1jMC2Oe-PzyyDdT8ef2s534ta-v7JiP6e/view?usp=drivesdk,0.992,目前还是在5.1星级,current_state_statement,auto_high_confidence,Drive/2022/[2022-05-25-2155]5月25日指数估值数据熊市不买股牛市白辛苦.md
2022-06-01,4.9,A股,公众号当日估值文章,realtime,1YLEjomwh25iVSmM6imm1yBZrRdlbiGM9,[2022-06-01-2208]6月1日指数估值数据5星级持续了多久.md,https://drive.google.com/file/d/1YLEjomwh25iVSmM6imm1yBZrRdlbiGM9/view?usp=drivesdk,0.992,目前还是在4.9星级,current_state_statement,auto_high_confidence,Drive/2022/[2022-06-01-2208]6月1日指数估值数据5星级持续了多久.md
2022-06-06,4.8,A股,公众号当日估值文章,realtime,16KHk06gjvH_xpksP4LXwOb6chRdTu_iu,[2022-06-06-2206]6月6日指数估值数据48星且投且珍惜.md,https://drive.google.com/file/d/16KHk06gjvH_xpksP4LXwOb6chRdTu_iu/view?usp=drivesdk,0.995,今天大盘整体上涨，上涨后，回到4.8星级,today_market_statement,auto_high_confidence,Drive/2022/[2022-06-06-2206]6月6日指数估值数据48星且投且珍惜.md
2022-06-07,4.8,A股,公众号当日估值文章,realtime,1j5YyQ9LaP-if6Ho8ol1Pokh6B2zciVuE,[2022-06-07-2213]6月7日指数估值数据螺丝钉定投实盘第220期投顾组合发车.md,https://drive.google.com/file/d/1j5YyQ9LaP-if6Ho8ol1Pokh6B2zciVuE/view?usp=drivesdk,0.992,目前还是处于4.8星级,current_state_statement,auto_high_confidence,Drive/2022/[2022-06-07-2213]6月7日指数估值数据螺丝钉定投实盘第220期投顾组合发车.md
2022-06-09,4.9,A股,公众号当日估值文章,realtime,102VHl0JbDs14QoP_7BieJPG3GvZJWcLt,[2022-06-09-2214]6月9日指数估值数据大盘回调了.md,https://drive.google.com/file/d/102VHl0JbDs14QoP_7BieJPG3GvZJWcLt/view?usp=drivesdk,0.995,今天大盘整体下跌，下跌后，回到了4.9星级,today_market_statement,auto_high_confidence,Drive/2022/[2022-06-09-2214]6月9日指数估值数据大盘回调了.md
2022-06-10,4.8,A股,公众号当日估值文章,realtime,1i4CByhYpXl-ZDnEtRgomgpEI9w2hN4I4,[2022-06-10-2208]6月10日指数估值数据A股涨美股跌对投资有什么影响.md,https://drive.google.com/file/d/1i4CByhYpXl-ZDnEtRgomgpEI9w2hN4I4/view?usp=drivesdk,0.992,目前在4.8星级,current_state_statement,auto_high_confidence,Drive/2022/[2022-06-10-2208]6月10日指数估值数据A股涨美股跌对投资有什么影响.md
2022-06-13,4.8,A股,公众号当日估值文章,realtime,1nARus_brRDEgeWp528ExJP8lOaiebHcp,[2022-06-13-2202]6月13日指数估值数据美股欧股下跌A股会受影响吗.md,https://drive.google.com/file/d/1nARus_brRDEgeWp528ExJP8lOaiebHcp/view?usp=drivesdk,0.995,今天大盘整体下跌，目前还是在4.8星级,today_market_statement,auto_high_confidence,Drive/2022/[2022-06-13-2202]6月13日指数估值数据美股欧股下跌A股会受影响吗.md
2022-06-15,4.8,A股,公众号当日估值文章,realtime,1twR3dndeHseoiBMzcS_EKXJrGiRxWIDG,[2022-06-15-2215]6月15日指数估值数据价值风格发力.md,https://drive.google.com/file/d/1twR3dndeHseoiBMzcS_EKXJrGiRxWIDG/view?usp=drivesdk,0.992,目前还是在4.8星级,current_state_statement,auto_high_confidence,Drive/2022/[2022-06-15-2215]6月15日指数估值数据价值风格发力.md
2022-06-17,4.7,A股,公众号当日估值文章,realtime,13UChIWKWvesqiHmpGOYxmwZM65ju87iE,[2022-06-17-2150]6月17日指数估值数据轮流上涨.md,https://drive.google.com/file/d/13UChIWKWvesqiHmpGOYxmwZM65ju87iE/view?usp=drivesdk,0.99,回到了4.7星级,opening_state_statement,auto_high_confidence,Drive/2022/[2022-06-17-2150]6月17日指数估值数据轮流上涨.md
2022-06-20,4.7,A股,公众号当日估值文章,realtime,1-0aCeirmE3PSc-1I-bzjWjAvOPlhLmyC,[2022-06-20-2216]6月20日指数估值数据可转债新规对投资有啥影响.md,https://drive.google.com/file/d/1-0aCeirmE3PSc-1I-bzjWjAvOPlhLmyC/view?usp=drivesdk,0.995,今天大盘整体波动不大，目前还是在4.7星级,today_market_statement,auto_high_confidence,Drive/2022/[2022-06-20-2216]6月20日指数估值数据可转债新规对投资有啥影响.md
2022-06-21,4.7,A股,公众号当日估值文章,realtime,1MP5H8t8viHk175IPtXAqGGFfy0smVUvi,[2022-06-21-2204]6月21日指数估值数据螺丝钉定投实盘第222期投顾组合发车.md,https://drive.google.com/file/d/1MP5H8t8viHk175IPtXAqGGFfy0smVUvi/view?usp=drivesdk,0.995,今天A股整体微跌，目前在4.7星级,today_market_statement,auto_high_confidence,Drive/2022/[2022-06-21-2204]6月21日指数估值数据螺丝钉定投实盘第222期投顾组合发车.md
2022-06-22,4.8,A股,公众号当日估值文章,realtime,1TI2MjCNs7d-JOTHVODTtS2y_djxHwlGf,[2022-06-22-2203]6月22日指数估值数据基金分红组合会怎么处理amp购书福利返场.md,https://drive.google.com/file/d/1TI2MjCNs7d-JOTHVODTtS2y_djxHwlGf/view?usp=drivesdk,0.995,今天大盘整体下跌，目前回到了4.8星级,today_market_statement,auto_high_confidence,Drive/2022/[2022-06-22-2203]6月22日指数估值数据基金分红组合会怎么处理amp购书福利返场.md
2022-06-23,4.7,A股,公众号当日估值文章,realtime,1K5opQ4iOuU1tzocUkvp3yI_lk0pBTxbE,[2022-06-23-2211]6月23日指数估值数据中证1000投资价值如何.md,https://drive.google.com/file/d/1K5opQ4iOuU1tzocUkvp3yI_lk0pBTxbE/view?usp=drivesdk,1,到收盘，还是在4.7星级,closing_statement,auto_high_confidence,Drive/2022/[2022-06-23-2211]6月23日指数估值数据中证1000投资价值如何.md
2022-06-24,4.6,A股,公众号当日估值文章,realtime,1y9hlbDoVSy6uAWrFHvhEmeu8EQ8FVx1_,[2022-06-24-2153]6月24日指数估值数据46星级了且投且珍惜.md,https://drive.google.com/file/d/1y9hlbDoVSy6uAWrFHvhEmeu8EQ8FVx1_/view?usp=drivesdk,1,收盘，已经回到了4.6星级,closing_statement,auto_high_confidence,Drive/2022/[2022-06-24-2153]6月24日指数估值数据46星级了且投且珍惜.md
2022-06-27,4.6,A股,公众号当日估值文章,realtime,1ks6bCcJyEtXWcNF-qXgQmeUTJ2Jxje9f,[2022-06-27-2216]6月27日指数估值数据离45星级不远了.md,https://drive.google.com/file/d/1ks6bCcJyEtXWcNF-qXgQmeUTJ2Jxje9f/view?usp=drivesdk,1,截止到收盘，还是在4.6星级,closing_statement,auto_high_confidence,Drive/2022/[2022-06-27-2216]6月27日指数估值数据离45星级不远了.md
2022-06-28,4.5,A股,公众号当日估值文章,realtime,1260MI-levoUbWr7XAN3zT3fvvaS8IGAq,[2022-06-28-2204]6月28日指数估值数据回到45星级amp螺丝钉定投实盘第223期投顾组合发车.md,https://drive.google.com/file/d/1260MI-levoUbWr7XAN3zT3fvvaS8IGAq/view?usp=drivesdk,1,截止到收盘，大盘已经回到4.5星级,closing_statement,auto_high_confidence,Drive/2022/[2022-06-28-2204]6月28日指数估值数据回到45星级amp螺丝钉定投实盘第223期投顾组合发车.md
2022-06-29,4.6,A股,公众号当日估值文章,realtime,11RzvpDz-7DeA3uKGw0dOshr7PsBeySMG,[2022-06-29-2207]6月29日指数估值数据美股出现波动耐心等待.md,https://drive.google.com/file/d/11RzvpDz-7DeA3uKGw0dOshr7PsBeySMG/view?usp=drivesdk,1,截止到收盘，回到了4.6星级,closing_statement,auto_high_confidence,Drive/2022/[2022-06-29-2207]6月29日指数估值数据美股出现波动耐心等待.md
2022-06-30,4.5,A股,公众号当日估值文章,realtime,1TK7alJg2cBW8EDTk9algca6PJQcfglv_,[2022-06-30-2209]6月30日指数估值数据ETF纳入互联互通对我们投资有什么影响.md,https://drive.google.com/file/d/1TK7alJg2cBW8EDTk9algca6PJQcfglv_/view?usp=drivesdk,0.99,回到了4.5星级,opening_state_statement,auto_high_confidence,Drive/2022/[2022-06-30-2209]6月30日指数估值数据ETF纳入互联互通对我们投资有什么影响.md
2022-07-01,4.6,A股,公众号当日估值文章,realtime,16B7mErOAFxcDYP69lj4-wyluXEmtpKTt,[2022-07-01-2203]7月1日指数估值数据低估买入坚持持有.md,https://drive.google.com/file/d/16B7mErOAFxcDYP69lj4-wyluXEmtpKTt/view?usp=drivesdk,0.995,今天大盘整体微跌，又回到了4.6星级,today_market_statement,auto_high_confidence,Drive/2022/[2022-07-01-2203]7月1日指数估值数据低估买入坚持持有.md
2022-07-04,4.5,A股,公众号当日估值文章,realtime,112bqeDPfRrwlw3XPMif7r-WML3iPu1Rr,[2022-07-04-2208]7月4日指数估值数据回顾上半年股市表现如何.md,https://drive.google.com/file/d/112bqeDPfRrwlw3XPMif7r-WML3iPu1Rr/view?usp=drivesdk,1,截止到收盘，大盘回到了4.5星级,closing_statement,auto_high_confidence,Drive/2022/[2022-07-04-2208]7月4日指数估值数据回顾上半年股市表现如何.md
2022-07-05,4.6,A股,公众号当日估值文章,realtime,1BHqbaXs029C6Q0US6SbycnDElxCp4det,[2022-07-05-2205]7月5日指数估值数据螺丝钉定投实盘第224期投顾组合发车.md,https://drive.google.com/file/d/1BHqbaXs029C6Q0US6SbycnDElxCp4det/view?usp=drivesdk,1,截止到收盘，回到了4.6星级,closing_statement,auto_high_confidence,Drive/2022/[2022-07-05-2205]7月5日指数估值数据螺丝钉定投实盘第224期投顾组合发车.md
2022-07-06,4.6,A股,公众号当日估值文章,realtime,1JmBnLGtVfQ9ekIx9pWn6YBKepQWfHFPl,[2022-07-06-2212]7月6日指数估值数据基金发行开始回暖.md,https://drive.google.com/file/d/1JmBnLGtVfQ9ekIx9pWn6YBKepQWfHFPl/view?usp=drivesdk,0.995,今天大盘整体下跌，目前还是在4.6星级,today_market_statement,auto_high_confidence,Drive/2022/[2022-07-06-2212]7月6日指数估值数据基金发行开始回暖.md
2022-07-07,4.6,A股,公众号当日估值文章,realtime,1R-G3eW5sRV5GYLHQZI_8OMB-g1g2stJ5,[2022-07-07-2223]7月7日指数估值数据为啥5星1星比较少见呢.md,https://drive.google.com/file/d/1R-G3eW5sRV5GYLHQZI_8OMB-g1g2stJ5/view?usp=drivesdk,0.995,今天大盘整体微涨，目前还是在4.6星级,today_market_statement,auto_high_confidence,Drive/2022/[2022-07-07-2223]7月7日指数估值数据为啥5星1星比较少见呢.md
2022-07-08,4.6,A股,公众号当日估值文章,realtime,1woKdaER9byw05A45Z9Q6OrjXBMTd4JdI,[2022-07-08-2156]7月8日指数估值数据突发事件对我们投资有影响吗.md,https://drive.google.com/file/d/1woKdaER9byw05A45Z9Q6OrjXBMTd4JdI/view?usp=drivesdk,0.995,今天大盘整体微跌，还是在4.6星级,today_market_statement,auto_high_confidence,Drive/2022/[2022-07-08-2156]7月8日指数估值数据突发事件对我们投资有影响吗.md
2022-07-11,4.7,A股,公众号当日估值文章,realtime,1KOeJT88l5jijEm7Yik30fic1TkEXa7UA,[2022-07-11-2215]7月11日指数估值数据回调了.md,https://drive.google.com/file/d/1KOeJT88l5jijEm7Yik30fic1TkEXa7UA/view?usp=drivesdk,1,截止到收盘，大盘回到了4.7星级,closing_statement,auto_high_confidence,Drive/2022/[2022-07-11-2215]7月11日指数估值数据回调了.md
2022-07-12,4.7,A股,公众号当日估值文章,realtime,1LPYkuDFq8ytztNiyY4dATckO6bUAseW0,[2022-07-12-2203]7月12日指数估值数据螺丝钉定投实盘第225期投顾组合发车.md,https://drive.google.com/file/d/1LPYkuDFq8ytztNiyY4dATckO6bUAseW0/view?usp=drivesdk,0.995,今天大盘继续下跌，目前还是在4.7星级,today_market_statement,auto_high_confidence,Drive/2022/[2022-07-12-2203]7月12日指数估值数据螺丝钉定投实盘第225期投顾组合发车.md
2022-07-13,4.7,A股,公众号当日估值文章,realtime,1uwQgrQKkj1xP12201Fy8wTKKNh5qjzSk,[2022-07-13-2208]7月13日指数估值数据美股30年一遇的大通胀对我们有啥影响.md,https://drive.google.com/file/d/1uwQgrQKkj1xP12201Fy8wTKKNh5qjzSk/view?usp=drivesdk,0.995,今天大盘整体上涨，目前还是在4.7星级,today_market_statement,auto_high_confidence,Drive/2022/[2022-07-13-2208]7月13日指数估值数据美股30年一遇的大通胀对我们有啥影响.md
2022-07-14,4.7,A股,公众号当日估值文章,realtime,1Bew4A2k9mumAfEvJwth-6BcjYC99_8nj,[2022-07-14-2212]7月14日指数估值数据分散配置的好处.md,https://drive.google.com/file/d/1Bew4A2k9mumAfEvJwth-6BcjYC99_8nj/view?usp=drivesdk,0.995,今天大盘整体波动不大，还是在4.7星级,today_market_statement,auto_high_confidence,Drive/2022/[2022-07-14-2212]7月14日指数估值数据分散配置的好处.md
2022-07-15,4.7,A股,公众号当日估值文章,realtime,1BBnL2hDxnWWuQFG9KIrM8bgdgw5Ggfir,[2022-07-15-2210]7月15日指数估值数据为啥不要用杠杆投资.md,https://drive.google.com/file/d/1BBnL2hDxnWWuQFG9KIrM8bgdgw5Ggfir/view?usp=drivesdk,1,截止到收盘，还是在4.7星,closing_statement,auto_high_confidence,Drive/2022/[2022-07-15-2210]7月15日指数估值数据为啥不要用杠杆投资.md
2022-07-18,4.7,A股,公众号当日估值文章,realtime,1NO5xAn34CzWq1_rHuZECSEoNS9qruMMW,[2022-07-18-2215]7月18日指数估值数据主动基金投资的难点人的风险.md,https://drive.google.com/file/d/1NO5xAn34CzWq1_rHuZECSEoNS9qruMMW/view?usp=drivesdk,1,截止到收盘，大盘还是在4.7星级,closing_statement,auto_high_confidence,Drive/2022/[2022-07-18-2215]7月18日指数估值数据主动基金投资的难点人的风险.md
2022-07-19,4.7,A股,公众号当日估值文章,realtime,12VVTLe8hppNFjhVj2Sfg2YJ3YL-r-K3o,[2022-07-19-2201]7月19日指数估值数据螺丝钉定投实盘第226期投顾组合发车.md,https://drive.google.com/file/d/12VVTLe8hppNFjhVj2Sfg2YJ3YL-r-K3o/view?usp=drivesdk,0.995,今天A股也受到了影响，整体下跌，还是在4.7星级,today_market_statement,auto_high_confidence,Drive/2022/[2022-07-19-2201]7月19日指数估值数据螺丝钉定投实盘第226期投顾组合发车.md
2022-07-20,4.6,A股,公众号当日估值文章,realtime,155YhEdYqD3RdHOH4BgjsTsWaswpAQrj4,[2022-07-20-2216]7月20日指数估值数据中证1000有投资价值吗.md,https://drive.google.com/file/d/155YhEdYqD3RdHOH4BgjsTsWaswpAQrj4/view?usp=drivesdk,0.995,今天大盘整体微涨，重新回到了4.6星级,today_market_statement,auto_high_confidence,Drive/2022/[2022-07-20-2216]7月20日指数估值数据中证1000有投资价值吗.md
2022-07-21,4.7,A股,公众号当日估值文章,realtime,1SjkqbIMqaGxjzv5iXQ6ibWw1iI6TuBRL,[2022-07-21-2214]7月21日指数估值数据期货期权是个啥呢.md,https://drive.google.com/file/d/1SjkqbIMqaGxjzv5iXQ6ibWw1iI6TuBRL/view?usp=drivesdk,0.995,今天大盘整体下跌，又回到了4.7星级,today_market_statement,auto_high_confidence,Drive/2022/[2022-07-21-2214]7月21日指数估值数据期货期权是个啥呢.md
2022-07-22,4.7,A股,公众号当日估值文章,realtime,1oAK8KuP2GNHC9G2Z2H1XVcy9rwBkGnXd,[2022-07-22-2209]7月22日指数估值数据黄金值得投资吗.md,https://drive.google.com/file/d/1oAK8KuP2GNHC9G2Z2H1XVcy9rwBkGnXd/view?usp=drivesdk,0.995,今天大盘整体微跌，还是在4.7星级,today_market_statement,auto_high_confidence,Drive/2022/[2022-07-22-2209]7月22日指数估值数据黄金值得投资吗.md
2022-07-25,4.7,A股,公众号当日估值文章,realtime,1UADoGggKmx_m-10uC_hIlt6GvcCPt43S,[2022-07-25-2219]7月25日指数估值数据二季度股票基金净赎回800亿说明了什么.md,https://drive.google.com/file/d/1UADoGggKmx_m-10uC_hIlt6GvcCPt43S/view?usp=drivesdk,1,截止到收盘，还是在4.7星级,closing_statement,auto_high_confidence,Drive/2022/[2022-07-25-2219]7月25日指数估值数据二季度股票基金净赎回800亿说明了什么.md
2022-07-26,4.7,A股,公众号当日估值文章,realtime,1DQLTAUtNyFFln8AccQE1xtihwKZ4uvkX,[2022-07-26-2205]7月26日指数估值数据螺丝钉定投实盘第227期投顾组合发车.md,https://drive.google.com/file/d/1DQLTAUtNyFFln8AccQE1xtihwKZ4uvkX/view?usp=drivesdk,0.995,今天大盘整体上涨，目前还是在4.7星级,today_market_statement,auto_high_confidence,Drive/2022/[2022-07-26-2205]7月26日指数估值数据螺丝钉定投实盘第227期投顾组合发车.md
2022-07-27,4.7,A股,公众号当日估值文章,realtime,1jam9wSggz5y3S2vMSIbLWtUnAkGC4vcA,[2022-07-27-2214]7月27日指数估值数据组合强势的阶段.md,https://drive.google.com/file/d/1jam9wSggz5y3S2vMSIbLWtUnAkGC4vcA/view?usp=drivesdk,0.992,目前还是在4.7星级,current_state_statement,auto_high_confidence,Drive/2022/[2022-07-27-2214]7月27日指数估值数据组合强势的阶段.md
2022-07-29,4.7,A股,公众号当日估值文章,realtime,1Igu9EkoLQl0Ja_U1oL0ZWq9rVV9zByFq,[2022-07-29-2204]7月29日指数估值数据市场阴跌离5星级还远吗.md,https://drive.google.com/file/d/1Igu9EkoLQl0Ja_U1oL0ZWq9rVV9zByFq/view?usp=drivesdk,0.995,今天大盘整体下跌，目前还是在4.7星级,today_market_statement,auto_high_confidence,Drive/2022/[2022-07-29-2204]7月29日指数估值数据市场阴跌离5星级还远吗.md
2022-08-01,4.7,A股,公众号当日估值文章,realtime,1JzQbxaiX5bZ3GDAwtI_0ZWX7nS7vaAqn,[2022-08-01-2219]8月1日指数估值数据基金行业收费模式经历过哪些变化.md,https://drive.google.com/file/d/1JzQbxaiX5bZ3GDAwtI_0ZWX7nS7vaAqn/view?usp=drivesdk,1,到收盘整体微涨，还是在4.7星级,closing_statement,auto_high_confidence,Drive/2022/[2022-08-01-2219]8月1日指数估值数据基金行业收费模式经历过哪些变化.md
2022-08-02,4.8,A股,公众号当日估值文章,realtime,13cm_xpt_4wA0j1ud6UHMcfIZJ6cdbKSv,[2022-08-02-2218]8月2日指数估值数据48星级amp螺丝钉定投实盘第228期投顾组合发车.md,https://drive.google.com/file/d/13cm_xpt_4wA0j1ud6UHMcfIZJ6cdbKSv/view?usp=drivesdk,1,截止到收盘，大盘跌回到4.8星级,closing_statement,auto_high_confidence,Drive/2022/[2022-08-02-2218]8月2日指数估值数据48星级amp螺丝钉定投实盘第228期投顾组合发车.md
2022-08-03,4.8,A股,公众号当日估值文章,realtime,1vOUVJfCpCNKHgTRX1qupi8kac8CoG-ZB,[2022-08-03-2212]8月3日指数估值数据距离5星级还有3.md,https://drive.google.com/file/d/1vOUVJfCpCNKHgTRX1qupi8kac8CoG-ZB/view?usp=drivesdk,0.995,今天大盘整体下跌，目前还是在4.8星,today_market_statement,auto_high_confidence,Drive/2022/[2022-08-03-2212]8月3日指数估值数据距离5星级还有3.md
2022-08-04,4.8,A股,公众号当日估值文章,realtime,1Pk6SrqJp8itn6S8KyCdkE6Auz6D-vbSR,[2022-08-04-2211]8月4日指数估值数据三类养老品种有啥区别.md,https://drive.google.com/file/d/1Pk6SrqJp8itn6S8KyCdkE6Auz6D-vbSR/view?usp=drivesdk,0.992,目前还是在4.8星级,current_state_statement,auto_high_confidence,Drive/2022/[2022-08-04-2211]8月4日指数估值数据三类养老品种有啥区别.md
2022-08-05,4.7,A股,公众号当日估值文章,realtime,1BAPZQ55ekcWIhiT4KGLtH2SmW7E67xq3,[2022-08-05-2210]8月5日指数估值数据上市公司盈利低迷对我们投资有什么影响.md,https://drive.google.com/file/d/1BAPZQ55ekcWIhiT4KGLtH2SmW7E67xq3/view?usp=drivesdk,1,到收盘的时候回到了4.7星级,closing_statement,auto_high_confidence,Drive/2022/[2022-08-05-2210]8月5日指数估值数据上市公司盈利低迷对我们投资有什么影响.md
2022-08-08,4.7,A股,公众号当日估值文章,realtime,1ErCoK27dbBEAr5bdwwmxK00IX-lqBOBU,[2022-08-08-2220]8月8日指数估值数据私募基金的投资收益会更好吗.md,https://drive.google.com/file/d/1ErCoK27dbBEAr5bdwwmxK00IX-lqBOBU/view?usp=drivesdk,0.995,今天大盘整体波动不大，目前还是在4.7星级,today_market_statement,auto_high_confidence,Drive/2022/[2022-08-08-2220]8月8日指数估值数据私募基金的投资收益会更好吗.md
2022-08-09,4.7,A股,公众号当日估值文章,realtime,1fvir1semVZPIkIjM-W15uZhyC0ld7uSv,[2022-08-09-2205]8月9日指数估值数据螺丝钉定投实盘第229期投顾组合发车.md,https://drive.google.com/file/d/1fvir1semVZPIkIjM-W15uZhyC0ld7uSv/view?usp=drivesdk,1,到收盘整体微微涨，波动不大，还是在4.7星级,closing_statement,auto_high_confidence,Drive/2022/[2022-08-09-2205]8月9日指数估值数据螺丝钉定投实盘第229期投顾组合发车.md
2022-08-10,4.7,A股,公众号当日估值文章,realtime,109lV1nLCWuR0ydrHjQJA39VnFGJfLn-0,[2022-08-10-2213]8月10日指数估值数据金融的本质是什么.md,https://drive.google.com/file/d/109lV1nLCWuR0ydrHjQJA39VnFGJfLn-0/view?usp=drivesdk,1,到收盘，还是在4.7星级,closing_statement,auto_high_confidence,Drive/2022/[2022-08-10-2213]8月10日指数估值数据金融的本质是什么.md
2022-08-11,4.7,A股,公众号当日估值文章,realtime,1Z16bJhYC9QM1I4vxN2m0-Ihns3MTFJn2,[2022-08-11-2215]8月11日指数估值数据上涨了.md,https://drive.google.com/file/d/1Z16bJhYC9QM1I4vxN2m0-Ihns3MTFJn2/view?usp=drivesdk,0.992,目前在4.7星级,current_state_statement,auto_high_confidence,Drive/2022/[2022-08-11-2215]8月11日指数估值数据上涨了.md
2022-08-12,4.7,A股,公众号当日估值文章,realtime,1FrU5SuLd7bxWTmw4Yk3llPSC8hd-qe6g,[2022-08-12-2211]8月12日指数估值数据光荣在于平淡艰巨在于漫长.md,https://drive.google.com/file/d/1FrU5SuLd7bxWTmw4Yk3llPSC8hd-qe6g/view?usp=drivesdk,0.992,目前还是在4.7星级,current_state_statement,auto_high_confidence,Drive/2022/[2022-08-12-2211]8月12日指数估值数据光荣在于平淡艰巨在于漫长.md
2022-08-15,4.7,A股,公众号当日估值文章,realtime,10TNPSpHqsReD6e_oXnF73KBD_6_NFB7K,[2022-08-15-2203]8月15日指数估值数据利率下降对我们投资有什么影响.md,https://drive.google.com/file/d/10TNPSpHqsReD6e_oXnF73KBD_6_NFB7K/view?usp=drivesdk,0.995,今天大盘整体波动不大，还是在4.7星级,today_market_statement,auto_high_confidence,Drive/2022/[2022-08-15-2203]8月15日指数估值数据利率下降对我们投资有什么影响.md
2022-08-18,4.6,A股,公众号当日估值文章,realtime,1z0stVUzNg5qxu-2kAJRqBCuMZfOcLy30,[2022-08-18-2204]8月18日指数估值数据震荡行情对组合投资有利.md,https://drive.google.com/file/d/1z0stVUzNg5qxu-2kAJRqBCuMZfOcLy30/view?usp=drivesdk,0.995,今天大盘整体下跌，还是在4.6星级,today_market_statement,auto_high_confidence,Drive/2022/[2022-08-18-2204]8月18日指数估值数据震荡行情对组合投资有利.md
2022-08-19,4.7,A股,公众号当日估值文章,realtime,1J3WAc6_zrJPVBxHTzWx4nRX93PtmE8Gf,[2022-08-19-2155]8月19日指数估值数据不同风格谁更低估呢.md,https://drive.google.com/file/d/1J3WAc6_zrJPVBxHTzWx4nRX93PtmE8Gf/view?usp=drivesdk,0.995,今天大盘整体下跌，还是在4.7星级,today_market_statement,auto_high_confidence,Drive/2022/[2022-08-19-2155]8月19日指数估值数据不同风格谁更低估呢.md
2022-08-24,4.8,A股,公众号当日估值文章,realtime,1a9xGptGHtsMy8n1SEsVu18wVG61L1SBP,[2022-08-24-2219]8月24日指数估值数据回到48星级.md,https://drive.google.com/file/d/1a9xGptGHtsMy8n1SEsVu18wVG61L1SBP/view?usp=drivesdk,0.99,回到了4.8星级,opening_state_statement,auto_high_confidence,Drive/2022/[2022-08-24-2219]8月24日指数估值数据回到48星级.md
2022-08-25,4.7,A股,公众号当日估值文章,realtime,1kvCJztAUHSKZ0YR6gtWtYrMKVWe-mxjh,[2022-08-25-2217]8月25日指数估值数据过去这些年出现过哪些上涨行情呢.md,https://drive.google.com/file/d/1kvCJztAUHSKZ0YR6gtWtYrMKVWe-mxjh/view?usp=drivesdk,0.99,回到了4.7星级,opening_state_statement,auto_high_confidence,Drive/2022/[2022-08-25-2217]8月25日指数估值数据过去这些年出现过哪些上涨行情呢.md
2022-08-26,4.8,A股,公众号当日估值文章,realtime,1xL9k2bkXMicYzu3rdrUA9KwvDp_MIf4C,[2022-08-26-2217]8月26日指数估值数据10000只基金怎么选.md,https://drive.google.com/file/d/1xL9k2bkXMicYzu3rdrUA9KwvDp_MIf4C/view?usp=drivesdk,0.99,回到了4.8星级,opening_state_statement,auto_high_confidence,Drive/2022/[2022-08-26-2217]8月26日指数估值数据10000只基金怎么选.md
2022-08-29,4.8,A股,公众号当日估值文章,realtime,18SXFZFjVnfpFrz0AftGreQ3W3IBkt4Hs,[2022-08-29-2213]8月29日指数估值数据横盘震荡考验耐心.md,https://drive.google.com/file/d/18SXFZFjVnfpFrz0AftGreQ3W3IBkt4Hs/view?usp=drivesdk,0.992,目前还是在4.8星级,current_state_statement,auto_high_confidence,Drive/2022/[2022-08-29-2213]8月29日指数估值数据横盘震荡考验耐心.md
2022-08-30,4.8,A股,公众号当日估值文章,realtime,1Kv07BqPLEBHrA6cw4ejObMYh8LbKPTMM,[2022-08-30-2213]8月30日指数估值数据螺丝钉定投实盘第232期投顾组合发车.md,https://drive.google.com/file/d/1Kv07BqPLEBHrA6cw4ejObMYh8LbKPTMM/view?usp=drivesdk,0.992,目前还是在4.8星级,current_state_statement,auto_high_confidence,Drive/2022/[2022-08-30-2213]8月30日指数估值数据螺丝钉定投实盘第232期投顾组合发车.md
2022-08-31,4.8,A股,公众号当日估值文章,realtime,1nqHAYpZPfcgnGvNs03WfZ3BpiWYcWg3G,[2022-08-31-2212]8月31日指数估值数据A股上半年盈利微增.md,https://drive.google.com/file/d/1nqHAYpZPfcgnGvNs03WfZ3BpiWYcWg3G/view?usp=drivesdk,0.992,目前还是在4.8星级,current_state_statement,auto_high_confidence,Drive/2022/[2022-08-31-2212]8月31日指数估值数据A股上半年盈利微增.md
2022-09-01,4.9,A股,公众号当日估值文章,realtime,1-3UpspyEHKlz6lAyh7KDJ1BHyy02PgAI,[2022-09-01-2207]9月1日指数估值数据螺丝钉牛熊信号板来啦.md,https://drive.google.com/file/d/1-3UpspyEHKlz6lAyh7KDJ1BHyy02PgAI/view?usp=drivesdk,1,收盘后，进入到了4.9星级,closing_statement,auto_high_confidence,Drive/2022/[2022-09-01-2207]9月1日指数估值数据螺丝钉牛熊信号板来啦.md
2022-09-02,4.9,A股,公众号当日估值文章,realtime,1FjA1sMwbN51H0SMyL4IDraRBjPRwW12J,[2022-09-02-2220]9月2日指数估值数据风水轮流转.md,https://drive.google.com/file/d/1FjA1sMwbN51H0SMyL4IDraRBjPRwW12J/view?usp=drivesdk,0.995,今天大盘整体波动不大，目前还是在4.9星级,today_market_statement,auto_high_confidence,Drive/2022/[2022-09-02-2220]9月2日指数估值数据风水轮流转.md
2022-09-05,4.9,A股,公众号当日估值文章,realtime,17K0Ss3ym94FEV96MRL5mg-YxYe_qZmYY,[2022-09-05-2218]9月5日指数估值数据分散配置也会分散收益吗.md,https://drive.google.com/file/d/17K0Ss3ym94FEV96MRL5mg-YxYe_qZmYY/view?usp=drivesdk,0.995,今天大盘整体波动不大，还是在4.9星级,today_market_statement,auto_high_confidence,Drive/2022/[2022-09-05-2218]9月5日指数估值数据分散配置也会分散收益吗.md
2022-09-06,4.8,A股,公众号当日估值文章,realtime,1XwcQ2kdr1hQu4_JHDqJsegoV0UzBc9c8,[2022-09-06-2214]9月6日指数估值数据螺丝钉定投实盘第233期投顾组合发车.md,https://drive.google.com/file/d/1XwcQ2kdr1hQu4_JHDqJsegoV0UzBc9c8/view?usp=drivesdk,0.995,今天大盘整体上涨，回到了4.8星级,today_market_statement,auto_high_confidence,Drive/2022/[2022-09-06-2214]9月6日指数估值数据螺丝钉定投实盘第233期投顾组合发车.md
2022-09-07,4.8,A股,公众号当日估值文章,realtime,1TWkEtDRuLXMJjuk4MLtpEBznwUzBdGLi,[2022-09-07-2223]9月7日指数估值数据市场情绪低迷.md,https://drive.google.com/file/d/1TWkEtDRuLXMJjuk4MLtpEBznwUzBdGLi/view?usp=drivesdk,0.992,目前还是在4.8星级,current_state_statement,auto_high_confidence,Drive/2022/[2022-09-07-2223]9月7日指数估值数据市场情绪低迷.md
2022-09-08,4.8,A股,公众号当日估值文章,realtime,1lJLO2TEy1VnMyOsIKCxiWoIFD6Idxf6X,[2022-09-08-2205]9月8日指数估值数据细数历次5星级机会.md,https://drive.google.com/file/d/1lJLO2TEy1VnMyOsIKCxiWoIFD6Idxf6X/view?usp=drivesdk,0.995,今天大盘整体下跌，还是在4.8星级,today_market_statement,auto_high_confidence,Drive/2022/[2022-09-08-2205]9月8日指数估值数据细数历次5星级机会.md
2022-09-09,4.8,A股,公众号当日估值文章,realtime,1qUX_QFL9dldjwP8881FGKmtYwSj-3z-3,[2022-09-09-2222]9月9日指数估值数据投顾组合数量多少合适呢.md,https://drive.google.com/file/d/1qUX_QFL9dldjwP8881FGKmtYwSj-3z-3/view?usp=drivesdk,0.995,今天大盘整体上涨，目前还是在4.8星级,today_market_statement,auto_high_confidence,Drive/2022/[2022-09-09-2222]9月9日指数估值数据投顾组合数量多少合适呢.md
2022-09-13,4.8,A股,公众号当日估值文章,realtime,1JVy827ERA4BLih7_GF4XPnDK1RuLeahs,[2022-09-13-2228]9月13日指数估值数据螺丝钉定投实盘第234期投顾组合发车.md,https://drive.google.com/file/d/1JVy827ERA4BLih7_GF4XPnDK1RuLeahs/view?usp=drivesdk,0.995,今天大盘整体波动不大，目前还是在4.8星级,today_market_statement,auto_high_confidence,Drive/2022/[2022-09-13-2228]9月13日指数估值数据螺丝钉定投实盘第234期投顾组合发车.md
2022-09-14,4.8,A股,公众号当日估值文章,realtime,1289ICEgnMbWIcyHmzGqk7QvR9rngJZKP,[2022-09-14-2219]9月14日指数估值数据美股下跌对我们投资有什么影响.md,https://drive.google.com/file/d/1289ICEgnMbWIcyHmzGqk7QvR9rngJZKP/view?usp=drivesdk,0.992,目前还是在4.8星级,current_state_statement,auto_high_confidence,Drive/2022/[2022-09-14-2219]9月14日指数估值数据美股下跌对我们投资有什么影响.md
2022-09-15,4.9,A股,公众号当日估值文章,realtime,1Tcx2Vjd9ZCa5MhM3X-GPZkZlewN8Zdx0,[2022-09-15-2222]9月15日指数估值数据涨跌分化49星级.md,https://drive.google.com/file/d/1Tcx2Vjd9ZCa5MhM3X-GPZkZlewN8Zdx0/view?usp=drivesdk,0.995,今天大盘整体下跌，回到了4.9星级,today_market_statement,auto_high_confidence,Drive/2022/[2022-09-15-2222]9月15日指数估值数据涨跌分化49星级.md
2022-09-23,5.1,A股,公众号当日估值文章,realtime,1VMGrzkZvPlPMh5OLR4VRI0zM2-xfoicQ,[2022-09-23-2223]9月23日指数估值数据组合有配新能源么.md,https://drive.google.com/file/d/1VMGrzkZvPlPMh5OLR4VRI0zM2-xfoicQ/view?usp=drivesdk,1,截止到收盘，大盘在5.1星级,closing_statement,auto_high_confidence,Drive/2022/[2022-09-23-2223]9月23日指数估值数据组合有配新能源么.md
2022-09-26,5.1,A股,公众号当日估值文章,realtime,10Owf7bOJla6aG9RTHF_x3FabEa9n25m2,[2022-09-26-2222]9月26日指数估值数据基金经理离职了怎么办.md,https://drive.google.com/file/d/10Owf7bOJla6aG9RTHF_x3FabEa9n25m2/view?usp=drivesdk,0.995,今天大盘整体下跌，目前还是在5.1星级,today_market_statement,auto_high_confidence,Drive/2022/[2022-09-26-2222]9月26日指数估值数据基金经理离职了怎么办.md
2022-09-28,5.1,A股,公众号当日估值文章,realtime,100BXbUnkBarHtaQBchvPyX1_lq3uuMj6,[2022-09-28-2222]9月28日指数估值数据超过2000期一起前行.md,https://drive.google.com/file/d/100BXbUnkBarHtaQBchvPyX1_lq3uuMj6/view?usp=drivesdk,0.995,今天大盘整体下跌，目前还是在5.1星级,today_market_statement,auto_high_confidence,Drive/2022/[2022-09-28-2222]9月28日指数估值数据超过2000期一起前行.md
2022-09-29,5.1,A股,公众号当日估值文章,realtime,1gFNdwSss3c5gU1uzOcgaeeny5_AdVflt,[2022-09-29-2205]9月29日指数估值数据如果经济增速放缓对投资有影响吗.md,https://drive.google.com/file/d/1gFNdwSss3c5gU1uzOcgaeeny5_AdVflt/view?usp=drivesdk,0.992,目前还是在5.1星级,current_state_statement,auto_high_confidence,Drive/2022/[2022-09-29-2205]9月29日指数估值数据如果经济增速放缓对投资有影响吗.md
2022-09-30,5.2,A股,公众号当日估值文章,realtime,1nfXtgTd6ZwSmtj9Qq32kFGsxmw4_mVzN,[2022-09-30-2213]9月30日指数估值数据假期安排继续更新.md,https://drive.google.com/file/d/1nfXtgTd6ZwSmtj9Qq32kFGsxmw4_mVzN/view?usp=drivesdk,1,截止到收盘，回到了5.2星级,closing_statement,auto_high_confidence,Drive/2022/[2022-09-30-2213]9月30日指数估值数据假期安排继续更新.md
2022-10-10,5.2,A股,公众号当日估值文章,realtime,1iuRdTpRbyIpi217TlPFzn-Q97cVh7I2i,[2022-10-10-2223]10月10日指数估值数据10月螺丝钉牛熊信号板.md,https://drive.google.com/file/d/1iuRdTpRbyIpi217TlPFzn-Q97cVh7I2i/view?usp=drivesdk,0.992,目前还是在5.2星级,current_state_statement,auto_high_confidence,Drive/2022/[2022-10-10-2223]10月10日指数估值数据10月螺丝钉牛熊信号板.md
2022-10-11,5.2,A股,公众号当日估值文章,realtime,1rlmWzSBheCORW6fh8j9DoG1fq_O8_p94,[2022-10-11-2219]10月11日指数估值数据螺丝钉定投实盘第237期投顾组合发车.md,https://drive.google.com/file/d/1rlmWzSBheCORW6fh8j9DoG1fq_O8_p94/view?usp=drivesdk,0.995,今天大盘波动不大，还是在5.2星级,today_market_statement,auto_high_confidence,Drive/2022/[2022-10-11-2219]10月11日指数估值数据螺丝钉定投实盘第237期投顾组合发车.md
2022-10-12,5.1,A股,公众号当日估值文章,realtime,1LUsJiQT-u7svKZFD9mvTkZmQSFsGGeru,[2022-10-12-2219]10月12日指数估值数据低估的品种有投资价值么.md,https://drive.google.com/file/d/1LUsJiQT-u7svKZFD9mvTkZmQSFsGGeru/view?usp=drivesdk,0.99,回到了5.1星级,opening_state_statement,auto_high_confidence,Drive/2022/[2022-10-12-2219]10月12日指数估值数据低估的品种有投资价值么.md
2022-10-19,5.1,A股,公众号当日估值文章,realtime,1FsPFOfEjDOHDM5zbT_KvkNGqdRmsm1rC,[2022-10-19-2220]10月19日指数估值数据该如何分散配置呢.md,https://drive.google.com/file/d/1FsPFOfEjDOHDM5zbT_KvkNGqdRmsm1rC/view?usp=drivesdk,1,收盘时又回到了5.1星级,closing_statement,auto_high_confidence,Drive/2022/[2022-10-19-2220]10月19日指数估值数据该如何分散配置呢.md
2022-10-20,5.1,A股,公众号当日估值文章,realtime,1IkRZW45ChCtBZiZQlo6oFyeLAlYpt_rm,[2022-10-20-2212]10月20日指数估值数据低估品种的上涨也有先有后.md,https://drive.google.com/file/d/1IkRZW45ChCtBZiZQlo6oFyeLAlYpt_rm/view?usp=drivesdk,0.992,目前还是在5.1星级,current_state_statement,auto_high_confidence,Drive/2022/[2022-10-20-2212]10月20日指数估值数据低估品种的上涨也有先有后.md
2022-10-21,5.1,A股,公众号当日估值文章,realtime,1pSw4TKd24-r3WEumpvqtkTtStkalzImA,[2022-10-21-2214]10月21日指数估值数据成为耐心的投资者.md,https://drive.google.com/file/d/1pSw4TKd24-r3WEumpvqtkTtStkalzImA/view?usp=drivesdk,0.992,目前还是在5.1星级,current_state_statement,auto_high_confidence,Drive/2022/[2022-10-21-2214]10月21日指数估值数据成为耐心的投资者.md
2022-10-24,5.2,A股,公众号当日估值文章,realtime,1xurdereOOUF1T8DFQ1kYiQENWr_21Cx_,[2022-10-24-2205]10月24日指数估值数据回到52星级.md,https://drive.google.com/file/d/1xurdereOOUF1T8DFQ1kYiQENWr_21Cx_/view?usp=drivesdk,0.995,今天大盘整体下跌，也回到了5.2星级,today_market_statement,auto_high_confidence,Drive/2022/[2022-10-24-2205]10月24日指数估值数据回到52星级.md
2022-10-25,5.2,A股,公众号当日估值文章,realtime,1iCjY5k3EcLPsjLfBQhr10Hng0pvQQo_g,[2022-10-25-2146]10月25日指数估值数据螺丝钉定投实盘第239期投顾组合发车.md,https://drive.google.com/file/d/1iCjY5k3EcLPsjLfBQhr10Hng0pvQQo_g/view?usp=drivesdk,0.992,目前还是在5.2星级,current_state_statement,auto_high_confidence,Drive/2022/[2022-10-25-2146]10月25日指数估值数据螺丝钉定投实盘第239期投顾组合发车.md
2022-10-28,5.3,A股,公众号当日估值文章,realtime,16rLQF7YPe7V32AtGDwscNavqV0bvtrzM,[2022-10-28-2218]10月28日指数估值数据53星级amp新旧能源波动大.md,https://drive.google.com/file/d/16rLQF7YPe7V32AtGDwscNavqV0bvtrzM/view?usp=drivesdk,0.99,回到了5.3星级,opening_state_statement,auto_high_confidence,Drive/2022/[2022-10-28-2218]10月28日指数估值数据53星级amp新旧能源波动大.md
2022-10-31,5.3,A股,公众号当日估值文章,realtime,1UFlr-_GuikgX-OOfOgiHnY68sdGGhM1P,[2022-10-31-2212]10月31日指数估值数据涨跌分化大盘股指数重回4月底.md,https://drive.google.com/file/d/1UFlr-_GuikgX-OOfOgiHnY68sdGGhM1P/view?usp=drivesdk,0.992,目前还是在5.3星级,current_state_statement,auto_high_confidence,Drive/2022/[2022-10-31-2212]10月31日指数估值数据涨跌分化大盘股指数重回4月底.md
2022-11-03,5.1,A股,公众号当日估值文章,realtime,1z8lZ4gKoiNFVJXRGJ4x2pFnrrcupD3Ih,[2022-11-03-2138]11月3日指数估值数据美股又加息对我们投资有什么影响amp组合调仓计划.md,https://drive.google.com/file/d/1z8lZ4gKoiNFVJXRGJ4x2pFnrrcupD3Ih/view?usp=drivesdk,0.992,目前还是在5.1星级,current_state_statement,auto_high_confidence,Drive/2022/[2022-11-03-2138]11月3日指数估值数据美股又加息对我们投资有什么影响amp组合调仓计划.md
2022-11-10,5.1,A股,公众号当日估值文章,realtime,1_QMtKy7AWUT5cBLZY_iwkY9Le1dVh8Iv,[2022-11-10-2137]11月10日指数估值数据回到51星级amp双重购书福利.md,https://drive.google.com/file/d/1_QMtKy7AWUT5cBLZY_iwkY9Le1dVh8Iv/view?usp=drivesdk,1,截止到收盘，又回到了5.1星级,closing_statement,auto_high_confidence,Drive/2022/[2022-11-10-2137]11月10日指数估值数据回到51星级amp双重购书福利.md
2022-11-15,4.9,A股,公众号当日估值文章,realtime,13iNa8AOLDNNkxAK3cKgWPkKIPKnNeYOF,[2022-11-15-2121]11月15日指数估值数据走出5星级amp螺丝钉定投实盘第242期投顾组合发车.md,https://drive.google.com/file/d/13iNa8AOLDNNkxAK3cKgWPkKIPKnNeYOF/view?usp=drivesdk,1,截止到收盘，回到4.9星级,closing_statement,auto_high_confidence,Drive/2022/[2022-11-15-2121]11月15日指数估值数据走出5星级amp螺丝钉定投实盘第242期投顾组合发车.md
2022-11-28,5.1,A股,公众号当日估值文章,realtime,1sVJK_svC9nHkDhX6_4HExoaPUi3Uh2vh,[2022-11-28-2147]11月28日指数估值数据个人养老金该如何投资.md,https://drive.google.com/file/d/1sVJK_svC9nHkDhX6_4HExoaPUi3Uh2vh/view?usp=drivesdk,1,截止到收盘，在5.1星级,closing_statement,auto_high_confidence,Drive/2022/[2022-11-28-2147]11月28日指数估值数据个人养老金该如何投资.md
2022-12-01,4.9,A股,公众号当日估值文章,realtime,1eePeEKr7tmGtX5p5jRRgn5p7LqpVv8y8,[2022-12-01-2120]12月1日指数估值数据再次进入49星级.md,https://drive.google.com/file/d/1eePeEKr7tmGtX5p5jRRgn5p7LqpVv8y8/view?usp=drivesdk,1,截止到收盘， 大盘重新回到了4.9星级,closing_statement,auto_high_confidence,Drive/2022/[2022-12-01-2120]12月1日指数估值数据再次进入49星级.md
2022-12-02,4.9,A股,公众号当日估值文章,realtime,1u0VDf4OWtzw5iPei2zMa3-ko4ZvsUISN,[2022-12-02-2125]12月2日指数估值数据红利指数规则又有哪些变化.md,https://drive.google.com/file/d/1u0VDf4OWtzw5iPei2zMa3-ko4ZvsUISN/view?usp=drivesdk,0.995,今天大盘先涨后跌，目前还是在4.9星级,today_market_statement,auto_high_confidence,Drive/2022/[2022-12-02-2125]12月2日指数估值数据红利指数规则又有哪些变化.md
2022-12-05,4.9,A股,公众号当日估值文章,realtime,1mtiNWGdRrL1fn4D-UgFLotjTzvEK-dOF,[2022-12-05-2137]12月5日指数估值数据5星级啥时候还会再回来.md,https://drive.google.com/file/d/1mtiNWGdRrL1fn4D-UgFLotjTzvEK-dOF/view?usp=drivesdk,0.992,目前还是在4.9星级,current_state_statement,auto_high_confidence,Drive/2022/[2022-12-05-2137]12月5日指数估值数据5星级啥时候还会再回来.md
2022-12-06,4.9,A股,公众号当日估值文章,realtime,1e2boyEqxVvROUhYaN4t-yKq2VV8yyHwE,[2022-12-06-2132]12月6日指数估值数据螺丝钉定投实盘第245期投顾组合发车.md,https://drive.google.com/file/d/1e2boyEqxVvROUhYaN4t-yKq2VV8yyHwE/view?usp=drivesdk,1,截止到收盘，大盘微涨，目前还是在4.9星级,closing_statement,auto_high_confidence,Drive/2022/[2022-12-06-2132]12月6日指数估值数据螺丝钉定投实盘第245期投顾组合发车.md
2022-12-07,4.9,A股,公众号当日估值文章,realtime,1mWTOkP8E5rKYvZjYQezHCMbB40Xfj91u,[2022-12-07-2138]12月7日指数估值数据12月螺丝钉牛熊信号板.md,https://drive.google.com/file/d/1mWTOkP8E5rKYvZjYQezHCMbB40Xfj91u/view?usp=drivesdk,0.992,目前还是在4.9星级,current_state_statement,auto_high_confidence,Drive/2022/[2022-12-07-2138]12月7日指数估值数据12月螺丝钉牛熊信号板.md
2022-12-08,4.9,A股,公众号当日估值文章,realtime,1-mDG5ikgT8AvQgE869k_7ELsYCFqEvdX,[2022-12-08-2136]12月8日指数估值数据美股美债目前几星级.md,https://drive.google.com/file/d/1-mDG5ikgT8AvQgE869k_7ELsYCFqEvdX/view?usp=drivesdk,0.995,今天大盘整体波动不大，还是在4.9星级,today_market_statement,auto_high_confidence,Drive/2022/[2022-12-08-2136]12月8日指数估值数据美股美债目前几星级.md
2022-12-09,4.9,A股,公众号当日估值文章,realtime,1v_i4649HsTFpfhmOw5vdIvDfq8-TXKmz,[2022-12-09-2146]12月9日指数估值数据上涨时要跟上指数.md,https://drive.google.com/file/d/1v_i4649HsTFpfhmOw5vdIvDfq8-TXKmz/view?usp=drivesdk,0.992,目前还是在4.9星级,current_state_statement,auto_high_confidence,Drive/2022/[2022-12-09-2146]12月9日指数估值数据上涨时要跟上指数.md
2022-12-12,4.9,A股,公众号当日估值文章,realtime,1ktI4p1_6PSWLUpqzZ0rv_TYp1N2RSb77,[2022-12-12-2127]12月12日指数估值数据成为杨过怎么办分享一些朋友的经历.md,https://drive.google.com/file/d/1ktI4p1_6PSWLUpqzZ0rv_TYp1N2RSb77/view?usp=drivesdk,0.995,今天大盘整体下跌，目前还是在4.9星级,today_market_statement,auto_high_confidence,Drive/2022/[2022-12-12-2127]12月12日指数估值数据成为杨过怎么办分享一些朋友的经历.md
2022-12-13,4.9,A股,公众号当日估值文章,realtime,1k_mv-b9e7vH4UAdW6qwoOFon2Tl4U-G3,[2022-12-13-2135]12月13日指数估值数据螺丝钉定投实盘第246期投顾组合发车.md,https://drive.google.com/file/d/1k_mv-b9e7vH4UAdW6qwoOFon2Tl4U-G3/view?usp=drivesdk,1,截止到收盘，大盘还是在4.9星级,closing_statement,auto_high_confidence,Drive/2022/[2022-12-13-2135]12月13日指数估值数据螺丝钉定投实盘第246期投顾组合发车.md
2022-12-14,4.9,A股,公众号当日估值文章,realtime,1MIxTHtJHlU9Ybzffy29T2CZqfhb20yCP,[2022-12-14-2140]12月14日指数估值数据美股通货膨胀率下降意味着什么.md,https://drive.google.com/file/d/1MIxTHtJHlU9Ybzffy29T2CZqfhb20yCP/view?usp=drivesdk,0.992,目前还是在4.9星级,current_state_statement,auto_high_confidence,Drive/2022/[2022-12-14-2140]12月14日指数估值数据美股通货膨胀率下降意味着什么.md
2022-12-15,4.9,A股,公众号当日估值文章,realtime,1262noZSzzczw7Jx11-8KVeUWHdDedT2U,[2022-12-15-2147]12月15日指数估值数据消费行业还有投资价值吗.md,https://drive.google.com/file/d/1262noZSzzczw7Jx11-8KVeUWHdDedT2U/view?usp=drivesdk,0.995,今天大盘整体波动不大，目前还是在4.9星级,today_market_statement,auto_high_confidence,Drive/2022/[2022-12-15-2147]12月15日指数估值数据消费行业还有投资价值吗.md
2022-12-16,4.9,A股,公众号当日估值文章,realtime,1r5rjGPjHLBpAwwDIexOWlqFUaLYMv9Re,[2022-12-16-2142]12月16日指数估值数据REITS指数来啦它有投资价值吗.md,https://drive.google.com/file/d/1r5rjGPjHLBpAwwDIexOWlqFUaLYMv9Re/view?usp=drivesdk,1,到收盘，还是在4.9星级,closing_statement,auto_high_confidence,Drive/2022/[2022-12-16-2142]12月16日指数估值数据REITS指数来啦它有投资价值吗.md
2022-12-22,5.1,A股,公众号当日估值文章,realtime,1uNoH7leiii3pUUIYF_G7LP-itPzfhfSJ,[2022-12-22-2132]12月22日指数估值数据如果出现金融危机对我们的投资有什么影响.md,https://drive.google.com/file/d/1uNoH7leiii3pUUIYF_G7LP-itPzfhfSJ/view?usp=drivesdk,1,截止到收盘，在5.1星级,closing_statement,auto_high_confidence,Drive/2022/[2022-12-22-2132]12月22日指数估值数据如果出现金融危机对我们的投资有什么影响.md
2022-12-23,5.1,A股,公众号当日估值文章,realtime,1Ps0S_J_UuwL4cZadpVK-4yW8Y0d2y3-7,[2022-12-23-2130]12月23日指数估值数据美股有低估机会了吗.md,https://drive.google.com/file/d/1Ps0S_J_UuwL4cZadpVK-4yW8Y0d2y3-7/view?usp=drivesdk,0.992,目前还是在5.1星级,current_state_statement,auto_high_confidence,Drive/2022/[2022-12-23-2130]12月23日指数估值数据美股有低估机会了吗.md
2022-12-26,5.1,A股,公众号当日估值文章,realtime,10zVOvQTR0zP85kWL4z6pnxZrbYSvqPK9,[2022-12-26-2151]12月26日指数估值数据从5星级到3星级收益会如何呢.md,https://drive.google.com/file/d/10zVOvQTR0zP85kWL4z6pnxZrbYSvqPK9/view?usp=drivesdk,1,截止到收盘，还是在5.1星级,closing_statement,auto_high_confidence,Drive/2022/[2022-12-26-2151]12月26日指数估值数据从5星级到3星级收益会如何呢.md
2022-12-29,5.4,A股,公众号当日估值文章,realtime,1pWF279Zo0bGsTRJQxROctVE1d9A65tKB,[2022-12-29-2146]12月29日指数估值数据买基金也能亏9成都是这个操作惹的祸.md,https://drive.google.com/file/d/1pWF279Zo0bGsTRJQxROctVE1d9A65tKB/view?usp=drivesdk,0.99,回到5.4星级,opening_state_statement,auto_high_confidence,Drive/2022/[2022-12-29-2146]12月29日指数估值数据买基金也能亏9成都是这个操作惹的祸.md
2023-01-05,4.9,A股,公众号当日估值文章,realtime,19JMsQOaHtqDApRMvIrwzj9SBpRBvzLAu,[2023-01-05-2152]1月5日指数估值数据上涨了还在5星级么.md,https://drive.google.com/file/d/19JMsQOaHtqDApRMvIrwzj9SBpRBvzLAu/view?usp=drivesdk,1,截止到收盘，回到了4.9星级,closing_statement,auto_high_confidence,Drive/2023/[2023-01-05-2152]1月5日指数估值数据上涨了还在5星级么.md
2023-01-06,4.9,A股,公众号当日估值文章,realtime,1SLDLs0tShYpoCmdHLhPEsmg7PTgf1t4j,[2023-01-06-2126]1月6日指数估值数据美股低估了吗.md,https://drive.google.com/file/d/1SLDLs0tShYpoCmdHLhPEsmg7PTgf1t4j/view?usp=drivesdk,1,截止到收盘，大盘在4.9星级,closing_statement,auto_high_confidence,Drive/2023/[2023-01-06-2126]1月6日指数估值数据美股低估了吗.md
2023-01-09,4.9,A股,公众号当日估值文章,realtime,16AMyGeQ8WAD4JkxRRUoPPo_A1Zjcaesq,[2023-01-09-2149]1月9日指数估值数据反弹了上涨的是什么品种呢.md,https://drive.google.com/file/d/16AMyGeQ8WAD4JkxRRUoPPo_A1Zjcaesq/view?usp=drivesdk,1,截止到收盘，大盘在4.9星级,closing_statement,auto_high_confidence,Drive/2023/[2023-01-09-2149]1月9日指数估值数据反弹了上涨的是什么品种呢.md
2023-01-10,4.9,A股,公众号当日估值文章,realtime,1HMcUy83ElA4-PF2JuhgqE2Ng3GOUYRri,[2023-01-10-2138]1月10日指数估值数据螺丝钉定投实盘第250期投顾组合发车.md,https://drive.google.com/file/d/1HMcUy83ElA4-PF2JuhgqE2Ng3GOUYRri/view?usp=drivesdk,0.992,目前还是在4.9星级,current_state_statement,auto_high_confidence,Drive/2023/[2023-01-10-2138]1月10日指数估值数据螺丝钉定投实盘第250期投顾组合发车.md
2023-01-11,4.9,A股,公众号当日估值文章,realtime,1G5hmb5ISaYPrtnsw7X0f0E6BReYVMKMu,[2023-01-11-2156]1月11日指数估值数据A股港股反弹了还有投资价值吗.md,https://drive.google.com/file/d/1G5hmb5ISaYPrtnsw7X0f0E6BReYVMKMu/view?usp=drivesdk,0.995,今天大盘整体微跌，还是在4.9星级,today_market_statement,auto_high_confidence,Drive/2023/[2023-01-11-2156]1月11日指数估值数据A股港股反弹了还有投资价值吗.md
2023-01-12,4.9,A股,公众号当日估值文章,realtime,1TSqYuBANlq3cj4fztkOCc7BTHhKYc8JF,[2023-01-12-2222]1月12日指数估值数据投资者的收益为啥比投顾组合更好一些.md,https://drive.google.com/file/d/1TSqYuBANlq3cj4fztkOCc7BTHhKYc8JF/view?usp=drivesdk,0.992,目前还是在4.9星级,current_state_statement,auto_high_confidence,Drive/2023/[2023-01-12-2222]1月12日指数估值数据投资者的收益为啥比投顾组合更好一些.md
2023-01-13,4.9,A股,公众号当日估值文章,realtime,1eyYHh9gbo5j_cxNeC6Hx6pfTEAjmNcSP,[2023-01-13-2126]1月13日指数估值数据市场连续上涨跟经济复苏有啥关系呢.md,https://drive.google.com/file/d/1eyYHh9gbo5j_cxNeC6Hx6pfTEAjmNcSP/view?usp=drivesdk,1,截止到收盘，还是在4.9星级,closing_statement,auto_high_confidence,Drive/2023/[2023-01-13-2126]1月13日指数估值数据市场连续上涨跟经济复苏有啥关系呢.md
2023-01-16,4.8,A股,公众号当日估值文章,realtime,1ozpm-ke877r1q3WnXhWgGvdxFhV4N5sc,[2023-01-16-2154]1月16日指数估值数据涨到48星级.md,https://drive.google.com/file/d/1ozpm-ke877r1q3WnXhWgGvdxFhV4N5sc/view?usp=drivesdk,0.99,回到了4.8星级,opening_state_statement,auto_high_confidence,Drive/2023/[2023-01-16-2154]1月16日指数估值数据涨到48星级.md
2023-01-17,4.8,A股,公众号当日估值文章,realtime,1ZscrJcOrhrXr-_EBDUFbUQsEGas3_8gC,[2023-01-17-2124]1月17日指数估值数据螺丝钉定投实盘第251期投顾组合发车.md,https://drive.google.com/file/d/1ZscrJcOrhrXr-_EBDUFbUQsEGas3_8gC/view?usp=drivesdk,0.995,今天大盘整体微跌，波动不大，还是在4.8星级,today_market_statement,auto_high_confidence,Drive/2023/[2023-01-17-2124]1月17日指数估值数据螺丝钉定投实盘第251期投顾组合发车.md
2023-01-18,4.8,A股,公众号当日估值文章,realtime,1Kw_F8dxvVrjYZmX4cfpwpHrJ2ROCS3wV,[2023-01-18-2139]1月18日指数估值数据A股被外资抄底了么.md,https://drive.google.com/file/d/1Kw_F8dxvVrjYZmX4cfpwpHrJ2ROCS3wV/view?usp=drivesdk,0.995,今天大盘整体波动不大，还是在4.8星级,today_market_statement,auto_high_confidence,Drive/2023/[2023-01-18-2139]1月18日指数估值数据A股被外资抄底了么.md
2023-01-19,4.8,A股,公众号当日估值文章,realtime,17fkU9Ba5H_sCX-q9TUjqDdq4X8Jj11zk,[2023-01-19-2130]1月19日指数估值数据外资买入最多的A股是什么.md,https://drive.google.com/file/d/17fkU9Ba5H_sCX-q9TUjqDdq4X8Jj11zk/view?usp=drivesdk,1,截止到收盘，大盘微涨，还是在4.8星级,closing_statement,auto_high_confidence,Drive/2023/[2023-01-19-2130]1月19日指数估值数据外资买入最多的A股是什么.md
2023-01-20,4.8,A股,公众号当日估值文章,realtime,1HiIabk1WtRtAg5YScRMeQs_u3yo-2_gw,[2023-01-20-2143]1月20日指数估值数据假期开始要持股过节么免费领红包封面.md,https://drive.google.com/file/d/1HiIabk1WtRtAg5YScRMeQs_u3yo-2_gw/view?usp=drivesdk,1,收盘，大盘在4.8星级,closing_statement,auto_high_confidence,Drive/2023/[2023-01-20-2143]1月20日指数估值数据假期开始要持股过节么免费领红包封面.md
2023-01-30,4.7,A股,公众号当日估值文章,realtime,1ZvsTW0YoUSELNvYHun5apJU82i0qpp8D,[2023-01-30-2130]1月30日指数估值数据上涨了要回本出吗.md,https://drive.google.com/file/d/1ZvsTW0YoUSELNvYHun5apJU82i0qpp8D/view?usp=drivesdk,1,截止到收盘，大盘处于4.7星级,closing_statement,auto_high_confidence,Drive/2023/[2023-01-30-2130]1月30日指数估值数据上涨了要回本出吗.md
2023-01-31,4.8,A股,公众号当日估值文章,realtime,1asTsSnoTD4YeZH7ExRCUsAI2kDguzvIT,[2023-01-31-2125]1月31日指数估值数据螺丝钉定投实盘第252期投顾组合发车.md,https://drive.google.com/file/d/1asTsSnoTD4YeZH7ExRCUsAI2kDguzvIT/view?usp=drivesdk,0.992,目前在4.8星级,current_state_statement,auto_high_confidence,Drive/2023/[2023-01-31-2125]1月31日指数估值数据螺丝钉定投实盘第252期投顾组合发车.md
2023-02-01,4.7,A股,公众号当日估值文章,realtime,1QGBX4E_N51K8h-NXPPg3BSxWyDaWCmLA,[2023-02-01-2142]2月1日指数估值数据全面注册制来了.md,https://drive.google.com/file/d/1QGBX4E_N51K8h-NXPPg3BSxWyDaWCmLA/view?usp=drivesdk,0.99,回到了4.7星级,opening_state_statement,auto_high_confidence,Drive/2023/[2023-02-01-2142]2月1日指数估值数据全面注册制来了.md
2023-02-02,4.7,A股,公众号当日估值文章,realtime,13RqSFXxKWdwLd_JhI5eZfwKH-utSX2SE,[2023-02-02-2149]2月2日指数估值数据全面注册制对我们投资有什么影响.md,https://drive.google.com/file/d/13RqSFXxKWdwLd_JhI5eZfwKH-utSX2SE/view?usp=drivesdk,0.995,今天大盘整体微跌，目前还是在4.7星级,today_market_statement,auto_high_confidence,Drive/2023/[2023-02-02-2149]2月2日指数估值数据全面注册制对我们投资有什么影响.md
2023-02-03,4.7,A股,公众号当日估值文章,realtime,1WB0QD4u-E64ag0__cFnriwLqPCQG8WW4,[2023-02-03-2132]2月3日指数估值数据要回调了么.md,https://drive.google.com/file/d/1WB0QD4u-E64ag0__cFnriwLqPCQG8WW4/view?usp=drivesdk,1,截止到收盘还是4.7星级,closing_statement,auto_high_confidence,Drive/2023/[2023-02-03-2132]2月3日指数估值数据要回调了么.md
2023-02-06,4.8,A股,公众号当日估值文章,realtime,1T9P8-la7mJXCqPoxVDz51TNxGiNOLESI,[2023-02-06-2109]2月6日指数估值数据回到48星级.md,https://drive.google.com/file/d/1T9P8-la7mJXCqPoxVDz51TNxGiNOLESI/view?usp=drivesdk,1,截止到收盘，回到了4.8星级,closing_statement,auto_high_confidence,Drive/2023/[2023-02-06-2109]2月6日指数估值数据回到48星级.md
2023-02-08,4.8,A股,公众号当日估值文章,realtime,1VhJWq-yolIRi3E0kVz6SROOuGq3Fbq3c,[2023-02-08-2122]2月8日指数估值数据成长和价值哪个风格表现更好.md,https://drive.google.com/file/d/1VhJWq-yolIRi3E0kVz6SROOuGq3Fbq3c/view?usp=drivesdk,1,截止到收盘，大盘在4.8星级,closing_statement,auto_high_confidence,Drive/2023/[2023-02-08-2122]2月8日指数估值数据成长和价值哪个风格表现更好.md
2023-02-09,4.7,A股,公众号当日估值文章,realtime,1bO9MFsWPE126GUI2igOndmiIvsuo-F4E,[2023-02-09-2123]2月9日指数估值数据投资股票基金谁在赚钱谁在亏钱.md,https://drive.google.com/file/d/1bO9MFsWPE126GUI2igOndmiIvsuo-F4E/view?usp=drivesdk,1,截止到收盘，大盘又回到了4.7星级,closing_statement,auto_high_confidence,Drive/2023/[2023-02-09-2123]2月9日指数估值数据投资股票基金谁在赚钱谁在亏钱.md
2023-02-10,4.8,A股,公众号当日估值文章,realtime,1y_Jc1XPX9ODbAD6qqyPzLa_Cka35wUpC,[2023-02-10-2119]2月10日指数估值数据主动优选和指数增强哪个收益更好呢.md,https://drive.google.com/file/d/1y_Jc1XPX9ODbAD6qqyPzLa_Cka35wUpC/view?usp=drivesdk,1,截止到收盘，又回到4.8星级,closing_statement,auto_high_confidence,Drive/2023/[2023-02-10-2119]2月10日指数估值数据主动优选和指数增强哪个收益更好呢.md
2023-02-13,4.7,A股,公众号当日估值文章,realtime,1InmkmM5QZMUmIyGcpMnDdsp8-0UOfjfe,[2023-02-13-2046]2月13日指数估值数据ChatGPT会替代基金经理吗.md,https://drive.google.com/file/d/1InmkmM5QZMUmIyGcpMnDdsp8-0UOfjfe/view?usp=drivesdk,0.995,今天大盘低开高走，又回到了4.7星级,today_market_statement,auto_high_confidence,Drive/2023/[2023-02-13-2046]2月13日指数估值数据ChatGPT会替代基金经理吗.md
2023-02-14,4.7,A股,公众号当日估值文章,realtime,1dmw-AxKjBXzelNmvQx5jXcO2oTYwFcjf,[2023-02-14-2045]2月14日指数估值数据螺丝钉定投实盘第254期投顾组合发车.md,https://drive.google.com/file/d/1dmw-AxKjBXzelNmvQx5jXcO2oTYwFcjf/view?usp=drivesdk,1,截止到收盘，还是在4.7星级,closing_statement,auto_high_confidence,Drive/2023/[2023-02-14-2045]2月14日指数估值数据螺丝钉定投实盘第254期投顾组合发车.md
2023-02-15,4.7,A股,公众号当日估值文章,realtime,1WgyxsPFUuHiX3zafkZILNO09-BxtLWSc,[2023-02-15-2033]2月15日指数估值数据怎样才算富有呢.md,https://drive.google.com/file/d/1WgyxsPFUuHiX3zafkZILNO09-BxtLWSc/view?usp=drivesdk,1,截止到收盘，大盘还是在4.7星级,closing_statement,auto_high_confidence,Drive/2023/[2023-02-15-2033]2月15日指数估值数据怎样才算富有呢.md
2023-02-16,4.8,A股,公众号当日估值文章,realtime,1cvARO1W6JzgrK9gJTgDC0pbenuLdQYfz,[2023-02-16-2037]2月16日指数估值数据跳水了咋回事.md,https://drive.google.com/file/d/1cvARO1W6JzgrK9gJTgDC0pbenuLdQYfz/view?usp=drivesdk,1,到收盘的时候，回到4.8星级,closing_statement,auto_high_confidence,Drive/2023/[2023-02-16-2037]2月16日指数估值数据跳水了咋回事.md
2023-02-20,4.7,A股,公众号当日估值文章,realtime,1H5pS20gsGgrR9usIctix2DN1mBrgZnr-,[2023-02-20-2036]2月20日指数估值数据大涨的一天.md,https://drive.google.com/file/d/1H5pS20gsGgrR9usIctix2DN1mBrgZnr-/view?usp=drivesdk,1,截止收盘，又回到了4.7星级,closing_statement,auto_high_confidence,Drive/2023/[2023-02-20-2036]2月20日指数估值数据大涨的一天.md
2023-02-21,4.7,A股,公众号当日估值文章,realtime,1F_qPaQSEESMNsCtCc-i8YDZ2Gv8tsed_,[2023-02-21-2057]2月21日指数估值数据螺丝钉定投实盘第255期投顾组合发车.md,https://drive.google.com/file/d/1F_qPaQSEESMNsCtCc-i8YDZ2Gv8tsed_/view?usp=drivesdk,1,截止到收盘，还是在4.7星级,closing_statement,auto_high_confidence,Drive/2023/[2023-02-21-2057]2月21日指数估值数据螺丝钉定投实盘第255期投顾组合发车.md
2023-02-22,4.7,A股,公众号当日估值文章,realtime,14-PC4HDd_Sg_Iow5VE9ptj7jawgOE7EQ,[2023-02-22-2055]2月22日指数估值数据美股下跌对我们有影响么.md,https://drive.google.com/file/d/14-PC4HDd_Sg_Iow5VE9ptj7jawgOE7EQ/view?usp=drivesdk,1,截止到收盘，还是在4.7星级,closing_statement,auto_high_confidence,Drive/2023/[2023-02-22-2055]2月22日指数估值数据美股下跌对我们有影响么.md
2023-02-23,4.7,A股,公众号当日估值文章,realtime,1_3JFxwbCh8QhtE1o_17iOkdQI-zC_Ywi,[2023-02-23-2108]2月23日指数估值数据基金经理离职潮对我们影响大么.md,https://drive.google.com/file/d/1_3JFxwbCh8QhtE1o_17iOkdQI-zC_Ywi/view?usp=drivesdk,0.995,今天大盘波动不大，还是在4.7星级,today_market_statement,auto_high_confidence,Drive/2023/[2023-02-23-2108]2月23日指数估值数据基金经理离职潮对我们影响大么.md
2023-02-24,4.8,A股,公众号当日估值文章,realtime,13noUA4xr5Jij97mby2NGfK-yRknqELlx,[2023-02-24-2053]2月24日指数估值数据投顾人生会是什么样.md,https://drive.google.com/file/d/13noUA4xr5Jij97mby2NGfK-yRknqELlx/view?usp=drivesdk,1,截止到收盘，又回到了4.8星级,closing_statement,auto_high_confidence,Drive/2023/[2023-02-24-2053]2月24日指数估值数据投顾人生会是什么样.md
2023-02-27,4.8,A股,公众号当日估值文章,realtime,1oDgrR3g7dD10JmXXNhiaoaV9KrsYDc6I,[2023-02-27-2053]2月27日指数估值数据这种提前退休的计划你喜欢么.md,https://drive.google.com/file/d/1oDgrR3g7dD10JmXXNhiaoaV9KrsYDc6I/view?usp=drivesdk,1,截止到收盘，大盘还是在4.8星级,closing_statement,auto_high_confidence,Drive/2023/[2023-02-27-2053]2月27日指数估值数据这种提前退休的计划你喜欢么.md
2023-03-01,4.7,A股,公众号当日估值文章,realtime,190xQ43OAOZSePka-XJFguUEff-0xi_7y,[2023-03-01-2103]3月1日指数估值数据涨到47星级.md,https://drive.google.com/file/d/190xQ43OAOZSePka-XJFguUEff-0xi_7y/view?usp=drivesdk,1,截止到收盘，又回到了4.7星级,closing_statement,auto_high_confidence,Drive/2023/[2023-03-01-2103]3月1日指数估值数据涨到47星级.md
2023-03-02,4.7,A股,公众号当日估值文章,realtime,1CNZMx-qBzhf1KpPC4qFP-Gfn6syVAtmP,[2023-03-02-2052]3月2日指数估值数据经济数据好转对我们投资有影响吗.md,https://drive.google.com/file/d/1CNZMx-qBzhf1KpPC4qFP-Gfn6syVAtmP/view?usp=drivesdk,0.995,今天大盘波动不大，还是在4.7星级,today_market_statement,auto_high_confidence,Drive/2023/[2023-03-02-2052]3月2日指数估值数据经济数据好转对我们投资有影响吗.md
2023-03-03,4.7,A股,公众号当日估值文章,realtime,1WzL87p5L7lJEoyKKBUWmTlWkPtyW9I-b,[2023-03-03-2056]3月3日指数估值数据长期持有拿现金流能实现吗.md,https://drive.google.com/file/d/1WzL87p5L7lJEoyKKBUWmTlWkPtyW9I-b/view?usp=drivesdk,0.995,今天大盘整体波动不大，还是在4.7星级,today_market_statement,auto_high_confidence,Drive/2023/[2023-03-03-2056]3月3日指数估值数据长期持有拿现金流能实现吗.md
2023-03-07,4.8,A股,公众号当日估值文章,realtime,1-B5rm0K88jnhFagHL0BEtgb62KxiRDhN,[2023-03-07-2104]3月7日指数估值数据螺丝钉定投实盘第257期投顾组合发车.md,https://drive.google.com/file/d/1-B5rm0K88jnhFagHL0BEtgb62KxiRDhN/view?usp=drivesdk,1,截止到收盘，大盘又回到了4.8星级,closing_statement,auto_high_confidence,Drive/2023/[2023-03-07-2104]3月7日指数估值数据螺丝钉定投实盘第257期投顾组合发车.md
2023-03-08,4.8,A股,公众号当日估值文章,realtime,11VM8qaNQEh0MyyFgGKctBFJipiIZTEaP,[2023-03-08-2110]3月8日指数估值数据女性投资比男性收益更高吗.md,https://drive.google.com/file/d/11VM8qaNQEh0MyyFgGKctBFJipiIZTEaP/view?usp=drivesdk,0.992,目前还是在4.8星级,current_state_statement,auto_high_confidence,Drive/2023/[2023-03-08-2110]3月8日指数估值数据女性投资比男性收益更高吗.md
2023-03-09,4.8,A股,公众号当日估值文章,realtime,1n-kbkIdNH3EtS8Ery2jdPouRWC3qdG3T,[2023-03-09-2114]3月9日指数估值数据财务自由需要多少钱呢.md,https://drive.google.com/file/d/1n-kbkIdNH3EtS8Ery2jdPouRWC3qdG3T/view?usp=drivesdk,1,截止到收盘，大盘波动不大，还是在4.8星级,closing_statement,auto_high_confidence,Drive/2023/[2023-03-09-2114]3月9日指数估值数据财务自由需要多少钱呢.md
2023-03-13,4.8,A股,公众号当日估值文章,realtime,1Udpi1IvF35DTBkKHi7ssAPfVI0bILEpY,[2023-03-13-2101]3月13日指数估值数据硅谷银行破产对A股有影响么.md,https://drive.google.com/file/d/1Udpi1IvF35DTBkKHi7ssAPfVI0bILEpY/view?usp=drivesdk,1,截止到收盘， 大盘重新回到了4.8星级,closing_statement,auto_high_confidence,Drive/2023/[2023-03-13-2101]3月13日指数估值数据硅谷银行破产对A股有影响么.md
2023-03-14,4.9,A股,公众号当日估值文章,realtime,1EiIlM5vZ3nIis5nJ57hC8tXKMqqEav34,[2023-03-14-2123]3月14日指数估值数据螺丝钉定投实盘第258期投顾组合发车.md,https://drive.google.com/file/d/1EiIlM5vZ3nIis5nJ57hC8tXKMqqEav34/view?usp=drivesdk,1,截止到收盘，又回到了4.9星级,closing_statement,auto_high_confidence,Drive/2023/[2023-03-14-2123]3月14日指数估值数据螺丝钉定投实盘第258期投顾组合发车.md
2023-03-15,4.8,A股,公众号当日估值文章,realtime,1mkhcK3A3lJ--2pzgQEmVBYFMxyON2Jbo,[2023-03-15-2121]3月15日指数估值数据欧股大跌加息周期后遗症.md,https://drive.google.com/file/d/1mkhcK3A3lJ--2pzgQEmVBYFMxyON2Jbo/view?usp=drivesdk,1,截止到收盘，又回到了4.8星级,closing_statement,auto_high_confidence,Drive/2023/[2023-03-15-2121]3月15日指数估值数据欧股大跌加息周期后遗症.md
2023-03-16,4.9,A股,公众号当日估值文章,realtime,1y81QGzNtqVlJSNE19yUboLPm-lw_gpKe,[2023-03-16-2138]3月16日指数估值数据欧股大跌会出现低估机会吗.md,https://drive.google.com/file/d/1y81QGzNtqVlJSNE19yUboLPm-lw_gpKe/view?usp=drivesdk,0.995,今天大盘整体下跌，又回到了4.9星级,today_market_statement,auto_high_confidence,Drive/2023/[2023-03-16-2138]3月16日指数估值数据欧股大跌会出现低估机会吗.md
2023-03-17,4.9,A股,公众号当日估值文章,realtime,1-wBLnCUa1jEJuCr4juoOCLhQ-mAGLuzz,[2023-03-17-2133]3月17日指数估值数据降准了是利好么.md,https://drive.google.com/file/d/1-wBLnCUa1jEJuCr4juoOCLhQ-mAGLuzz/view?usp=drivesdk,1,截止到收盘，还是在4.9星级,closing_statement,auto_high_confidence,Drive/2023/[2023-03-17-2133]3月17日指数估值数据降准了是利好么.md
2023-03-20,4.9,A股,公众号当日估值文章,realtime,1SBbP-RgcC1h0kX0NMW2VvX-uF3t2TvS_,[2023-03-20-2127]3月20日指数估值数据海外市场波动会影响A股吗.md,https://drive.google.com/file/d/1SBbP-RgcC1h0kX0NMW2VvX-uF3t2TvS_/view?usp=drivesdk,0.995,今天大盘整体下跌，还是在4.9星级,today_market_statement,auto_high_confidence,Drive/2023/[2023-03-20-2127]3月20日指数估值数据海外市场波动会影响A股吗.md
2023-03-22,4.8,A股,公众号当日估值文章,realtime,1HzcEVqBr2YVPV_uWEnL04nccxCwjSYIO,[2023-03-22-2140]3月22日指数估值数据人工智能会替代基金经理么.md,https://drive.google.com/file/d/1HzcEVqBr2YVPV_uWEnL04nccxCwjSYIO/view?usp=drivesdk,0.995,今天大盘整体微涨，目前还是在4.8星级,today_market_statement,auto_high_confidence,Drive/2023/[2023-03-22-2140]3月22日指数估值数据人工智能会替代基金经理么.md
2023-03-23,4.8,A股,公众号当日估值文章,realtime,1zDUhNZpi7n2zGnhA6dfNAitNQ6GZDG2l,[2023-03-23-2120]3月23日指数估值数据美联储又又又加息对投资还有影响吗.md,https://drive.google.com/file/d/1zDUhNZpi7n2zGnhA6dfNAitNQ6GZDG2l/view?usp=drivesdk,1,截止到收盘，还是在4.8星级,closing_statement,auto_high_confidence,Drive/2023/[2023-03-23-2120]3月23日指数估值数据美联储又又又加息对投资还有影响吗.md
2023-03-24,4.8,A股,公众号当日估值文章,realtime,1R5b4cqVVyxOCGxIFhJ8Nf86xOUZhwo5x,[2023-03-24-2141]3月24日指数估值数据投资的理念会一成不变吗.md,https://drive.google.com/file/d/1R5b4cqVVyxOCGxIFhJ8Nf86xOUZhwo5x/view?usp=drivesdk,0.995,今天大盘整体下跌，目前还是在4.8星级,today_market_statement,auto_high_confidence,Drive/2023/[2023-03-24-2141]3月24日指数估值数据投资的理念会一成不变吗.md
2023-03-27,4.8,A股,公众号当日估值文章,realtime,1VJCQcc-DP3Zs1qL3cgq9Zyzb6Pl27STS,[2023-03-27-2113]3月27日指数估值数据黄金在几星级.md,https://drive.google.com/file/d/1VJCQcc-DP3Zs1qL3cgq9Zyzb6Pl27STS/view?usp=drivesdk,1,截止到收盘，还是在4.8星级,closing_statement,auto_high_confidence,Drive/2023/[2023-03-27-2113]3月27日指数估值数据黄金在几星级.md
2023-03-28,4.8,A股,公众号当日估值文章,realtime,1yS2_UJOhmY6NRBVAzgyV4Wo6Cz-OQp_A,[2023-03-28-2105]3月28日指数估值数据螺丝钉定投实盘第260期投顾组合发车.md,https://drive.google.com/file/d/1yS2_UJOhmY6NRBVAzgyV4Wo6Cz-OQp_A/view?usp=drivesdk,0.995,今天大盘整体微跌，还是在4.8星级,today_market_statement,auto_high_confidence,Drive/2023/[2023-03-28-2105]3月28日指数估值数据螺丝钉定投实盘第260期投顾组合发车.md
2023-03-29,4.8,A股,公众号当日估值文章,realtime,1_fBpOPKdw821zaCUJWbNS8AhhANf9_tN,[2023-03-29-2110]3月29日指数估值数据单日下跌9962的股票.md,https://drive.google.com/file/d/1_fBpOPKdw821zaCUJWbNS8AhhANf9_tN/view?usp=drivesdk,0.995,今天大盘整体波动不大，还是在4.8星级,today_market_statement,auto_high_confidence,Drive/2023/[2023-03-29-2110]3月29日指数估值数据单日下跌9962的股票.md
2023-03-31,4.8,A股,公众号当日估值文章,realtime,1NiBLA6xhx-KksQAWJ9Q9DpuuJ58sv7Z0,[2023-03-31-2110]3月31日指数估值数据下周假期投资安排.md,https://drive.google.com/file/d/1NiBLA6xhx-KksQAWJ9Q9DpuuJ58sv7Z0/view?usp=drivesdk,0.995,今天大盘整体波动不大，还是在4.8星级,today_market_statement,auto_high_confidence,Drive/2023/[2023-03-31-2110]3月31日指数估值数据下周假期投资安排.md
2023-04-06,4.8,A股,公众号当日估值文章,realtime,1Z4uQ0MqefbZG0K82xHhJV8fFm_RXOO7z,[2023-04-06-2118]4月6日指数估值数据如何坚持日更10000期.md,https://drive.google.com/file/d/1Z4uQ0MqefbZG0K82xHhJV8fFm_RXOO7z/view?usp=drivesdk,0.995,今天大盘整体微跌，波动不大，还是在4.8星级,today_market_statement,auto_high_confidence,Drive/2023/[2023-04-06-2118]4月6日指数估值数据如何坚持日更10000期.md
2023-04-13,4.8,A股,公众号当日估值文章,realtime,1bzWcNV7PR218jn7Kx3GsyIWQrtxOxtjT,[2023-04-13-2126]4月13日指数估值数据通货紧缩的风险大么.md,https://drive.google.com/file/d/1bzWcNV7PR218jn7Kx3GsyIWQrtxOxtjT/view?usp=drivesdk,0.995,今天大盘整体下跌，还是在4.8星级,today_market_statement,auto_high_confidence,Drive/2023/[2023-04-13-2126]4月13日指数估值数据通货紧缩的风险大么.md
2023-04-21,4.8,A股,公众号当日估值文章,realtime,1swJV2UFvNdfshDqPWkQXSyyoobwwJshk,[2023-04-21-2105]4月21日指数估值数据下跌后距离5星级还有多远.md,https://drive.google.com/file/d/1swJV2UFvNdfshDqPWkQXSyyoobwwJshk/view?usp=drivesdk,1,收盘，在4.8星级,closing_statement,auto_high_confidence,Drive/2023/[2023-04-21-2105]4月21日指数估值数据下跌后距离5星级还有多远.md
2023-04-24,4.9,A股,公众号当日估值文章,realtime,1qhHvWlUefZLh69kX_3OnuhkjQQHcNQQQ,[2023-04-24-2134]4月24日指数估值数据回到49星级amp怎样才能和投资者利益站在一起.md,https://drive.google.com/file/d/1qhHvWlUefZLh69kX_3OnuhkjQQHcNQQQ/view?usp=drivesdk,1,截止到收盘，在4.9星级,closing_statement,auto_high_confidence,Drive/2023/[2023-04-24-2134]4月24日指数估值数据回到49星级amp怎样才能和投资者利益站在一起.md
2023-04-25,4.9,A股,公众号当日估值文章,realtime,1Yo2Iqd7fHtm-JpcONUDyoCCdqk2F7xvo,[2023-04-25-2132]4月25日指数估值数据接近5星级amp螺丝钉定投实盘第264期投顾组合发车.md,https://drive.google.com/file/d/1Yo2Iqd7fHtm-JpcONUDyoCCdqk2F7xvo/view?usp=drivesdk,1,截止到收盘，还是在4.9星级,closing_statement,auto_high_confidence,Drive/2023/[2023-04-25-2132]4月25日指数估值数据接近5星级amp螺丝钉定投实盘第264期投顾组合发车.md
2023-04-26,4.9,A股,公众号当日估值文章,realtime,1wRTaOGhRCGx0V507_x2bdzpijlHjAZho,[2023-04-26-2133]4月26日指数估值数据会不会有6星级7星级.md,https://drive.google.com/file/d/1wRTaOGhRCGx0V507_x2bdzpijlHjAZho/view?usp=drivesdk,0.995,今天大盘整体波动不大，还是在4.9星级,today_market_statement,auto_high_confidence,Drive/2023/[2023-04-26-2133]4月26日指数估值数据会不会有6星级7星级.md
2023-04-27,4.9,A股,公众号当日估值文章,realtime,1ldGyoS_Uhm2XFbQd_WyHJVpHLqcFqeUi,[2023-04-27-2139]4月27日指数估值数据主动优选指数增强的降费福利.md,https://drive.google.com/file/d/1ldGyoS_Uhm2XFbQd_WyHJVpHLqcFqeUi/view?usp=drivesdk,1,截止到收盘，还是在4.9星级,closing_statement,auto_high_confidence,Drive/2023/[2023-04-27-2139]4月27日指数估值数据主动优选指数增强的降费福利.md
2023-04-28,4.9,A股,公众号当日估值文章,realtime,1qYFtpi4GUID2kxThm_pWsp3a_GgNU0Ir,[2023-04-28-2110]4月28日指数估值数据还会有3星级吗.md,https://drive.google.com/file/d/1qYFtpi4GUID2kxThm_pWsp3a_GgNU0Ir/view?usp=drivesdk,0.992,目前还是在4.9星级,current_state_statement,auto_high_confidence,Drive/2023/[2023-04-28-2110]4月28日指数估值数据还会有3星级吗.md
2023-05-05,4.9,A股,公众号当日估值文章,realtime,15PBZxAxSwvqYEVUGSjdIdiJkqClVO8ak,[2023-05-05-2131]5月5日指数估值数据都是价值风格为啥有的涨有的跌.md,https://drive.google.com/file/d/15PBZxAxSwvqYEVUGSjdIdiJkqClVO8ak/view?usp=drivesdk,0.992,目前还是在4.9星级,current_state_statement,auto_high_confidence,Drive/2023/[2023-05-05-2131]5月5日指数估值数据都是价值风格为啥有的涨有的跌.md
2023-05-09,4.9,A股,公众号当日估值文章,realtime,12NymLFZvw5bW4WlOdR36kzieBl9Wx2Ku,[2023-05-09-2120]5月9日指数估值数据螺丝钉定投实盘第265期投顾组合发车.md,https://drive.google.com/file/d/12NymLFZvw5bW4WlOdR36kzieBl9Wx2Ku/view?usp=drivesdk,1,截止到收盘，中证全指下跌1.1%，目前在4.9星级,closing_statement,auto_high_confidence,Drive/2023/[2023-05-09-2120]5月9日指数估值数据螺丝钉定投实盘第265期投顾组合发车.md
2023-05-10,4.9,A股,公众号当日估值文章,realtime,1XSRGyliPVilAm9WCxxcpwaTX0ZzaxaQ7,[2023-05-10-2153]5月10日指数估值数据A股涨跌为啥不能只看上证指数.md,https://drive.google.com/file/d/1XSRGyliPVilAm9WCxxcpwaTX0ZzaxaQ7/view?usp=drivesdk,0.992,目前还是在4.9星级,current_state_statement,auto_high_confidence,Drive/2023/[2023-05-10-2153]5月10日指数估值数据A股涨跌为啥不能只看上证指数.md
2023-05-11,4.9,A股,公众号当日估值文章,realtime,1VR4pSbjlSH_vp8lhPUEtgUQSYSUv4CIK,[2023-05-11-2140]5月11日指数估值数据中特估还便宜么.md,https://drive.google.com/file/d/1VR4pSbjlSH_vp8lhPUEtgUQSYSUv4CIK/view?usp=drivesdk,0.995,今天大盘整体波动不大，整体微跌，还是在4.9星级,today_market_statement,auto_high_confidence,Drive/2023/[2023-05-11-2140]5月11日指数估值数据中特估还便宜么.md
2023-05-12,4.9,A股,公众号当日估值文章,realtime,18Ks_7oTwPn8mJ79VzuBpasn7XklxrnW4,[2023-05-12-2122]5月12日指数估值数据到5星级了吗.md,https://drive.google.com/file/d/18Ks_7oTwPn8mJ79VzuBpasn7XklxrnW4/view?usp=drivesdk,1,截止到收盘，还是在4.9星级,closing_statement,auto_high_confidence,Drive/2023/[2023-05-12-2122]5月12日指数估值数据到5星级了吗.md
2023-05-15,4.9,A股,公众号当日估值文章,realtime,1ozXqH3Q09dbGXDKisAy_2qxYJsJpcNfQ,[2023-05-15-2117]5月15日指数估值数据一波三折差点儿5星级.md,https://drive.google.com/file/d/1ozXqH3Q09dbGXDKisAy_2qxYJsJpcNfQ/view?usp=drivesdk,1,截止到下午收盘，还是在4.9星级,closing_statement,auto_high_confidence,Drive/2023/[2023-05-15-2117]5月15日指数估值数据一波三折差点儿5星级.md
2023-05-16,4.9,A股,公众号当日估值文章,realtime,1GbeZxNLiuIlnbmDDaOAGNTVoFXIGrjQz,[2023-05-16-2107]5月16日指数估值数据螺丝钉定投实盘第266期投顾组合发车.md,https://drive.google.com/file/d/1GbeZxNLiuIlnbmDDaOAGNTVoFXIGrjQz/view?usp=drivesdk,0.995,今天大盘整体下跌，还是在4.9星级,today_market_statement,auto_high_confidence,Drive/2023/[2023-05-16-2107]5月16日指数估值数据螺丝钉定投实盘第266期投顾组合发车.md
2023-05-17,4.9,A股,公众号当日估值文章,realtime,1MaYRx41g1DOrojGMWUakeitI61v1pRQm,[2023-05-17-2123]5月17日指数估值数据基金风格漂移怎么识别.md,https://drive.google.com/file/d/1MaYRx41g1DOrojGMWUakeitI61v1pRQm/view?usp=drivesdk,0.995,今天市场整体微跌，还是在4.9星级,today_market_statement,auto_high_confidence,Drive/2023/[2023-05-17-2123]5月17日指数估值数据基金风格漂移怎么识别.md
2023-05-19,4.9,A股,公众号当日估值文章,realtime,1OG1WbJPcH-gLpr3wwTLzfqj9g9y6yTKK,[2023-05-19-2151]5月19日指数估值数据又一个指数基金将要清盘了.md,https://drive.google.com/file/d/1OG1WbJPcH-gLpr3wwTLzfqj9g9y6yTKK/view?usp=drivesdk,0.995,今天大盘整体微跌，还是在4.9星级,today_market_statement,auto_high_confidence,Drive/2023/[2023-05-19-2151]5月19日指数估值数据又一个指数基金将要清盘了.md
2023-05-22,4.9,A股,公众号当日估值文章,realtime,1Jos9uJ93bcMD95P8vUnMkCg6bc3vA6Uh,[2023-05-22-2141]5月22日指数估值数据日股时隔30年重回30000点.md,https://drive.google.com/file/d/1Jos9uJ93bcMD95P8vUnMkCg6bc3vA6Uh/view?usp=drivesdk,0.995,今天大盘整体微涨，还是在4.9星级,today_market_statement,auto_high_confidence,Drive/2023/[2023-05-22-2141]5月22日指数估值数据日股时隔30年重回30000点.md
2023-06-15,4.9,A股,公众号当日估值文章,realtime,1cNu-HqRGq5_FjMMOoDY8MiLgYlu_qEH0,[2023-06-15-2137]6月15日指数估值数据涨回到49星级.md,https://drive.google.com/file/d/1cNu-HqRGq5_FjMMOoDY8MiLgYlu_qEH0/view?usp=drivesdk,1,截止到收盘，大盘重新回到4.9星级,closing_statement,auto_high_confidence,Drive/2023/[2023-06-15-2137]6月15日指数估值数据涨回到49星级.md
2023-06-16,4.9,A股,公众号当日估值文章,realtime,1T9QTkVzsDSleQqqcKlBiq9VikhFu_2zv,[2023-06-16-2134]6月16日指数估值数据5星级能抓住机会么.md,https://drive.google.com/file/d/1T9QTkVzsDSleQqqcKlBiq9VikhFu_2zv/view?usp=drivesdk,1,截止到收盘，还是在4.9星级,closing_statement,auto_high_confidence,Drive/2023/[2023-06-16-2134]6月16日指数估值数据5星级能抓住机会么.md
2023-06-19,4.9,A股,公众号当日估值文章,realtime,1D2WJmfv3qwU86VXL1Xqg_glPrNVw2eOg,[2023-06-19-2114]6月19日指数估值数据纯债基金波动是怎么回事呢.md,https://drive.google.com/file/d/1D2WJmfv3qwU86VXL1Xqg_glPrNVw2eOg/view?usp=drivesdk,1,截止到收盘，还是在4.9星级,closing_statement,auto_high_confidence,Drive/2023/[2023-06-19-2114]6月19日指数估值数据纯债基金波动是怎么回事呢.md
2023-07-03,4.9,A股,公众号当日估值文章,realtime,1rPhzhD5MQFb9sE5Qd46dq84x49b75LD4,[2023-07-03-2141]7月3日指数估值数据回到49星级amp大学报金融专业有出路吗.md,https://drive.google.com/file/d/1rPhzhD5MQFb9sE5Qd46dq84x49b75LD4/view?usp=drivesdk,0.99,回到4.9星级,opening_state_statement,auto_high_confidence,Drive/2023/[2023-07-03-2141]7月3日指数估值数据回到49星级amp大学报金融专业有出路吗.md
2023-07-04,4.9,A股,公众号当日估值文章,realtime,14t4Bps6qvm30lFUsjPIep7oemzGrOPaB,[2023-07-04-2103]7月4日指数估值数据螺丝钉定投实盘第273期投顾组合发车.md,https://drive.google.com/file/d/14t4Bps6qvm30lFUsjPIep7oemzGrOPaB/view?usp=drivesdk,1,截止到收盘，还是在4.9星级,closing_statement,auto_high_confidence,Drive/2023/[2023-07-04-2103]7月4日指数估值数据螺丝钉定投实盘第273期投顾组合发车.md
2023-07-14,4.9,A股,公众号当日估值文章,realtime,1t3jrgAk8Xps453VARnqU08cF9PFzKTpP,[2023-07-14-2142]7月14日指数估值数据获奖啦私募基金大变局.md,https://drive.google.com/file/d/1t3jrgAk8Xps453VARnqU08cF9PFzKTpP/view?usp=drivesdk,0.995,今天大盘整体波动不大，微涨微跌，还是在4.9星级,today_market_statement,auto_high_confidence,Drive/2023/[2023-07-14-2142]7月14日指数估值数据获奖啦私募基金大变局.md
2023-07-25,4.9,A股,公众号当日估值文章,realtime,1VPYyCTHGp_TDSBTos88uLNoaVX4JDmPL,[2023-07-25-2122]7月25日指数估值数据螺丝钉定投实盘第276期投顾组合发车.md,https://drive.google.com/file/d/1VPYyCTHGp_TDSBTos88uLNoaVX4JDmPL/view?usp=drivesdk,0.99,回到了4.9星级,opening_state_statement,auto_high_confidence,Drive/2023/[2023-07-25-2122]7月25日指数估值数据螺丝钉定投实盘第276期投顾组合发车.md
2023-07-28,4.9,A股,公众号当日估值文章,realtime,1i8Sz3yOIzfFBB3A-Tm-jmYCXPjHT428x,[2023-07-28-2136]7月28日指数估值数据证券大涨抽奖福利.md,https://drive.google.com/file/d/1i8Sz3yOIzfFBB3A-Tm-jmYCXPjHT428x/view?usp=drivesdk,0.99,回到了4.9星级,opening_state_statement,auto_high_confidence,Drive/2023/[2023-07-28-2136]7月28日指数估值数据证券大涨抽奖福利.md
2023-07-31,4.9,A股,公众号当日估值文章,realtime,12pvaViBe6LATaCM8wjKbe2Nu3dKa0Gdn,[2023-07-31-2133]7月31日指数估值数据投资还是要人弃我取.md,https://drive.google.com/file/d/12pvaViBe6LATaCM8wjKbe2Nu3dKa0Gdn/view?usp=drivesdk,1,截止到收盘还是在4.9星级,closing_statement,auto_high_confidence,Drive/2023/[2023-07-31-2133]7月31日指数估值数据投资还是要人弃我取.md
2023-08-02,4.9,A股,公众号当日估值文章,realtime,1WdmFgOwx_MDG8m2WloQw2IxB-Y4Xo_dd,[2023-08-02-2143]8月2日指数估值数据市场回调抽奖福利.md,https://drive.google.com/file/d/1WdmFgOwx_MDG8m2WloQw2IxB-Y4Xo_dd/view?usp=drivesdk,1,截止到收盘，还是在4.9星级,closing_statement,auto_high_confidence,Drive/2023/[2023-08-02-2143]8月2日指数估值数据市场回调抽奖福利.md
2023-08-03,4.9,A股,公众号当日估值文章,realtime,1wB6PMl3inxbZ6fhH1HbnLv5Y7Dk5YVuX,[2023-08-03-2113]8月3日指数估值数据又出现违约事件对组合有影响吗.md,https://drive.google.com/file/d/1wB6PMl3inxbZ6fhH1HbnLv5Y7Dk5YVuX/view?usp=drivesdk,1,截止到收盘还是在4.9星级,closing_statement,auto_high_confidence,Drive/2023/[2023-08-03-2113]8月3日指数估值数据又出现违约事件对组合有影响吗.md
2023-08-04,4.9,A股,公众号当日估值文章,realtime,12UDlHEmUX6yGljDf9z1lokDI_2OEzsJx,[2023-08-04-2113]8月4日指数估值数据进入微笑曲线的右侧了吗.md,https://drive.google.com/file/d/12UDlHEmUX6yGljDf9z1lokDI_2OEzsJx/view?usp=drivesdk,1,截止收盘还是在4.9星级,closing_statement,auto_high_confidence,Drive/2023/[2023-08-04-2113]8月4日指数估值数据进入微笑曲线的右侧了吗.md
2023-08-07,4.9,A股,公众号当日估值文章,realtime,1sQdxBVMSBnhN_BMN0kh_qMg0EmDEjHaH,[2023-08-07-2207]8月7日指数估值数据医药下跌到历史最低估值了吗.md,https://drive.google.com/file/d/1sQdxBVMSBnhN_BMN0kh_qMg0EmDEjHaH/view?usp=drivesdk,1,截止到收盘，还是在4.9星级,closing_statement,auto_high_confidence,Drive/2023/[2023-08-07-2207]8月7日指数估值数据医药下跌到历史最低估值了吗.md
2023-08-08,4.9,A股,公众号当日估值文章,realtime,1J6Yt8DkcFoqH8kjB31LYLr3KjybNdkby,[2023-08-08-2116]8月8日指数估值数据螺丝钉定投实盘第278期投顾组合发车.md,https://drive.google.com/file/d/1J6Yt8DkcFoqH8kjB31LYLr3KjybNdkby/view?usp=drivesdk,1,截止到收盘，还是在4.9星级,closing_statement,auto_high_confidence,Drive/2023/[2023-08-08-2116]8月8日指数估值数据螺丝钉定投实盘第278期投顾组合发车.md
2023-08-09,4.9,A股,公众号当日估值文章,realtime,1MfnNSt7ARZTAwW2kSj7rdqGbfD3wU1_g,[2023-08-09-2135]8月9日指数估值数据美股目前估值如何抽奖福利.md,https://drive.google.com/file/d/1MfnNSt7ARZTAwW2kSj7rdqGbfD3wU1_g/view?usp=drivesdk,1,截止到收盘，还是在4.9星级,closing_statement,auto_high_confidence,Drive/2023/[2023-08-09-2135]8月9日指数估值数据美股目前估值如何抽奖福利.md
2023-08-10,4.9,A股,公众号当日估值文章,realtime,1mAlrs5h1G-YRiuWKJmtQ1NE-RxvLDk_v,[2023-08-10-2131]8月10日指数估值数据第一只千亿级别指数基金.md,https://drive.google.com/file/d/1mAlrs5h1G-YRiuWKJmtQ1NE-RxvLDk_v/view?usp=drivesdk,1,到收盘的时候，整体微涨，波动不大，还是在4.9星级,closing_statement,auto_high_confidence,Drive/2023/[2023-08-10-2131]8月10日指数估值数据第一只千亿级别指数基金.md
2023-08-16,5.1,A股,公众号当日估值文章,realtime,1dabyvKx_bgwtRY1AfszSFe8HNuyzHyXk,[2023-08-16-2135]8月16日指数估值数据降息了是利好吗抽奖福利.md,https://drive.google.com/file/d/1dabyvKx_bgwtRY1AfszSFe8HNuyzHyXk/view?usp=drivesdk,1,收盘，回到了5.1星级,closing_statement,auto_high_confidence,Drive/2023/[2023-08-16-2135]8月16日指数估值数据降息了是利好吗抽奖福利.md
2023-08-18,5.1,A股,公众号当日估值文章,realtime,1_5iN_rjfLcLkfXSBX-PHZUtsUg0-1Krx,[2023-08-18-2132]8月18日指数估值数据遇到市场波动你的情绪会受影响吗.md,https://drive.google.com/file/d/1_5iN_rjfLcLkfXSBX-PHZUtsUg0-1Krx/view?usp=drivesdk,1,截止到收盘，还是在5.1星级,closing_statement,auto_high_confidence,Drive/2023/[2023-08-18-2132]8月18日指数估值数据遇到市场波动你的情绪会受影响吗.md
2023-08-22,5.1,A股,公众号当日估值文章,realtime,1hlDNDs2Ddk4LFJ1izA8Ouea39NPBySMs,[2023-08-22-2133]8月22日指数估值数据螺丝钉定投实盘第280期投顾组合发车.md,https://drive.google.com/file/d/1hlDNDs2Ddk4LFJ1izA8Ouea39NPBySMs/view?usp=drivesdk,1,收盘，市场整体反弹，仍然在5.1星级,closing_statement,auto_high_confidence,Drive/2023/[2023-08-22-2133]8月22日指数估值数据螺丝钉定投实盘第280期投顾组合发车.md
2023-08-23,5.2,A股,公众号当日估值文章,realtime,1d6LeWPeBIssSsutdH0hKhlN2qWRgr7O3,[2023-08-23-2145]8月23日指数估值数据定投5年没收益是怎么回事呢.md,https://drive.google.com/file/d/1d6LeWPeBIssSsutdH0hKhlN2qWRgr7O3/view?usp=drivesdk,1,截止到收盘，又回到了5.2星级,closing_statement,auto_high_confidence,Drive/2023/[2023-08-23-2145]8月23日指数估值数据定投5年没收益是怎么回事呢.md
2023-08-24,5.2,A股,公众号当日估值文章,realtime,1DdwF64YEwQDIcAOeOEcg4myo4a6B3laN,[2023-08-24-2131]8月24日指数估值数据反弹了.md,https://drive.google.com/file/d/1DdwF64YEwQDIcAOeOEcg4myo4a6B3laN/view?usp=drivesdk,1,截止到收盘，在5.2星级,closing_statement,auto_high_confidence,Drive/2023/[2023-08-24-2131]8月24日指数估值数据反弹了.md
2023-08-25,5.2,A股,公众号当日估值文章,realtime,1lOTegXU1WTHJNny14XhHn9tgwDT3GFip,[2023-08-25-2146]8月25日指数估值数据养老金要入市了吗.md,https://drive.google.com/file/d/1lOTegXU1WTHJNny14XhHn9tgwDT3GFip/view?usp=drivesdk,1,截止到收盘，还是在5.2星级,closing_statement,auto_high_confidence,Drive/2023/[2023-08-25-2146]8月25日指数估值数据养老金要入市了吗.md
2023-08-28,5.2,A股,公众号当日估值文章,realtime,1GVugH0Z_bgQOlYmhxvdbbji7VCaZ73Be,[2023-08-28-2146]8月28日指数估值数据利好频出牛市快来了吗.md,https://drive.google.com/file/d/1GVugH0Z_bgQOlYmhxvdbbji7VCaZ73Be/view?usp=drivesdk,1,到下午收盘，还是在5.2星级,closing_statement,auto_high_confidence,Drive/2023/[2023-08-28-2146]8月28日指数估值数据利好频出牛市快来了吗.md
2023-08-29,5.1,A股,公众号当日估值文章,realtime,1kWFjtjl_Fjsy5GnIbkbLqI12WZbH5Qvb,[2023-08-29-2131]8月29日指数估值数据螺丝钉定投实盘第281期投顾组合发车.md,https://drive.google.com/file/d/1kWFjtjl_Fjsy5GnIbkbLqI12WZbH5Qvb/view?usp=drivesdk,1,截止到收盘，还是在5.1星级,closing_statement,auto_high_confidence,Drive/2023/[2023-08-29-2131]8月29日指数估值数据螺丝钉定投实盘第281期投顾组合发车.md
2023-08-30,5.1,A股,公众号当日估值文章,realtime,1wifxJvPHifaFxvPpYQ6Q_RtjENtXoFjN,[2023-08-30-2132]8月30日指数估值数据熊市还有多长会跌多少呢.md,https://drive.google.com/file/d/1wifxJvPHifaFxvPpYQ6Q_RtjENtXoFjN/view?usp=drivesdk,1,截止到收盘还是在5.1星级,closing_statement,auto_high_confidence,Drive/2023/[2023-08-30-2132]8月30日指数估值数据熊市还有多长会跌多少呢.md
2023-08-31,5.1,A股,公众号当日估值文章,realtime,1q2AUuk2TPH7dOSKEIr-x310_LrIUqoHB,[2023-08-31-2129]8月31日指数估值数据量化基金是什么能投资么.md,https://drive.google.com/file/d/1q2AUuk2TPH7dOSKEIr-x310_LrIUqoHB/view?usp=drivesdk,1,截止到收盘，还是在5.1星级,closing_statement,auto_high_confidence,Drive/2023/[2023-08-31-2129]8月31日指数估值数据量化基金是什么能投资么.md
2023-09-01,5.1,A股,公众号当日估值文章,realtime,1eOBKAzGwqnObwR9VNCUM77gwaXOu8AB1,[2023-09-01-2120]9月1日指数估值数据又来了两个利好.md,https://drive.google.com/file/d/1eOBKAzGwqnObwR9VNCUM77gwaXOu8AB1/view?usp=drivesdk,1,截止到收盘，还是在5.1星级,closing_statement,auto_high_confidence,Drive/2023/[2023-09-01-2120]9月1日指数估值数据又来了两个利好.md
2023-09-07,5.1,A股,公众号当日估值文章,realtime,1qi3n-el02SKQ2A_4QiojcM8_CYjjRIhV,[2023-09-07-2126]9月7日指数估值数据经济低迷上市公司还能盈利么.md,https://drive.google.com/file/d/1qi3n-el02SKQ2A_4QiojcM8_CYjjRIhV/view?usp=drivesdk,1,截止到收盘，还是在5.1星级,closing_statement,auto_high_confidence,Drive/2023/[2023-09-07-2126]9月7日指数估值数据经济低迷上市公司还能盈利么.md
2023-09-08,5.1,A股,公众号当日估值文章,realtime,1NJSZmZgo90QVoKEO5knjuirhmfaozhEx,[2023-09-08-2154]9月8日指数估值数据债基波动是怎么回事呢.md,https://drive.google.com/file/d/1NJSZmZgo90QVoKEO5knjuirhmfaozhEx/view?usp=drivesdk,1,截止到收盘，还是在5.1星级,closing_statement,auto_high_confidence,Drive/2023/[2023-09-08-2154]9月8日指数估值数据债基波动是怎么回事呢.md
2023-09-11,5.1,A股,公众号当日估值文章,realtime,1AhMX__MZ9G22oEwlnUbj3TcnV91K6720,[2023-09-11-2142]9月11日指数估值数据还有啥利好可以用.md,https://drive.google.com/file/d/1AhMX__MZ9G22oEwlnUbj3TcnV91K6720/view?usp=drivesdk,1,截止到收盘，还是在5.1星级,closing_statement,auto_high_confidence,Drive/2023/[2023-09-11-2142]9月11日指数估值数据还有啥利好可以用.md
2023-09-12,5.1,A股,公众号当日估值文章,realtime,1E0TacTK1RqkL2rX73lK3oRimC4EQ8rYv,[2023-09-12-2122]9月12日指数估值数据螺丝钉定投实盘第283期投顾组合发车.md,https://drive.google.com/file/d/1E0TacTK1RqkL2rX73lK3oRimC4EQ8rYv/view?usp=drivesdk,1,截止到收盘，还是在5.1星级,closing_statement,auto_high_confidence,Drive/2023/[2023-09-12-2122]9月12日指数估值数据螺丝钉定投实盘第283期投顾组合发车.md
2023-09-13,5.1,A股,公众号当日估值文章,realtime,1ebdzGmktZyuAJ_bOma7MZW8NdZcg_Owk,[2023-09-13-2129]9月13日指数估值数据创业板最近两年新低到低估了么.md,https://drive.google.com/file/d/1ebdzGmktZyuAJ_bOma7MZW8NdZcg_Owk/view?usp=drivesdk,1,截止到收盘，大盘还是在5.1星级,closing_statement,auto_high_confidence,Drive/2023/[2023-09-13-2129]9月13日指数估值数据创业板最近两年新低到低估了么.md
2023-09-14,5.1,A股,公众号当日估值文章,realtime,1AIZ5egkqeYgoaVblLabMfPSzv2pPEL49,[2023-09-14-2105]9月14日指数估值数据降准利好来了黄金突破600元了么.md,https://drive.google.com/file/d/1AIZ5egkqeYgoaVblLabMfPSzv2pPEL49/view?usp=drivesdk,1,截止到收盘，还是在5.1星级,closing_statement,auto_high_confidence,Drive/2023/[2023-09-14-2105]9月14日指数估值数据降准利好来了黄金突破600元了么.md
2023-09-18,5.1,A股,公众号当日估值文章,realtime,1aLb6w2DTBRkbzj0pDuiMO8mPQRPF_-HL,[2023-09-18-2133]9月18日指数估值数据低买高卖多少人能做到呢.md,https://drive.google.com/file/d/1aLb6w2DTBRkbzj0pDuiMO8mPQRPF_-HL/view?usp=drivesdk,1,截止到收盘，在5.1星级,closing_statement,auto_high_confidence,Drive/2023/[2023-09-18-2133]9月18日指数估值数据低买高卖多少人能做到呢.md
2023-09-20,5.2,A股,公众号当日估值文章,realtime,1C4GXNmikl_a50LsxF58UonEmE8dVvLSp,[2023-09-20-2121]9月20日指数估值数据从红利和创业板指数看风格轮动.md,https://drive.google.com/file/d/1C4GXNmikl_a50LsxF58UonEmE8dVvLSp/view?usp=drivesdk,1,截止到收盘，还是在5.2星级,closing_statement,auto_high_confidence,Drive/2023/[2023-09-20-2121]9月20日指数估值数据从红利和创业板指数看风格轮动.md
2023-09-21,5.2,A股,公众号当日估值文章,realtime,1tqavsRM3lUKJLLkt7WMbw-t715FxPsY7,[2023-09-21-2125]9月21日指数估值数据市场低迷到去年底部位置了吗.md,https://drive.google.com/file/d/1tqavsRM3lUKJLLkt7WMbw-t715FxPsY7/view?usp=drivesdk,1,截止到收盘还是在5.2星级,closing_statement,auto_high_confidence,Drive/2023/[2023-09-21-2125]9月21日指数估值数据市场低迷到去年底部位置了吗.md
2023-09-22,5.1,A股,公众号当日估值文章,realtime,1S_8TQomqZUSJWx0aePVrCF29Cll1whi1,[2023-09-22-2123]9月22日指数估值数据今天反弹了.md,https://drive.google.com/file/d/1S_8TQomqZUSJWx0aePVrCF29Cll1whi1/view?usp=drivesdk,1,截止到收盘，大盘回到5.1星级,closing_statement,auto_high_confidence,Drive/2023/[2023-09-22-2123]9月22日指数估值数据今天反弹了.md
2023-09-25,5.2,A股,公众号当日估值文章,realtime,1Hwp5591Bz3hGckT0A1Gt7jRNhEsDpNPf,[2023-09-25-2137]9月25日指数估值数据要不要持股过节呢.md,https://drive.google.com/file/d/1Hwp5591Bz3hGckT0A1Gt7jRNhEsDpNPf/view?usp=drivesdk,1,截止到收盘，还是在5.2星级,closing_statement,auto_high_confidence,Drive/2023/[2023-09-25-2137]9月25日指数估值数据要不要持股过节呢.md
2023-09-26,5.2,A股,公众号当日估值文章,realtime,1dEFyYRL5gz4h0fOurQBfhPj7Itg7r1oT,[2023-09-26-2144]9月26日指数估值数据螺丝钉定投实盘第285期投顾组合发车.md,https://drive.google.com/file/d/1dEFyYRL5gz4h0fOurQBfhPj7Itg7r1oT/view?usp=drivesdk,1,截止到收盘，还是在5.2星级,closing_statement,auto_high_confidence,Drive/2023/[2023-09-26-2144]9月26日指数估值数据螺丝钉定投实盘第285期投顾组合发车.md
2023-09-27,5.2,A股,公众号当日估值文章,realtime,1D3Mv1aFCR53Ll1JGyyFxyGG597f7Rehz,[2023-09-27-2120]9月27日指数估值数据美股市场估值如何新增两个指数.md,https://drive.google.com/file/d/1D3Mv1aFCR53Ll1JGyyFxyGG597f7Rehz/view?usp=drivesdk,1,截止到收盘，大盘还是在5.2星,closing_statement,auto_high_confidence,Drive/2023/[2023-09-27-2120]9月27日指数估值数据美股市场估值如何新增两个指数.md
2023-10-09,5.2,A股,公众号当日估值文章,realtime,1wUNZ45j9268_flTpZwww9dRxslE5q5KY,[2023-10-09-2132]10月9日指数估值数据基金经理离职风险该如何应对.md,https://drive.google.com/file/d/1wUNZ45j9268_flTpZwww9dRxslE5q5KY/view?usp=drivesdk,1,截止到收盘，还是在5.2星级,closing_statement,auto_high_confidence,Drive/2023/[2023-10-09-2132]10月9日指数估值数据基金经理离职风险该如何应对.md
2023-10-10,5.2,A股,公众号当日估值文章,realtime,1Zy6uwuDKwk4MRAcOHb7910dEGPkghjLf,[2023-10-10-2128]10月10日指数估值数据螺丝钉定投实盘第286期投顾组合发车.md,https://drive.google.com/file/d/1Zy6uwuDKwk4MRAcOHb7910dEGPkghjLf/view?usp=drivesdk,1,截止到收盘，还是在5.2星级,closing_statement,auto_high_confidence,Drive/2023/[2023-10-10-2128]10月10日指数估值数据螺丝钉定投实盘第286期投顾组合发车.md
2023-10-11,5.2,A股,公众号当日估值文章,realtime,18SqD0Ej-OpA7EQ2FQAdi0YQQZjv3BzsN,[2023-10-11-2139]10月11日指数估值数据A股最近谁在涨谁在跌.md,https://drive.google.com/file/d/18SqD0Ej-OpA7EQ2FQAdi0YQQZjv3BzsN/view?usp=drivesdk,1,截止到收盘还是在5.2星级,closing_statement,auto_high_confidence,Drive/2023/[2023-10-11-2139]10月11日指数估值数据A股最近谁在涨谁在跌.md
2023-10-12,5.2,A股,公众号当日估值文章,realtime,1aKdY42p_9DpDHZqqxa8T5K67WNscTg-V,[2023-10-12-2121]10月12日指数估值数据又一个利好.md,https://drive.google.com/file/d/1aKdY42p_9DpDHZqqxa8T5K67WNscTg-V/view?usp=drivesdk,1,截止到收盘，在5.2星级,closing_statement,auto_high_confidence,Drive/2023/[2023-10-12-2121]10月12日指数估值数据又一个利好.md
2023-10-13,5.2,A股,公众号当日估值文章,realtime,1uiMMOWaoql8T9En7L5OswgZPwoaHa9Ak,[2023-10-13-2119]10月13日指数估值数据价值投资在A股有效吗.md,https://drive.google.com/file/d/1uiMMOWaoql8T9En7L5OswgZPwoaHa9Ak/view?usp=drivesdk,1,截止到收盘，还是在5.2星级,closing_statement,auto_high_confidence,Drive/2023/[2023-10-13-2119]10月13日指数估值数据价值投资在A股有效吗.md
2023-10-16,5.2,A股,公众号当日估值文章,realtime,1HOOswGMwkWNT9zKK3LaMidsqsQ1ojkAJ,[2023-10-16-2129]10月16日指数估值数据又有利好市场为啥不买账.md,https://drive.google.com/file/d/1HOOswGMwkWNT9zKK3LaMidsqsQ1ojkAJ/view?usp=drivesdk,1,截止到收盘，还是在5.2星级,closing_statement,auto_high_confidence,Drive/2023/[2023-10-16-2129]10月16日指数估值数据又有利好市场为啥不买账.md
2023-10-17,5.2,A股,公众号当日估值文章,realtime,1GKGi3Z4K77cpLCHaNqdHAJONUWkCFKDc,[2023-10-17-2114]10月17日指数估值数据螺丝钉定投实盘第287期投顾组合发车.md,https://drive.google.com/file/d/1GKGi3Z4K77cpLCHaNqdHAJONUWkCFKDc/view?usp=drivesdk,0.995,今天大盘整体微涨，波动不大，还是在5.2星级,today_market_statement,auto_high_confidence,Drive/2023/[2023-10-17-2114]10月17日指数估值数据螺丝钉定投实盘第287期投顾组合发车.md
2023-10-18,5.3,A股,公众号当日估值文章,realtime,16m9Pq1TM4tfryYN9_uf6Zm9dLEtO0YX_,[2023-10-18-2035]10月18日指数估值数据53星级全市场指数基金要来了.md,https://drive.google.com/file/d/16m9Pq1TM4tfryYN9_uf6Zm9dLEtO0YX_/view?usp=drivesdk,1,截止到收盘，大盘回到5.3星级,closing_statement,auto_high_confidence,Drive/2023/[2023-10-18-2035]10月18日指数估值数据53星级全市场指数基金要来了.md
2023-10-19,5.3,A股,公众号当日估值文章,realtime,1xLQMJyVUulz9a16-WGzjhM07Dmhorp0D,[2023-10-19-2119]10月19日指数估值数据带血的筹码.md,https://drive.google.com/file/d/1xLQMJyVUulz9a16-WGzjhM07Dmhorp0D/view?usp=drivesdk,1,到收盘，中证全指低于去年5.3星级,closing_statement,auto_high_confidence,Drive/2023/[2023-10-19-2119]10月19日指数估值数据带血的筹码.md
2023-10-20,5.3,A股,公众号当日估值文章,realtime,1hJDFpoNOMiep56HT49o7uSVOa7fwruUj,[2023-10-20-2039]10月20日指数估值数据3000点保卫战.md,https://drive.google.com/file/d/1hJDFpoNOMiep56HT49o7uSVOa7fwruUj/view?usp=drivesdk,1,截止到收盘，还是在5.3星级,closing_statement,auto_high_confidence,Drive/2023/[2023-10-20-2039]10月20日指数估值数据3000点保卫战.md
2023-10-23,5.4,A股,公众号当日估值文章,realtime,1DTx6M1RjgY2V2-EMFNtYvLtLGC10-PAU,[2023-10-23-2100]10月23日指数估值数据54星级.md,https://drive.google.com/file/d/1DTx6M1RjgY2V2-EMFNtYvLtLGC10-PAU/view?usp=drivesdk,1,截止到收盘，大盘回到了5.4星级,closing_statement,auto_high_confidence,Drive/2023/[2023-10-23-2100]10月23日指数估值数据54星级.md
2023-10-24,5.4,A股,公众号当日估值文章,realtime,1GmuMRwZDatGz5nsap_S4xx8zbLtKNDmr,[2023-10-24-2128]10月24日指数估值数据螺丝钉定投实盘第288期投顾组合发车.md,https://drive.google.com/file/d/1GmuMRwZDatGz5nsap_S4xx8zbLtKNDmr/view?usp=drivesdk,1,截止到收盘，还是在5.4星级,closing_statement,auto_high_confidence,Drive/2023/[2023-10-24-2128]10月24日指数估值数据螺丝钉定投实盘第288期投顾组合发车.md
2023-10-25,5.3,A股,公众号当日估值文章,realtime,1gZfMMCzRpX3QnJlxpwcjIZQDrZppnBl-,[2023-10-25-2122]10月25日指数估值数据又一个利好来了.md,https://drive.google.com/file/d/1gZfMMCzRpX3QnJlxpwcjIZQDrZppnBl-/view?usp=drivesdk,1,截止到收盘，回到了5.3星级,closing_statement,auto_high_confidence,Drive/2023/[2023-10-25-2122]10月25日指数估值数据又一个利好来了.md
2023-10-26,5.3,A股,公众号当日估值文章,realtime,1_2dWn_wFSu8l2pX6dqtFg_zuCZBY1-XQ,[2023-10-26-2139]10月26日指数估值数据看到下跌是担心还是兴奋呢.md,https://drive.google.com/file/d/1_2dWn_wFSu8l2pX6dqtFg_zuCZBY1-XQ/view?usp=drivesdk,1,截止到收盘，在5.3星级,closing_statement,auto_high_confidence,Drive/2023/[2023-10-26-2139]10月26日指数估值数据看到下跌是担心还是兴奋呢.md
2023-10-27,5.3,A股,公众号当日估值文章,realtime,1isTjDmAzPilOxOZAXgLB-jbSOB_pVBz6,[2023-10-27-2130]10月27日指数估值数据A股连续反弹.md,https://drive.google.com/file/d/1isTjDmAzPilOxOZAXgLB-jbSOB_pVBz6/view?usp=drivesdk,1,截止到收盘，还在5.3星级,closing_statement,auto_high_confidence,Drive/2023/[2023-10-27-2130]10月27日指数估值数据A股连续反弹.md
2023-10-30,5.2,A股,公众号当日估值文章,realtime,1EiOZsigjKA3k26R2sie6tdAdz6lvWNI0,[2023-10-30-2130]10月30日指数估值数据A股目前估值处于什么阶段.md,https://drive.google.com/file/d/1EiOZsigjKA3k26R2sie6tdAdz6lvWNI0/view?usp=drivesdk,1,收盘上涨，回到了5.2星级,closing_statement,auto_high_confidence,Drive/2023/[2023-10-30-2130]10月30日指数估值数据A股目前估值处于什么阶段.md
2023-11-02,5.3,A股,公众号当日估值文章,realtime,1-QKOOwrxnfZ1vKxtrSQ0jS9NkoIKAyhr,[2023-11-02-2140]11月2日指数估值数据上一轮5星级投资的基金收益如何.md,https://drive.google.com/file/d/1-QKOOwrxnfZ1vKxtrSQ0jS9NkoIKAyhr/view?usp=drivesdk,1,截止到收盘，回到了5.3星级,closing_statement,auto_high_confidence,Drive/2023/[2023-11-02-2140]11月2日指数估值数据上一轮5星级投资的基金收益如何.md
2023-11-03,5.2,A股,公众号当日估值文章,realtime,1wxmJQrWSIn4VDPnUekykJey91T_sl07v,[2023-11-03-2125]11月3日指数估值数据上涨了.md,https://drive.google.com/file/d/1wxmJQrWSIn4VDPnUekykJey91T_sl07v/view?usp=drivesdk,1,截止到收盘，回到5.2星级,closing_statement,auto_high_confidence,Drive/2023/[2023-11-03-2125]11月3日指数估值数据上涨了.md
2023-11-06,5.2,A股,公众号当日估值文章,realtime,1rRTPBCxk2Mzg5HRsynZAeC3tBeYR9kro,[2023-11-06-2123]11月6日指数估值数据美联储暂停加息对投资有啥影响.md,https://drive.google.com/file/d/1rRTPBCxk2Mzg5HRsynZAeC3tBeYR9kro/view?usp=drivesdk,1,截止到收盘，还是在5.2星级,closing_statement,auto_high_confidence,Drive/2023/[2023-11-06-2123]11月6日指数估值数据美联储暂停加息对投资有啥影响.md
2023-11-07,5.2,A股,公众号当日估值文章,realtime,1MekUbaAoYnhWzSoN7L7mLKs7K9gPFT1T,[2023-11-07-2118]11月7日指数估值数据螺丝钉定投实盘第290期投顾组合发车.md,https://drive.google.com/file/d/1MekUbaAoYnhWzSoN7L7mLKs7K9gPFT1T/view?usp=drivesdk,1,到下午收盘有所反弹，还是在5.2星级,closing_statement,auto_high_confidence,Drive/2023/[2023-11-07-2118]11月7日指数估值数据螺丝钉定投实盘第290期投顾组合发车.md
2023-11-08,5.2,A股,公众号当日估值文章,realtime,1VS-WsRavM4wqe-2ghOEAKvZQx-1T_7Up,[2023-11-08-2141]11月8日指数估值数据上市公司盈利长期为啥会上涨.md,https://drive.google.com/file/d/1VS-WsRavM4wqe-2ghOEAKvZQx-1T_7Up/view?usp=drivesdk,1,截止到收盘，全天波动不大，还是在5.2星级,closing_statement,auto_high_confidence,Drive/2023/[2023-11-08-2141]11月8日指数估值数据上市公司盈利长期为啥会上涨.md
2023-11-09,5.2,A股,公众号当日估值文章,realtime,1PUhqX0OopDrJfw2YNUif3SlCIl1Ygvtw,[2023-11-09-2145]11月9日指数估值数据分红的意义是什么.md,https://drive.google.com/file/d/1PUhqX0OopDrJfw2YNUif3SlCIl1Ygvtw/view?usp=drivesdk,1,截止到收盘，大盘微跌，还是在5.2星级,closing_statement,auto_high_confidence,Drive/2023/[2023-11-09-2145]11月9日指数估值数据分红的意义是什么.md
2023-11-10,5.2,A股,公众号当日估值文章,realtime,1Wu8Z_Sq-w55McoeOlVftIoFFVOh4UKNM,[2023-11-10-2123]11月10日指数估值数据创业板科创板北交所的股票在我们投资的基金中么.md,https://drive.google.com/file/d/1Wu8Z_Sq-w55McoeOlVftIoFFVOh4UKNM/view?usp=drivesdk,1,截止到收盘，还是在5.2星级,closing_statement,auto_high_confidence,Drive/2023/[2023-11-10-2123]11月10日指数估值数据创业板科创板北交所的股票在我们投资的基金中么.md
2023-11-13,5.2,A股,公众号当日估值文章,realtime,1G2zP1B3rUZmcIg_5tK7YI6B0sGCIL9sV,[2023-11-13-2128]11月13日指数估值数据5星级估值表为啥没全绿.md,https://drive.google.com/file/d/1G2zP1B3rUZmcIg_5tK7YI6B0sGCIL9sV/view?usp=drivesdk,1,截止到收盘，还是在5.2星级,closing_statement,auto_high_confidence,Drive/2023/[2023-11-13-2128]11月13日指数估值数据5星级估值表为啥没全绿.md
2023-11-14,5.2,A股,公众号当日估值文章,realtime,1UVG9QjRwSfFy7mtXaeVXdAj-tv3zmxww,[2023-11-14-2129]11月14日指数估值数据螺丝钉定投实盘第291期投顾组合发车.md,https://drive.google.com/file/d/1UVG9QjRwSfFy7mtXaeVXdAj-tv3zmxww/view?usp=drivesdk,1,截止到收盘，还是在5.2星级,closing_statement,auto_high_confidence,Drive/2023/[2023-11-14-2129]11月14日指数估值数据螺丝钉定投实盘第291期投顾组合发车.md
2023-11-15,5.2,A股,公众号当日估值文章,realtime,1yn8YHY2meGxlRvaV6n_akBOaKeoheZjv,[2023-11-15-2126]11月15日指数估值数据全球市场上涨原来是这个原因.md,https://drive.google.com/file/d/1yn8YHY2meGxlRvaV6n_akBOaKeoheZjv/view?usp=drivesdk,1,截止到收盘，还是在5.2星级,closing_statement,auto_high_confidence,Drive/2023/[2023-11-15-2126]11月15日指数估值数据全球市场上涨原来是这个原因.md
2023-11-16,5.2,A股,公众号当日估值文章,realtime,1zqNCi5D-iSQXBKdDnSegD5kwN3Vi0Lyc,[2023-11-16-2135]11月16日指数估值数据盈利更高了为啥大盘点数没有07年高呢.md,https://drive.google.com/file/d/1zqNCi5D-iSQXBKdDnSegD5kwN3Vi0Lyc/view?usp=drivesdk,1,截止到收盘，还是在5.2星级,closing_statement,auto_high_confidence,Drive/2023/[2023-11-16-2135]11月16日指数估值数据盈利更高了为啥大盘点数没有07年高呢.md
2023-11-17,5.2,A股,公众号当日估值文章,realtime,1GdE0JCwhE7Aw5elSCyigbHMP3pvSaWOq,[2023-11-17-2131]11月17日指数估值数据这一轮熊市是A股最长的么.md,https://drive.google.com/file/d/1GdE0JCwhE7Aw5elSCyigbHMP3pvSaWOq/view?usp=drivesdk,1,截止到收盘，大盘整体波动不大，还是在5.2星级,closing_statement,auto_high_confidence,Drive/2023/[2023-11-17-2131]11月17日指数估值数据这一轮熊市是A股最长的么.md
2023-11-22,5.2,A股,公众号当日估值文章,realtime,1jdcLQ9BOyXNdkYIRvda1_wX-tHrF75nm,[2023-11-22-2125]11月22日指数估值数据小盘股强势反弹目前估值如何.md,https://drive.google.com/file/d/1jdcLQ9BOyXNdkYIRvda1_wX-tHrF75nm/view?usp=drivesdk,1,截止到收盘，还是在5.2星级,closing_statement,auto_high_confidence,Drive/2023/[2023-11-22-2125]11月22日指数估值数据小盘股强势反弹目前估值如何.md
2023-11-23,5.2,A股,公众号当日估值文章,realtime,1GRdx_-q4uU3UfP0m4qJKDgcI8CY2NVp4,[2023-11-23-2128]11月23日指数估值数据北证50指数估值如何抽奖福利.md,https://drive.google.com/file/d/1GRdx_-q4uU3UfP0m4qJKDgcI8CY2NVp4/view?usp=drivesdk,1,截止到收盘，还是在5.2星级,closing_statement,auto_high_confidence,Drive/2023/[2023-11-23-2128]11月23日指数估值数据北证50指数估值如何抽奖福利.md
2023-11-24,5.2,A股,公众号当日估值文章,realtime,1UUmsrCWHoqXnnlsPgsEoMF346MO4K_Vb,[2023-11-24-2138]11月24日指数估值数据百分位估值表来啦.md,https://drive.google.com/file/d/1UUmsrCWHoqXnnlsPgsEoMF346MO4K_Vb/view?usp=drivesdk,1,截止到收盘，还是在5.2星级,closing_statement,auto_high_confidence,Drive/2023/[2023-11-24-2138]11月24日指数估值数据百分位估值表来啦.md
2023-11-27,5.2,A股,公众号当日估值文章,realtime,1S2_e2ganDnBeDlUcFAHef9CUEXA6N-J-,[2023-11-27-2139]11月27日指数估值数据北证50大涨回到正常估值百分位估值有效么.md,https://drive.google.com/file/d/1S2_e2ganDnBeDlUcFAHef9CUEXA6N-J-/view?usp=drivesdk,1,截止到收盘，还是在5.2星级,closing_statement,auto_high_confidence,Drive/2023/[2023-11-27-2139]11月27日指数估值数据北证50大涨回到正常估值百分位估值有效么.md
2023-11-28,5.2,A股,公众号当日估值文章,realtime,1pWvoqJlwsNC5Jrqdhdofhzkf2Am0eWsg,[2023-11-28-2129]11月28日指数估值数据螺丝钉定投实盘第293期投顾组合发车.md,https://drive.google.com/file/d/1pWvoqJlwsNC5Jrqdhdofhzkf2Am0eWsg/view?usp=drivesdk,1,截止到收盘，还是在5.2星级,closing_statement,auto_high_confidence,Drive/2023/[2023-11-28-2129]11月28日指数估值数据螺丝钉定投实盘第293期投顾组合发车.md
2023-11-29,5.2,A股,公众号当日估值文章,realtime,16lwjFVOy4BaMEubB82XhwwaT2LMqjEH7,[2023-11-29-2145]11月29日指数估值数据芒格离世价值投资在A股行得通么.md,https://drive.google.com/file/d/16lwjFVOy4BaMEubB82XhwwaT2LMqjEH7/view?usp=drivesdk,1,截止到收盘还是在5.2星级,closing_statement,auto_high_confidence,Drive/2023/[2023-11-29-2145]11月29日指数估值数据芒格离世价值投资在A股行得通么.md
2023-11-30,5.2,A股,公众号当日估值文章,realtime,14MiT2ncSZ0ts1OkOxFvIahIxEZIJ5k0g,[2023-11-30-2134]11月30日指数估值数据百分位估值表来了熊市下跌能避开么.md,https://drive.google.com/file/d/14MiT2ncSZ0ts1OkOxFvIahIxEZIJ5k0g/view?usp=drivesdk,1,截止到收盘，还是在5.2星级,closing_statement,auto_high_confidence,Drive/2023/[2023-11-30-2134]11月30日指数估值数据百分位估值表来了熊市下跌能避开么.md
2023-12-01,5.2,A股,公众号当日估值文章,realtime,11Pmne62hwuHdZGY0PD2ixTgIXCRmX3zC,[2023-12-01-2138]12月1日指数估值数据股票房地产债券一轮牛熊市有多长抽奖福利.md,https://drive.google.com/file/d/11Pmne62hwuHdZGY0PD2ixTgIXCRmX3zC/view?usp=drivesdk,1,截止到收盘，还是在5.2星级,closing_statement,auto_high_confidence,Drive/2023/[2023-12-01-2138]12月1日指数估值数据股票房地产债券一轮牛熊市有多长抽奖福利.md
2023-12-04,5.3,A股,公众号当日估值文章,realtime,1IU0DaP6L77Srog55_QQj6kkvXNmKfIFp,[2023-12-04-2148]12月4日指数估值数据机构频繁加仓股票市场会好转么.md,https://drive.google.com/file/d/1IU0DaP6L77Srog55_QQj6kkvXNmKfIFp/view?usp=drivesdk,1,截止到收盘，非常接近5.3星级,closing_statement,auto_high_confidence,Drive/2023/[2023-12-04-2148]12月4日指数估值数据机构频繁加仓股票市场会好转么.md
2023-12-05,5.3,A股,公众号当日估值文章,realtime,1mfEIQPe7F8o0uI87H309-IeRn9N-MqWj,[2023-12-05-2107]12月5日指数估值数据跌回53星级螺丝钉定投实盘第294期投顾组合发车.md,https://drive.google.com/file/d/1mfEIQPe7F8o0uI87H309-IeRn9N-MqWj/view?usp=drivesdk,1,截止到收盘，回到5.3星级,closing_statement,auto_high_confidence,Drive/2023/[2023-12-05-2107]12月5日指数估值数据跌回53星级螺丝钉定投实盘第294期投顾组合发车.md
2023-12-06,5.3,A股,公众号当日估值文章,realtime,1CR5soI5NZ8CwB4rlv_b6t2ez2H9Ixs_U,[2023-12-06-2148]12月6日指数估值数据社保也来买指数基金福利活动来袭.md,https://drive.google.com/file/d/1CR5soI5NZ8CwB4rlv_b6t2ez2H9Ixs_U/view?usp=drivesdk,1,截止到收盘，还是在5.3星级,closing_statement,auto_high_confidence,Drive/2023/[2023-12-06-2148]12月6日指数估值数据社保也来买指数基金福利活动来袭.md
2023-12-07,5.3,A股,公众号当日估值文章,realtime,1KomFjBwHDDFnIg0fisqDC9Nj7heRVzpL,[2023-12-07-2143]12月7日指数估值数据百分位估值表来了市场还能起来么.md,https://drive.google.com/file/d/1KomFjBwHDDFnIg0fisqDC9Nj7heRVzpL/view?usp=drivesdk,1,截止到收盘，还是在5.3星级,closing_statement,auto_high_confidence,Drive/2023/[2023-12-07-2143]12月7日指数估值数据百分位估值表来了市场还能起来么.md
2023-12-08,5.3,A股,公众号当日估值文章,realtime,1h1Jj-im9GZMMEb490iU3snqe2ULbzjdm,[2023-12-08-2120]12月8日指数估值数据市值加权指数会追涨杀跌么抽奖福利.md,https://drive.google.com/file/d/1h1Jj-im9GZMMEb490iU3snqe2ULbzjdm/view?usp=drivesdk,1,截止到收盘还是在5.3星级,closing_statement,auto_high_confidence,Drive/2023/[2023-12-08-2120]12月8日指数估值数据市值加权指数会追涨杀跌么抽奖福利.md
2023-12-11,5.3,A股,公众号当日估值文章,realtime,1AI6CxfdWjUTSYa9hmCbCSvpCQAOxk9BN,[2023-12-11-2141]12月11日指数估值数据深V反弹A50指数是什么.md,https://drive.google.com/file/d/1AI6CxfdWjUTSYa9hmCbCSvpCQAOxk9BN/view?usp=drivesdk,1,到收盘的时候，整体上涨，还是在5.3星级,closing_statement,auto_high_confidence,Drive/2023/[2023-12-11-2141]12月11日指数估值数据深V反弹A50指数是什么.md
2023-12-12,5.3,A股,公众号当日估值文章,realtime,1EZMIPzG_WvOEn1s0Z0vi7CLTnjkQYXRd,[2023-12-12-2145]12月12日指数估值数据螺丝钉定投实盘第295期投顾组合发车.md,https://drive.google.com/file/d/1EZMIPzG_WvOEn1s0Z0vi7CLTnjkQYXRd/view?usp=drivesdk,1,截止到收盘，还是在5.3星级,closing_statement,auto_high_confidence,Drive/2023/[2023-12-12-2145]12月12日指数估值数据螺丝钉定投实盘第295期投顾组合发车.md
2023-12-13,5.3,A股,公众号当日估值文章,realtime,143JvBPRSSSJzjUKqNu0C_tkR55bVeLdC,[2023-12-13-2143]12月13日指数估值数据接近54星历史星级走势来了.md,https://drive.google.com/file/d/143JvBPRSSSJzjUKqNu0C_tkR55bVeLdC/view?usp=drivesdk,1,截止到收盘，还是在5.3星级,closing_statement,auto_high_confidence,Drive/2023/[2023-12-13-2143]12月13日指数估值数据接近54星历史星级走势来了.md
2023-12-14,5.3,A股,公众号当日估值文章,realtime,11tk3PD35YFVj51FL_R3__CruozlLEeG1,[2023-12-14-2147]12月14日指数估值数据百分位估值表来了封闭式基金会追涨杀跌么.md,https://drive.google.com/file/d/11tk3PD35YFVj51FL_R3__CruozlLEeG1/view?usp=drivesdk,1,到收盘整体微跌，还是在5.3星级,closing_statement,auto_high_confidence,Drive/2023/[2023-12-14-2147]12月14日指数估值数据百分位估值表来了封闭式基金会追涨杀跌么.md
2023-12-18,5.4,A股,公众号当日估值文章,realtime,12cAF0w7RQz-HxvJkKvF6KeDW3dGyyHLd,[2023-12-18-2136]12月18日指数估值数据回到54星级消费行业该如何投资.md,https://drive.google.com/file/d/12cAF0w7RQz-HxvJkKvF6KeDW3dGyyHLd/view?usp=drivesdk,1,截止到收盘，回到5.4星级,closing_statement,auto_high_confidence,Drive/2023/[2023-12-18-2136]12月18日指数估值数据回到54星级消费行业该如何投资.md
2023-12-19,5.4,A股,公众号当日估值文章,realtime,1fL65t1SK84ssSKvxNaSGSHuvG1Ho9h34,[2023-12-19-2128]12月19日指数估值数据螺丝钉定投实盘第296期投顾组合发车.md,https://drive.google.com/file/d/1fL65t1SK84ssSKvxNaSGSHuvG1Ho9h34/view?usp=drivesdk,1,截止到收盘，还是在5.4星级,closing_statement,auto_high_confidence,Drive/2023/[2023-12-19-2128]12月19日指数估值数据螺丝钉定投实盘第296期投顾组合发车.md
2023-12-20,5.4,A股,公众号当日估值文章,realtime,1i1fyd2-EuY1xTi-74Yf4KNIym8tTYRl7,[2023-12-20-2110]12月20日指数估值数据大盘创2021年以来新低会到56星么福利来袭.md,https://drive.google.com/file/d/1i1fyd2-EuY1xTi-74Yf4KNIym8tTYRl7/view?usp=drivesdk,1,截止到收盘还是在5.4星,closing_statement,auto_high_confidence,Drive/2023/[2023-12-20-2110]12月20日指数估值数据大盘创2021年以来新低会到56星么福利来袭.md
2023-12-22,5.4,A股,公众号当日估值文章,realtime,1OpYVX4Sf64Sznm5y6oW-msC4EHWCvuqO,[2023-12-22-2142]12月22日指数估值数据游戏指数跌停美股经常高估么抽奖福利.md,https://drive.google.com/file/d/1OpYVX4Sf64Sznm5y6oW-msC4EHWCvuqO/view?usp=drivesdk,1,截止到收盘，大盘下跌，还是在5.4星级,closing_statement,auto_high_confidence,Drive/2023/[2023-12-22-2142]12月22日指数估值数据游戏指数跌停美股经常高估么抽奖福利.md
2023-12-25,5.4,A股,公众号当日估值文章,realtime,1TLcppx1W47Yp0AmcsQezyiAyrRqn3tk0,[2023-12-25-2137]12月25日指数估值数据不同股市的指数对比该如何选择港股放假.md,https://drive.google.com/file/d/1TLcppx1W47Yp0AmcsQezyiAyrRqn3tk0/view?usp=drivesdk,1,到收盘整体微 涨，还是在5.4星级,closing_statement,auto_high_confidence,Drive/2023/[2023-12-25-2137]12月25日指数估值数据不同股市的指数对比该如何选择港股放假.md
2023-12-26,5.4,A股,公众号当日估值文章,realtime,1McYff4M8ptEMFSzVpDq0TZqzcr7GfgUN,[2023-12-26-2144]12月26日指数估值数据摸到55星级螺丝钉定投实盘第297期投顾组合发车.md,https://drive.google.com/file/d/1McYff4M8ptEMFSzVpDq0TZqzcr7GfgUN/view?usp=drivesdk,1,到收盘略微反弹，还是在5.4星级,closing_statement,auto_high_confidence,Drive/2023/[2023-12-26-2144]12月26日指数估值数据摸到55星级螺丝钉定投实盘第297期投顾组合发车.md
2023-12-27,5.4,A股,公众号当日估值文章,realtime,1y2ieguVM9MRzgJ9CtfNBhzbqF9BSyk_s,[2023-12-27-2144]12月27日指数估值数据指数的收益投资者都能拿到么.md,https://drive.google.com/file/d/1y2ieguVM9MRzgJ9CtfNBhzbqF9BSyk_s/view?usp=drivesdk,1,到收盘整体微涨，还在5.4星级,closing_statement,auto_high_confidence,Drive/2023/[2023-12-27-2144]12月27日指数估值数据指数的收益投资者都能拿到么.md
2023-12-28,5.4,A股,公众号当日估值文章,realtime,1bHkzJBPQWgxIBm93nPA5y0zJhx9L-XMq,[2023-12-28-2103]12月28日指数估值数据大涨了百分位估值表来了.md,https://drive.google.com/file/d/1bHkzJBPQWgxIBm93nPA5y0zJhx9L-XMq/view?usp=drivesdk,1,截止到收盘，还是在5.4星级,closing_statement,auto_high_confidence,Drive/2023/[2023-12-28-2103]12月28日指数估值数据大涨了百分位估值表来了.md
2023-12-29,5.3,A股,公众号当日估值文章,realtime,198jgL3KOvoMLRUqrJ2Hgqqa4X-ef5cpf,[2023-12-29-2131]12月29日指数估值数据2023结束重回53星抽奖福利.md,https://drive.google.com/file/d/198jgL3KOvoMLRUqrJ2Hgqqa4X-ef5cpf/view?usp=drivesdk,1,截止到收盘，重新回到5.3星级,closing_statement,auto_high_confidence,Drive/2023/[2023-12-29-2131]12月29日指数估值数据2023结束重回53星抽奖福利.md
2024-01-02,5.3,A股,公众号当日估值文章,realtime,1GB8y9lXxIV7DQP71WCKYZi-DyPVYt2It,[2024-01-02-2124]1月2日指数估值数据螺丝钉定投实盘第298期投顾组合发车.md,https://drive.google.com/file/d/1GB8y9lXxIV7DQP71WCKYZi-DyPVYt2It/view?usp=drivesdk,1,截止到收盘，还在5.3星级,closing_statement,auto_high_confidence,Drive/2024/[2024-01-02-2124]1月2日指数估值数据螺丝钉定投实盘第298期投顾组合发车.md
2024-01-03,5.4,A股,公众号当日估值文章,realtime,1E2NjmZMVDEO7TzK0G9_YWjTpX1YrAISS,[2024-01-03-2124]1月3日指数估值数据都叫红利指数为啥收益差别很大.md,https://drive.google.com/file/d/1E2NjmZMVDEO7TzK0G9_YWjTpX1YrAISS/view?usp=drivesdk,0.99,回到5.4星级,opening_state_statement,auto_high_confidence,Drive/2024/[2024-01-03-2124]1月3日指数估值数据都叫红利指数为啥收益差别很大.md
2024-01-04,5.4,A股,公众号当日估值文章,realtime,1xQehe8BeZCWQgRK-E_Vmwp2rwa1MhEfO,[2024-01-04-2118]1月4日指数估值数据百分位估值表来了价值投资在A股有没有效果呢.md,https://drive.google.com/file/d/1xQehe8BeZCWQgRK-E_Vmwp2rwa1MhEfO/view?usp=drivesdk,1,截止到收盘，还是在5.4星级,closing_statement,auto_high_confidence,Drive/2024/[2024-01-04-2118]1月4日指数估值数据百分位估值表来了价值投资在A股有没有效果呢.md
2024-01-05,5.4,A股,公众号当日估值文章,realtime,1rWdLVdtDdQhPuXbadB9rBItqw-R9Wm72,[2024-01-05-2126]1月5日指数估值数据股市牛熊周期有多长抽奖福利.md,https://drive.google.com/file/d/1rWdLVdtDdQhPuXbadB9rBItqw-R9Wm72/view?usp=drivesdk,1,截止到收盘，还是在5.4星级,closing_statement,auto_high_confidence,Drive/2024/[2024-01-05-2126]1月5日指数估值数据股市牛熊周期有多长抽奖福利.md
2024-01-08,5.5,A股,公众号当日估值文章,realtime,1RmbFN8ExdK901Jci2FKgqbWsmoICzwzG,[2024-01-08-2153]1月8日指数估值数据摸到55星都是价值风格表现为何不同.md,https://drive.google.com/file/d/1RmbFN8ExdK901Jci2FKgqbWsmoICzwzG/view?usp=drivesdk,1,截止到收盘，摸到了5.5星级,closing_statement,auto_high_confidence,Drive/2024/[2024-01-08-2153]1月8日指数估值数据摸到55星都是价值风格表现为何不同.md
2024-01-09,5.5,A股,公众号当日估值文章,realtime,13JpSAzDojXxELTLFqFu0g24Dhyv0e8lJ,[2024-01-09-2141]1月9日指数估值数据螺丝钉定投实盘第299期投顾组合发车.md,https://drive.google.com/file/d/13JpSAzDojXxELTLFqFu0g24Dhyv0e8lJ/view?usp=drivesdk,1,截止到收盘，还是 在5.5星级,closing_statement,auto_high_confidence,Drive/2024/[2024-01-09-2141]1月9日指数估值数据螺丝钉定投实盘第299期投顾组合发车.md
2024-01-10,5.5,A股,公众号当日估值文章,realtime,1Rks6bG2lN8jZKbB7X2p5xg6WUBYaX6Tf,[2024-01-10-2154]1月10日指数估值数据投资A股是看上证指数么.md,https://drive.google.com/file/d/1Rks6bG2lN8jZKbB7X2p5xg6WUBYaX6Tf/view?usp=drivesdk,0.995,今天大盘整体微跌，波动不大，还是在5.5星级,today_market_statement,auto_high_confidence,Drive/2024/[2024-01-10-2154]1月10日指数估值数据投资A股是看上证指数么.md
2024-01-11,5.5,A股,公众号当日估值文章,realtime,1sF7RHuITTqz1TjfCcSdAd8R18mYMoSZ0,[2024-01-11-2149]1月11日指数估值数据繁花里的A股行情百分位估值表来了.md,https://drive.google.com/file/d/1sF7RHuITTqz1TjfCcSdAd8R18mYMoSZ0/view?usp=drivesdk,1,截止到收盘，还是在5.5星级,closing_statement,auto_high_confidence,Drive/2024/[2024-01-11-2149]1月11日指数估值数据繁花里的A股行情百分位估值表来了.md
2024-01-12,5.5,A股,公众号当日估值文章,realtime,19FaP3zYvAeuYQqQS9ZMu0-Loowe98EZP,[2024-01-12-2057]1月12日指数估值数据估值表更新A股会不会像日股出现失去的30年呢.md,https://drive.google.com/file/d/19FaP3zYvAeuYQqQS9ZMu0-Loowe98EZP/view?usp=drivesdk,1,截止到收盘，整体微跌，还是在5.5星,closing_statement,auto_high_confidence,Drive/2024/[2024-01-12-2057]1月12日指数估值数据估值表更新A股会不会像日股出现失去的30年呢.md
2024-01-15,5.5,A股,公众号当日估值文章,realtime,1pvGQnTHw8sbuiO-LuPHOVJSl7ez-HZwG,[2024-01-15-2134]1月15日指数估值数据在无人问津时买入在人声鼎沸时离开.md,https://drive.google.com/file/d/1pvGQnTHw8sbuiO-LuPHOVJSl7ez-HZwG/view?usp=drivesdk,1,截止到收盘，还是在5.5星级,closing_statement,auto_high_confidence,Drive/2024/[2024-01-15-2134]1月15日指数估值数据在无人问津时买入在人声鼎沸时离开.md
2024-01-17,5.6,A股,公众号当日估值文章,realtime,1HAQQPxd1h0E6Ydrz7LyUwzczgB-1_fzM,[2024-01-17-2144]1月17日指数估值数据摸到56星级.md,https://drive.google.com/file/d/1HAQQPxd1h0E6Ydrz7LyUwzczgB-1_fzM/view?usp=drivesdk,1,截止到收盘，摸到了5.6星级,closing_statement,auto_high_confidence,Drive/2024/[2024-01-17-2144]1月17日指数估值数据摸到56星级.md
2024-01-18,5.5,A股,公众号当日估值文章,realtime,1IweM3MnsI0H3VxqCKzx2qUdGRMTqC6jn,[2024-01-18-2144]1月18日指数估值数据大盘深V反弹回到55星级百分位估值表来了.md,https://drive.google.com/file/d/1IweM3MnsI0H3VxqCKzx2qUdGRMTqC6jn/view?usp=drivesdk,0.99,回到了5.5星级,opening_state_statement,auto_high_confidence,Drive/2024/[2024-01-18-2144]1月18日指数估值数据大盘深V反弹回到55星级百分位估值表来了.md
2024-01-19,5.6,A股,公众号当日估值文章,realtime,1sAZV2uhe8wgeD9EZd1HR4u40KXDmn3EG,[2024-01-19-2148]1月19日指数估值数据为啥大机构投资主要走指数基金呢抽奖福利.md,https://drive.google.com/file/d/1sAZV2uhe8wgeD9EZd1HR4u40KXDmn3EG/view?usp=drivesdk,1,到收盘整体微跌， 摸到5.6星级,closing_statement,auto_high_confidence,Drive/2024/[2024-01-19-2148]1月19日指数估值数据为啥大机构投资主要走指数基金呢抽奖福利.md
2024-01-22,5.7,A股,公众号当日估值文章,realtime,1n8R9z87NWc_n7JEZQS7beNodpdRdp_os,[2024-01-22-2200]1月22日指数估值数据中小盘指数大幅回落回到57星级.md,https://drive.google.com/file/d/1n8R9z87NWc_n7JEZQS7beNodpdRdp_os/view?usp=drivesdk,1,截止到收盘，回到了5.7星级,closing_statement,auto_high_confidence,Drive/2024/[2024-01-22-2200]1月22日指数估值数据中小盘指数大幅回落回到57星级.md
2024-01-24,5.6,A股,公众号当日估值文章,realtime,1P27m1azEaUflOmzvK9Gn3_ClDaNyFJ66,[2024-01-24-2154]1月24日指数估值数据A股深V反弹降准利好来了.md,https://drive.google.com/file/d/1P27m1azEaUflOmzvK9Gn3_ClDaNyFJ66/view?usp=drivesdk,0.99,回到了5.6星级,opening_state_statement,auto_high_confidence,Drive/2024/[2024-01-24-2154]1月24日指数估值数据A股深V反弹降准利好来了.md
2024-01-25,5.5,A股,公众号当日估值文章,realtime,1AVb2taEBtqTjHm609WcSvEgiv3Q-qKRH,[2024-01-25-2147]1月25日指数估值数据大盘上涨回到55星百分位估值表来了.md,https://drive.google.com/file/d/1AVb2taEBtqTjHm609WcSvEgiv3Q-qKRH/view?usp=drivesdk,1,截止到收盘，大盘一口气回到5.5星级,closing_statement,auto_high_confidence,Drive/2024/[2024-01-25-2147]1月25日指数估值数据大盘上涨回到55星百分位估值表来了.md
2024-01-26,5.6,A股,公众号当日估值文章,realtime,1ofB372CSAcwV6Huq-rf3HvmvOD8xIJEH,[2024-01-26-2147]1月26日指数估值数据不同品种上涨下跌会同步么抽奖福利.md,https://drive.google.com/file/d/1ofB372CSAcwV6Huq-rf3HvmvOD8xIJEH/view?usp=drivesdk,1,截止到收盘，回到5.6星级,closing_statement,auto_high_confidence,Drive/2024/[2024-01-26-2147]1月26日指数估值数据不同品种上涨下跌会同步么抽奖福利.md
2024-01-29,5.6,A股,公众号当日估值文章,realtime,1qKUozJZi2Vr-imQ_D8frg8XdrK7ci1P3,[2024-01-29-2154]1月29日指数估值数据贵上极则反贱贱下极则反贵.md,https://drive.google.com/file/d/1qKUozJZi2Vr-imQ_D8frg8XdrK7ci1P3/view?usp=drivesdk,1,截止到收盘，还是在5.6星级,closing_statement,auto_high_confidence,Drive/2024/[2024-01-29-2154]1月29日指数估值数据贵上极则反贱贱下极则反贵.md
2024-01-30,5.7,A股,公众号当日估值文章,realtime,1WLSS4Jc57ghx2IZ5m2Ft5o2x3mtqsNVn,[2024-01-30-2154]1月30日指数估值数据螺丝钉定投实盘第302期投顾组合发车.md,https://drive.google.com/file/d/1WLSS4Jc57ghx2IZ5m2Ft5o2x3mtqsNVn/view?usp=drivesdk,1,下午收盘，大盘中证全指下跌2.32%，大盘也回到5.7星级,closing_statement,auto_high_confidence,Drive/2024/[2024-01-30-2154]1月30日指数估值数据螺丝钉定投实盘第302期投顾组合发车.md
2024-01-31,5.8,A股,公众号当日估值文章,realtime,1WyQYoYH5XOQM4pP4wk7idYHOi-kvMUvQ,[2024-01-31-2155]1月31日指数估值数据小盘股为啥最近跌的多摸到58星级领龙年红包封面.md,https://drive.google.com/file/d/1WyQYoYH5XOQM4pP4wk7idYHOi-kvMUvQ/view?usp=drivesdk,1,下午收盘，大盘中证全指下跌2.44%，摸到5.8星级,closing_statement,auto_high_confidence,Drive/2024/[2024-01-31-2155]1月31日指数估值数据小盘股为啥最近跌的多摸到58星级领龙年红包封面.md
2024-02-01,5.8,A股,公众号当日估值文章,realtime,1W3yNmYU-Ah-Qpmt_DVRLgTNIFv231qsq,[2024-02-01-2156]2月1日指数估值数据沪深300指数日报更新百分位估值表来了.md,https://drive.google.com/file/d/1W3yNmYU-Ah-Qpmt_DVRLgTNIFv231qsq/view?usp=drivesdk,1,下午收盘，大盘微跌，还在5.8星级,closing_statement,auto_high_confidence,Drive/2024/[2024-02-01-2156]2月1日指数估值数据沪深300指数日报更新百分位估值表来了.md
2024-02-02,5.9,A股,公众号当日估值文章,realtime,1VgA4W4f8mxXT-by_SHP8_fn-NUa5Y-fU,[2024-02-02-2155]2月2日指数估值数据见证估值新纪录.md,https://drive.google.com/file/d/1VgA4W4f8mxXT-by_SHP8_fn-NUa5Y-fU/view?usp=drivesdk,0.99,摸到了5.9星级,opening_state_statement,auto_high_confidence,Drive/2024/[2024-02-02-2155]2月2日指数估值数据见证估值新纪录.md
2024-02-05,5.9,A股,公众号当日估值文章,realtime,1d6b58qVzCI1LxhDQz7D6pZIqKmXoDtfx,[2024-02-05-2156]2月5日指数估值数据大小盘风格严重分化到6星级了么.md,https://drive.google.com/file/d/1d6b58qVzCI1LxhDQz7D6pZIqKmXoDtfx/view?usp=drivesdk,1,到收盘还是在5.9星级,closing_statement,auto_high_confidence,Drive/2024/[2024-02-05-2156]2月5日指数估值数据大小盘风格严重分化到6星级了么.md
2024-02-06,5.8,A股,公众号当日估值文章,realtime,1D1Cfveyre9SQSoEDtvpwN7MbTY02u0Ov,[2024-02-06-2157]2月6日指数估值数据强势反弹螺丝钉定投实盘第303期投顾组合发车.md,https://drive.google.com/file/d/1D1Cfveyre9SQSoEDtvpwN7MbTY02u0Ov/view?usp=drivesdk,0.995,今天大盘迎来大幅反弹，中证全指上涨4.4%，大盘回到5.8星级,today_market_statement,auto_high_confidence,Drive/2024/[2024-02-06-2157]2月6日指数估值数据强势反弹螺丝钉定投实盘第303期投顾组合发车.md
2024-02-07,5.8,A股,公众号当日估值文章,realtime,1QoT_qRFsQwVGXZ9qbhgvM5ULMBYOLiHP,[2024-02-07-2154]2月7日指数估值数据中证5001000强势反弹中小盘指数有啥特点.md,https://drive.google.com/file/d/1QoT_qRFsQwVGXZ9qbhgvM5ULMBYOLiHP/view?usp=drivesdk,0.99,还在5.8星级,opening_state_statement,auto_high_confidence,Drive/2024/[2024-02-07-2154]2月7日指数估值数据中证5001000强势反弹中小盘指数有啥特点.md
2024-02-08,5.7,A股,公众号当日估值文章,realtime,1fyGCSlbndxqSUM1l-EIA_2twh061nAOz,[2024-02-08-2143]2月8日指数估值数据回到57星级百分位估值表来了割肉能解决浮亏痛苦么.md,https://drive.google.com/file/d/1fyGCSlbndxqSUM1l-EIA_2twh061nAOz/view?usp=drivesdk,0.99,回到了5.7星级,opening_state_statement,auto_high_confidence,Drive/2024/[2024-02-08-2143]2月8日指数估值数据回到57星级百分位估值表来了割肉能解决浮亏痛苦么.md
2024-02-18,5.7,A股,公众号当日估值文章,realtime,1VIFUj8KjhYjULEavuEI5hP0xjzmg_HC8,[2024-02-18-2140]2月18日指数估值数据假期里涨跌如何A股会开门红么.md,https://drive.google.com/file/d/1VIFUj8KjhYjULEavuEI5hP0xjzmg_HC8/view?usp=drivesdk,0.99,回到5.7星级,opening_state_statement,auto_high_confidence,Drive/2024/[2024-02-18-2140]2月18日指数估值数据假期里涨跌如何A股会开门红么.md
2024-02-19,5.6,A股,公众号当日估值文章,realtime,10TcpsVim2Xh9O1ytLnDoLsvGNBjipaNj,[2024-02-19-2151]2月19日指数估值数据A股开门红回到56星.md,https://drive.google.com/file/d/10TcpsVim2Xh9O1ytLnDoLsvGNBjipaNj/view?usp=drivesdk,1,截止到收盘，重新回到5.6星,closing_statement,auto_high_confidence,Drive/2024/[2024-02-19-2151]2月19日指数估值数据A股开门红回到56星.md
2024-02-21,5.6,A股,公众号当日估值文章,realtime,1JUkIeikc1FN1TKgXE4tDF8Q-p7_x04TO,[2024-02-21-2156]2月21日指数估值数据大盘6连涨.md,https://drive.google.com/file/d/1JUkIeikc1FN1TKgXE4tDF8Q-p7_x04TO/view?usp=drivesdk,1,截止到收盘，还在5.6星级,closing_statement,auto_high_confidence,Drive/2024/[2024-02-21-2156]2月21日指数估值数据大盘6连涨.md
2024-02-22,5.5,A股,公众号当日估值文章,realtime,1EEQlhWeFmo1C-1dwIH3h6x_LRbXnEHZh,[2024-02-22-2139]2月22日指数估值数据大盘7连涨回到55星百分位估值表来了.md,https://drive.google.com/file/d/1EEQlhWeFmo1C-1dwIH3h6x_LRbXnEHZh/view?usp=drivesdk,0.99,回到了5.5星级,opening_state_statement,auto_high_confidence,Drive/2024/[2024-02-22-2139]2月22日指数估值数据大盘7连涨回到55星百分位估值表来了.md
2024-02-26,5.5,A股,公众号当日估值文章,realtime,11fFr2wko9Oeuc4bSUXDiaUZcbxAQYOl7,[2024-02-26-2138]2月26日指数估值数据低估投资要等待多久呢.md,https://drive.google.com/file/d/11fFr2wko9Oeuc4bSUXDiaUZcbxAQYOl7/view?usp=drivesdk,1,截止到收盘，还在5.5星级,closing_statement,auto_high_confidence,Drive/2024/[2024-02-26-2138]2月26日指数估值数据低估投资要等待多久呢.md
2024-02-27,5.5,A股,公众号当日估值文章,realtime,19YMvPE5Ahng9LTnP93uQIqj1yqMki_q7,[2024-02-27-2149]2月27日指数估值数据螺丝钉定投实盘第305期投顾组合发车.md,https://drive.google.com/file/d/19YMvPE5Ahng9LTnP93uQIqj1yqMki_q7/view?usp=drivesdk,1,截止到收盘，还在5.5星级,closing_statement,auto_high_confidence,Drive/2024/[2024-02-27-2149]2月27日指数估值数据螺丝钉定投实盘第305期投顾组合发车.md
2024-02-28,5.6,A股,公众号当日估值文章,realtime,1x7Vxt4WcGYKCxUBdSVHTFGTvkE-V1fS-,[2024-02-28-2134]2月28日指数估值数据A股回调回到56星不同品种这轮反弹力度如何.md,https://drive.google.com/file/d/1x7Vxt4WcGYKCxUBdSVHTFGTvkE-V1fS-/view?usp=drivesdk,1,截止到收盘，回到5.6星级,closing_statement,auto_high_confidence,Drive/2024/[2024-02-28-2134]2月28日指数估值数据A股回调回到56星不同品种这轮反弹力度如何.md
2024-02-29,5.5,A股,公众号当日估值文章,realtime,1dblJU4T8IpwexaEb9FTk52VizxGSVRHa,[2024-02-29-2143]2月29日指数估值数据上涨回到55星级百分位估值表和沪深300指数日报来了.md,https://drive.google.com/file/d/1dblJU4T8IpwexaEb9FTk52VizxGSVRHa/view?usp=drivesdk,0.995,今天A股整体上涨，回到了5.5星级,today_market_statement,auto_high_confidence,Drive/2024/[2024-02-29-2143]2月29日指数估值数据上涨回到55星级百分位估值表和沪深300指数日报来了.md
2024-03-01,5.4,A股,公众号当日估值文章,realtime,1ay553ipf8Z_CxbnSOVDsugCzh7Pujeed,[2024-03-01-2132]3月1日指数估值数据回到54星止盈有哪两种情况抽奖福利.md,https://drive.google.com/file/d/1ay553ipf8Z_CxbnSOVDsugCzh7Pujeed/view?usp=drivesdk,1,截止到收盘，也回到了5.4星级,closing_statement,auto_high_confidence,Drive/2024/[2024-03-01-2132]3月1日指数估值数据回到54星止盈有哪两种情况抽奖福利.md
2024-03-04,5.4,A股,公众号当日估值文章,realtime,1V6_EkvtXhh1ftEpm9_eNuIpsCKCtUMGB,[2024-03-04-2147]3月4日指数估值数据熊市里做空能赚钱吗.md,https://drive.google.com/file/d/1V6_EkvtXhh1ftEpm9_eNuIpsCKCtUMGB/view?usp=drivesdk,1,截止到收盘，还在5.4星级,closing_statement,auto_high_confidence,Drive/2024/[2024-03-04-2147]3月4日指数估值数据熊市里做空能赚钱吗.md
2024-03-05,5.4,A股,公众号当日估值文章,realtime,1uisNlydgKZELJF-u6nuODguRdBeJq6SL,[2024-03-05-2142]3月5日指数估值数据螺丝钉定投实盘第306期投顾组合发车.md,https://drive.google.com/file/d/1uisNlydgKZELJF-u6nuODguRdBeJq6SL/view?usp=drivesdk,0.995,今天A股整体微跌，波动不大，还在5.4星级,today_market_statement,auto_high_confidence,Drive/2024/[2024-03-05-2142]3月5日指数估值数据螺丝钉定投实盘第306期投顾组合发车.md
2024-03-06,5.4,A股,公众号当日估值文章,realtime,1EWvuDRxKopoM221Y5246qYFh94Gl8CEy,[2024-03-06-2145]3月6日指数估值数据谁是指数基金投资主力.md,https://drive.google.com/file/d/1EWvuDRxKopoM221Y5246qYFh94Gl8CEy/view?usp=drivesdk,1,收盘还是在5.4星级,closing_statement,auto_high_confidence,Drive/2024/[2024-03-06-2145]3月6日指数估值数据谁是指数基金投资主力.md
2024-03-07,5.5,A股,公众号当日估值文章,realtime,1YtgzS57dbLUQVQyMBhGnYrBKk-NeFmJN,[2024-03-07-2152]3月7日指数估值数据回到55星百分位估值表和沪深300指数日报来了.md,https://drive.google.com/file/d/1YtgzS57dbLUQVQyMBhGnYrBKk-NeFmJN/view?usp=drivesdk,1,到收盘的时候，大盘整体下跌，又回到了5.5星,closing_statement,auto_high_confidence,Drive/2024/[2024-03-07-2152]3月7日指数估值数据回到55星百分位估值表和沪深300指数日报来了.md
2024-03-08,5.4,A股,公众号当日估值文章,realtime,1h4RM2MoS5JGFPG0OUuwXt3YpwAoa9q3D,[2024-03-08-2135]3月8日指数估值数据为啥女性投资者收益比男性更高抽奖福利.md,https://drive.google.com/file/d/1h4RM2MoS5JGFPG0OUuwXt3YpwAoa9q3D/view?usp=drivesdk,1,到收盘，整体上涨，又回到了5.4星级,closing_statement,auto_high_confidence,Drive/2024/[2024-03-08-2135]3月8日指数估值数据为啥女性投资者收益比男性更高抽奖福利.md
2024-03-11,5.4,A股,公众号当日估值文章,realtime,14KOIx6DcKU4hIS_QkDnuegSsPisZzkhK,[2024-03-11-2135]3月11日指数估值数据龙抬头创业板大涨债券基金值得投资吗.md,https://drive.google.com/file/d/14KOIx6DcKU4hIS_QkDnuegSsPisZzkhK/view?usp=drivesdk,1,截止到收盘还在5.4星级,closing_statement,auto_high_confidence,Drive/2024/[2024-03-11-2135]3月11日指数估值数据龙抬头创业板大涨债券基金值得投资吗.md
2024-03-12,5.4,A股,公众号当日估值文章,realtime,11aeqvdDFvMGAaPZaGEWG9BL-5WXGuvnc,[2024-03-12-2132]3月12日指数估值数据螺丝钉定投实盘第307期投顾组合发车.md,https://drive.google.com/file/d/11aeqvdDFvMGAaPZaGEWG9BL-5WXGuvnc/view?usp=drivesdk,0.995,今天大盘微涨，还在5.4星级,today_market_statement,auto_high_confidence,Drive/2024/[2024-03-12-2132]3月12日指数估值数据螺丝钉定投实盘第307期投顾组合发车.md
2024-03-13,5.4,A股,公众号当日估值文章,realtime,176UrC3KpakjKPAZE9-OcPln6GbL3CQCW,[2024-03-13-2141]3月13日指数估值数据新书预告来了.md,https://drive.google.com/file/d/176UrC3KpakjKPAZE9-OcPln6GbL3CQCW/view?usp=drivesdk,1,截止到收盘，还是在5.4星级,closing_statement,auto_high_confidence,Drive/2024/[2024-03-13-2141]3月13日指数估值数据新书预告来了.md
2024-03-14,5.4,A股,公众号当日估值文章,realtime,1v4g6eVZNOFxevF3XaMjzZoQuAxbOQXj7,[2024-03-14-2145]3月14日指数估值数据第一只突破2000亿的股票基金诞生百分位估值表和沪深300指数日报来了.md,https://drive.google.com/file/d/1v4g6eVZNOFxevF3XaMjzZoQuAxbOQXj7/view?usp=drivesdk,1,收盘，大盘微跌，波动不大，还是在5.4星级,closing_statement,auto_high_confidence,Drive/2024/[2024-03-14-2145]3月14日指数估值数据第一只突破2000亿的股票基金诞生百分位估值表和沪深300指数日报来了.md
2024-03-18,5.3,A股,公众号当日估值文章,realtime,1wwubKlXsOqiAaj5FT3OjnyPK3bUDBJd_,[2024-03-18-2054]3月18日指数估值数据回到53星鼓励高分红能提振A股吗.md,https://drive.google.com/file/d/1wwubKlXsOqiAaj5FT3OjnyPK3bUDBJd_/view?usp=drivesdk,1,截止到收盘，大盘回到了5.3星级,closing_statement,auto_high_confidence,Drive/2024/[2024-03-18-2054]3月18日指数估值数据回到53星鼓励高分红能提振A股吗.md
2024-03-20,5.3,A股,公众号当日估值文章,realtime,1D0If6dgaYkgtz6BjV_w_21J1Wg9QLnDc,[2024-03-20-2142]3月20日指数估值数据日元加息对咱们投资有啥影响.md,https://drive.google.com/file/d/1D0If6dgaYkgtz6BjV_w_21J1Wg9QLnDc/view?usp=drivesdk,1,收盘变成上涨，还是在5.3星级,closing_statement,auto_high_confidence,Drive/2024/[2024-03-20-2142]3月20日指数估值数据日元加息对咱们投资有啥影响.md
2024-03-21,5.3,A股,公众号当日估值文章,realtime,1kJbNNKgg0cBDUIBPMjN-Zk_NiHn0HS2V,[2024-03-21-2137]3月21日指数估值数据第一只开放式基金诞生100周年百分位估值表和沪深300指数日报来了.md,https://drive.google.com/file/d/1kJbNNKgg0cBDUIBPMjN-Zk_NiHn0HS2V/view?usp=drivesdk,1,到收盘变成微跌，波动不大，还在5.3星,closing_statement,auto_high_confidence,Drive/2024/[2024-03-21-2137]3月21日指数估值数据第一只开放式基金诞生100周年百分位估值表和沪深300指数日报来了.md
2024-03-22,5.4,A股,公众号当日估值文章,realtime,1wrDbODx-EFGUm1qwEIS4KSSVXqgVZhKC,[2024-03-22-2144]3月22日指数估值数据汇率与市场涨跌的关系投资的三个阶段.md,https://drive.google.com/file/d/1wrDbODx-EFGUm1qwEIS4KSSVXqgVZhKC/view?usp=drivesdk,1,截止到收盘，大盘下跌约1%上下，回到5.4星级,closing_statement,auto_high_confidence,Drive/2024/[2024-03-22-2144]3月22日指数估值数据汇率与市场涨跌的关系投资的三个阶段.md
2024-03-25,5.4,A股,公众号当日估值文章,realtime,11Dm57hRzGQon64YDfx6HJMb7JSjcZDc1,[2024-03-25-2135]3月25日指数估值数据创业板指摸到低估4类投资非人民币资产的基金分别是什么.md,https://drive.google.com/file/d/11Dm57hRzGQon64YDfx6HJMb7JSjcZDc1/view?usp=drivesdk,0.995,今天大盘上午微涨，不过到下午变成下跌，还在5.4星级,today_market_statement,auto_high_confidence,Drive/2024/[2024-03-25-2135]3月25日指数估值数据创业板指摸到低估4类投资非人民币资产的基金分别是什么.md
2024-03-26,5.4,A股,公众号当日估值文章,realtime,1NuiR8pZaQlHYheqb1K9Hpyf30t6IGGg6,[2024-03-26-2143]3月26日指数估值数据螺丝钉定投实盘第309期投顾组合发车.md,https://drive.google.com/file/d/1NuiR8pZaQlHYheqb1K9Hpyf30t6IGGg6/view?usp=drivesdk,1,到收盘的时候大盘微涨，还在5.4星级,closing_statement,auto_high_confidence,Drive/2024/[2024-03-26-2143]3月26日指数估值数据螺丝钉定投实盘第309期投顾组合发车.md
2024-03-27,5.5,A股,公众号当日估值文章,realtime,1MsFd1ERMLLkS3keiL0sbCMN9nnD5Xn7j,[2024-03-27-2143]3月27日指数估值数据回到55星级拥有多少资产量算得上是富裕家庭呢.md,https://drive.google.com/file/d/1MsFd1ERMLLkS3keiL0sbCMN9nnD5Xn7j/view?usp=drivesdk,1,收盘的时候快速下跌，到收盘摸到5.5星级,closing_statement,auto_high_confidence,Drive/2024/[2024-03-27-2143]3月27日指数估值数据回到55星级拥有多少资产量算得上是富裕家庭呢.md
2024-03-28,5.4,A股,公众号当日估值文章,realtime,17p_zux5Cg-RoXz7iSFKzd2kgA0DD7buF,[2024-03-28-2145]3月28日指数估值数据熊市里坚持下来的投资者有多少百分位估值表和沪深300指数日报来了.md,https://drive.google.com/file/d/17p_zux5Cg-RoXz7iSFKzd2kgA0DD7buF/view?usp=drivesdk,1,截止到收盘，还是在5.4星,closing_statement,auto_high_confidence,Drive/2024/[2024-03-28-2145]3月28日指数估值数据熊市里坚持下来的投资者有多少百分位估值表和沪深300指数日报来了.md
2024-03-29,5.4,A股,公众号当日估值文章,realtime,1CRD_4w3q3wTpXmnN_1YlhnJ8eYspvS2o,[2024-03-29-2137]3月29日指数估值数据牛市多久出现一次呢抽奖福利.md,https://drive.google.com/file/d/1CRD_4w3q3wTpXmnN_1YlhnJ8eYspvS2o/view?usp=drivesdk,1,到收盘整体上涨，还在5.4星,closing_statement,auto_high_confidence,Drive/2024/[2024-03-29-2137]3月29日指数估值数据牛市多久出现一次呢抽奖福利.md
2024-04-01,5.3,A股,公众号当日估值文章,realtime,1aCRRTBUc_ZlvOhmX1sRdV1e4UKDbt-_Y,[2024-04-01-2158]4月1日指数估值数据回到53星买股票基金为啥不适合看短期收益率呢.md,https://drive.google.com/file/d/1aCRRTBUc_ZlvOhmX1sRdV1e4UKDbt-_Y/view?usp=drivesdk,0.99,回到5.3星级,opening_state_statement,auto_high_confidence,Drive/2024/[2024-04-01-2158]4月1日指数估值数据回到53星买股票基金为啥不适合看短期收益率呢.md
2024-04-03,5.4,A股,公众号当日估值文章,realtime,1mPgAhCLXyZj9cOIrz1EmiZZyW6pYAMU7,[2024-04-03-2146]4月3日指数估值数据经济指标好转股市会继续上涨么.md,https://drive.google.com/file/d/1mPgAhCLXyZj9cOIrz1EmiZZyW6pYAMU7/view?usp=drivesdk,1,截止到收盘，还在5.4星级,closing_statement,auto_high_confidence,Drive/2024/[2024-04-03-2146]4月3日指数估值数据经济指标好转股市会继续上涨么.md
2024-04-07,5.3,A股,公众号当日估值文章,realtime,1enotyjQURvSwMhQ6Nd8WvtafkAJSBHXU,[2024-04-07-2133]4月7日指数估值数据假期里涨跌如何.md,https://drive.google.com/file/d/1enotyjQURvSwMhQ6Nd8WvtafkAJSBHXU/view?usp=drivesdk,0.99,回到5.3星,opening_state_statement,auto_high_confidence,Drive/2024/[2024-04-07-2133]4月7日指数估值数据假期里涨跌如何.md
2024-04-08,5.4,A股,公众号当日估值文章,realtime,1oojLfJl2bejgEmOVCzVqP0VskZQNBaPR,[2024-04-08-2136]4月8日指数估值数据跨地区套利养老你会考虑么.md,https://drive.google.com/file/d/1oojLfJl2bejgEmOVCzVqP0VskZQNBaPR/view?usp=drivesdk,0.995,今天大盘整体下跌，截止到收 盘，还在5.4星级,today_market_statement,auto_high_confidence,Drive/2024/[2024-04-08-2136]4月8日指数估值数据跨地区套利养老你会考虑么.md
2024-04-09,5.4,A股,公众号当日估值文章,realtime,1EyWp7HsaH47Fxb3BmwumdSJwtqmqeSmX,[2024-04-09-2138]4月9日指数估值数据螺丝钉定投实盘第311期投顾组合发车.md,https://drive.google.com/file/d/1EyWp7HsaH47Fxb3BmwumdSJwtqmqeSmX/view?usp=drivesdk,1,到收盘还在5.4星级,closing_statement,auto_high_confidence,Drive/2024/[2024-04-09-2138]4月9日指数估值数据螺丝钉定投实盘第311期投顾组合发车.md
2024-04-10,5.5,A股,公众号当日估值文章,realtime,1XG92x56qws7SirffB5vGnc9e_7Q4L_-5,[2024-04-10-2134]4月10日指数估值数据房地产有没有指数基金呢.md,https://drive.google.com/file/d/1XG92x56qws7SirffB5vGnc9e_7Q4L_-5/view?usp=drivesdk,1,截止到收盘，在5.5 星,closing_statement,auto_high_confidence,Drive/2024/[2024-04-10-2134]4月10日指数估值数据房地产有没有指数基金呢.md
2024-04-12,5.5,A股,公众号当日估值文章,realtime,1R9YHQayNyXYQnLbelEsixBQ5HNyGI0Uy,[2024-04-12-2141]4月12日指数估值数据信托产品暴雷是怎么回事呢抽奖福利.md,https://drive.google.com/file/d/1R9YHQayNyXYQnLbelEsixBQ5HNyGI0Uy/view?usp=drivesdk,1,截止到收盘，回到5.5星,closing_statement,auto_high_confidence,Drive/2024/[2024-04-12-2141]4月12日指数估值数据信托产品暴雷是怎么回事呢抽奖福利.md
2024-04-16,5.6,A股,公众号当日估值文章,realtime,1csYgZoB742Rs8ka8BtOaJG8I8KmRYOmw,[2024-04-16-2146]4月16日指数估值数据回到56星级螺丝钉定投实盘第312期投顾组合发车.md,https://drive.google.com/file/d/1csYgZoB742Rs8ka8BtOaJG8I8KmRYOmw/view?usp=drivesdk,0.995,今天大盘整体下跌，中证全指下跌2.89%，回到5.6星,today_market_statement,auto_high_confidence,Drive/2024/[2024-04-16-2146]4月16日指数估值数据回到56星级螺丝钉定投实盘第312期投顾组合发车.md
2024-04-17,5.5,A股,公众号当日估值文章,realtime,1R3dixBYcqjfSulJpKxsJjafd4MOiPA1_,[2024-04-17-2150]4月17日指数估值数据回到55星级小微盘股波动大对我们投资有什么影响.md,https://drive.google.com/file/d/1R3dixBYcqjfSulJpKxsJjafd4MOiPA1_/view?usp=drivesdk,1,截止到收盘，回到5.5星,closing_statement,auto_high_confidence,Drive/2024/[2024-04-17-2150]4月17日指数估值数据回到55星级小微盘股波动大对我们投资有什么影响.md
2024-04-18,5.5,A股,公众号当日估值文章,realtime,10GHMnz06LcbHGqfgBVH0idSVvcAuSt8l,[2024-04-18-2135]4月18日指数估值数据A股红利和美股红利有什么区别百分位估值表和300500指数日报来了.md,https://drive.google.com/file/d/10GHMnz06LcbHGqfgBVH0idSVvcAuSt8l/view?usp=drivesdk,1,到收盘，大盘整体微涨，还在5.5星,closing_statement,auto_high_confidence,Drive/2024/[2024-04-18-2135]4月18日指数估值数据A股红利和美股红利有什么区别百分位估值表和300500指数日报来了.md
2024-04-19,5.5,A股,公众号当日估值文章,realtime,1olYp3thnGKoM4yeRwlgHnKR20RV9uVG-,[2024-04-19-2136]4月19日指数估值数据存款利率倒挂对投资有什么影响.md,https://drive.google.com/file/d/1olYp3thnGKoM4yeRwlgHnKR20RV9uVG-/view?usp=drivesdk,1,截止到收盘，还在5.5星,closing_statement,auto_high_confidence,Drive/2024/[2024-04-19-2136]4月19日指数估值数据存款利率倒挂对投资有什么影响.md
2024-04-22,5.5,A股,公众号当日估值文章,realtime,1Oo6DIRH4z-Whopp1fXjw-AzUqzZsZHB3,[2024-04-22-2142]4月22日指数估值数据全球市场风格轮动购书福利来啦黄金星级更新.md,https://drive.google.com/file/d/1Oo6DIRH4z-Whopp1fXjw-AzUqzZsZHB3/view?usp=drivesdk,0.995,今天大盘整体波动不大，还在5.5星级,today_market_statement,auto_high_confidence,Drive/2024/[2024-04-22-2142]4月22日指数估值数据全球市场风格轮动购书福利来啦黄金星级更新.md
2024-04-23,5.5,A股,公众号当日估值文章,realtime,17fgxoLQpC8gFac_rG5n0e-MoF915vaqq,[2024-04-23-2136]4月23日指数估值数据螺丝钉定投实盘第313期投顾组合发车购书福利来啦.md,https://drive.google.com/file/d/17fgxoLQpC8gFac_rG5n0e-MoF915vaqq/view?usp=drivesdk,1,截止到收盘 ，还在5.5星级,closing_statement,auto_high_confidence,Drive/2024/[2024-04-23-2136]4月23日指数估值数据螺丝钉定投实盘第313期投顾组合发车购书福利来啦.md
2024-04-24,5.5,A股,公众号当日估值文章,realtime,1WEudVnrxmv6Xe4MUhxX2ZfgYYHLeBE3W,[2024-04-24-2153]4月24日指数估值数据指数基金最大买家揭晓今天几星小程序上线估值表功能.md,https://drive.google.com/file/d/1WEudVnrxmv6Xe4MUhxX2ZfgYYHLeBE3W/view?usp=drivesdk,1,截止到收盘，还在5.5星,closing_statement,auto_high_confidence,Drive/2024/[2024-04-24-2153]4月24日指数估值数据指数基金最大买家揭晓今天几星小程序上线估值表功能.md
2024-04-25,5.5,A股,公众号当日估值文章,realtime,1WJo61PBM6c1VvDM4AMY-_qGtqzT1pd8X,[2024-04-25-2153]4月25日指数估值数据长期纯债下跌是怎么回事百分位估值表和300500指数日报来了.md,https://drive.google.com/file/d/1WJo61PBM6c1VvDM4AMY-_qGtqzT1pd8X/view?usp=drivesdk,1,截止到收盘，还在5.5星,closing_statement,auto_high_confidence,Drive/2024/[2024-04-25-2153]4月25日指数估值数据长期纯债下跌是怎么回事百分位估值表和300500指数日报来了.md
2024-04-26,5.4,A股,公众号当日估值文章,realtime,1aFPhTzJWyMOaW8glKbkLoDVEwd4davsD,[2024-04-26-2156]4月26日指数估值数据如何靠基金获得定期现金流抽奖福利.md,https://drive.google.com/file/d/1aFPhTzJWyMOaW8glKbkLoDVEwd4davsD/view?usp=drivesdk,1,截止到收盘，回到 5.4星,closing_statement,auto_high_confidence,Drive/2024/[2024-04-26-2156]4月26日指数估值数据如何靠基金获得定期现金流抽奖福利.md
2024-04-29,5.4,A股,公众号当日估值文章,realtime,1D11ZTEGD7nK0maKI6LF5olHB7-d2v52v,[2024-04-29-2156]4月29日指数估值数据大盘连续上涨回到54星黄金星级更新.md,https://drive.google.com/file/d/1D11ZTEGD7nK0maKI6LF5olHB7-d2v52v/view?usp=drivesdk,1,截止到收盘，还在5.4星,closing_statement,auto_high_confidence,Drive/2024/[2024-04-29-2156]4月29日指数估值数据大盘连续上涨回到54星黄金星级更新.md
2024-04-30,5.4,A股,公众号当日估值文章,realtime,1TKVOdPE_WcdUehF0GakbrUMH-HHA0PJX,[2024-04-30-2153]4月30日指数估值数据螺丝钉定投实盘第314期投顾组合发车.md,https://drive.google.com/file/d/1TKVOdPE_WcdUehF0GakbrUMH-HHA0PJX/view?usp=drivesdk,0.995,今天大盘整体微跌，波动不大，还在5.4星级,today_market_statement,auto_high_confidence,Drive/2024/[2024-04-30-2153]4月30日指数估值数据螺丝钉定投实盘第314期投顾组合发车.md
2024-05-05,5.4,A股,公众号当日估值文章,realtime,1m001Ua8lmHNucJL8b19lpLvJaBtqNfqb,[2024-05-05-2136]5月5日指数估值数据假期港股大涨.md,https://drive.google.com/file/d/1m001Ua8lmHNucJL8b19lpLvJaBtqNfqb/view?usp=drivesdk,0.99,回到5.4星,opening_state_statement,auto_high_confidence,Drive/2024/[2024-05-05-2136]5月5日指数估值数据假期港股大涨.md
2024-05-06,5.3,A股,公众号当日估值文章,realtime,1YNfr3PO8Uz0EA_9abBko6e-gbnL5uQ33,[2024-05-06-2200]5月6日指数估值数据A股上涨回到53星级月薪宝发薪日黄金星级更新.md,https://drive.google.com/file/d/1YNfr3PO8Uz0EA_9abBko6e-gbnL5uQ33/view?usp=drivesdk,1,截止到收盘，回 到5.3星,closing_statement,auto_high_confidence,Drive/2024/[2024-05-06-2200]5月6日指数估值数据A股上涨回到53星级月薪宝发薪日黄金星级更新.md
2024-05-07,5.3,A股,公众号当日估值文章,realtime,19srl-Rx9shKRUdXlredyiw4C_y2-Madw,[2024-05-07-2133]5月7日指数估值数据螺丝钉定投实盘第315期投顾组合发车.md,https://drive.google.com/file/d/19srl-Rx9shKRUdXlredyiw4C_y2-Madw/view?usp=drivesdk,1,截止到收盘，还在5.3星,closing_statement,auto_high_confidence,Drive/2024/[2024-05-07-2133]5月7日指数估值数据螺丝钉定投实盘第315期投顾组合发车.md
2024-05-09,5.3,A股,公众号当日估值文章,realtime,1-2FKjInEVWx1hoWHts_ju3Q_sDxWcpBa,[2024-05-09-2153]5月9日指数估值数据市场整体上涨不同板块盈利情况如何300500指数日报来了.md,https://drive.google.com/file/d/1-2FKjInEVWx1hoWHts_ju3Q_sDxWcpBa/view?usp=drivesdk,1,截止到收盘，还在5.3星,closing_statement,auto_high_confidence,Drive/2024/[2024-05-09-2153]5月9日指数估值数据市场整体上涨不同板块盈利情况如何300500指数日报来了.md
2024-05-10,5.3,A股,公众号当日估值文章,realtime,1jOcb_iGsSBjcrKYWhmIQpkbjv2iQxWel,[2024-05-10-2142]5月10日指数估值数据港股继续上涨还在低估吗抽奖福利.md,https://drive.google.com/file/d/1jOcb_iGsSBjcrKYWhmIQpkbjv2iQxWel/view?usp=drivesdk,0.995,今天大盘整体波动不大，还在5.3星,today_market_statement,auto_high_confidence,Drive/2024/[2024-05-10-2142]5月10日指数估值数据港股继续上涨还在低估吗抽奖福利.md
2024-05-13,5.3,A股,公众号当日估值文章,realtime,1MZy7fHtw95HIGI6HnLwGdsszgS9Bjk35,[2024-05-13-2143]5月13日指数估值数据基金经理离职怎么办月薪宝发薪日黄金星级更新.md,https://drive.google.com/file/d/1MZy7fHtw95HIGI6HnLwGdsszgS9Bjk35/view?usp=drivesdk,0.995,今天大盘微跌，还在5.3星,today_market_statement,auto_high_confidence,Drive/2024/[2024-05-13-2143]5月13日指数估值数据基金经理离职怎么办月薪宝发薪日黄金星级更新.md
2024-05-14,5.3,A股,公众号当日估值文章,realtime,1sG6EX060v0fgjKc5XJsuVKxMp82gwgBg,[2024-05-14-2146]5月14日指数估值数据螺丝钉定投实盘第316期投顾组合发车.md,https://drive.google.com/file/d/1sG6EX060v0fgjKc5XJsuVKxMp82gwgBg/view?usp=drivesdk,0.995,今天市场大盘波动不大，微涨微跌，还在5.3星级,today_market_statement,auto_high_confidence,Drive/2024/[2024-05-14-2146]5月14日指数估值数据螺丝钉定投实盘第316期投顾组合发车.md
2024-05-17,5.3,A股,公众号当日估值文章,realtime,1M81N0F1fBJD3K8nzwznl8AZ4N5GC5Yvc,[2024-05-17-2139]5月17日指数估值数据港股还有低估品种吗抽奖福利.md,https://drive.google.com/file/d/1M81N0F1fBJD3K8nzwznl8AZ4N5GC5Yvc/view?usp=drivesdk,1,截止到收盘，还在5.3星,closing_statement,auto_high_confidence,Drive/2024/[2024-05-17-2139]5月17日指数估值数据港股还有低估品种吗抽奖福利.md
2024-05-20,5.3,A股,公众号当日估值文章,realtime,1ioAdy5XGAmVLvJ3eoJbLrIcwymDWmEnL,[2024-05-20-2147]5月20日指数估值数据超长期特别国债发行月薪宝训练营招募黄金星级更新.md,https://drive.google.com/file/d/1ioAdy5XGAmVLvJ3eoJbLrIcwymDWmEnL/view?usp=drivesdk,0.995,今天大盘整体微涨，波动不大，还在5.3星,today_market_statement,auto_high_confidence,Drive/2024/[2024-05-20-2147]5月20日指数估值数据超长期特别国债发行月薪宝训练营招募黄金星级更新.md
2024-05-22,5.3,A股,公众号当日估值文章,realtime,1Le5etMw3ChKDc6gnjQtHWuF7-47VEIpy,[2024-05-22-2149]5月22日指数估值数据红利表现强势还能投资吗.md,https://drive.google.com/file/d/1Le5etMw3ChKDc6gnjQtHWuF7-47VEIpy/view?usp=drivesdk,0.995,今天大盘整体波动不大，还在5.3星,today_market_statement,auto_high_confidence,Drive/2024/[2024-05-22-2149]5月22日指数估值数据红利表现强势还能投资吗.md
2024-05-23,5.4,A股,公众号当日估值文章,realtime,1dlZkg9yIylFBotwefq1YSnVZQ5NPVwWE,[2024-05-23-2119]5月23日指数估值数据除了房地产还有什么能盘活居民资产300500指数日报来了.md,https://drive.google.com/file/d/1dlZkg9yIylFBotwefq1YSnVZQ5NPVwWE/view?usp=drivesdk,1,截止到收盘，回到5.4星,closing_statement,auto_high_confidence,Drive/2024/[2024-05-23-2119]5月23日指数估值数据除了房地产还有什么能盘活居民资产300500指数日报来了.md
2024-05-24,5.4,A股,公众号当日估值文章,realtime,1_3cozuk3w_u-D3LWLbnyW0nB8LUEcCCM,[2024-05-24-2138]5月24日指数估值数据低估品种为啥上涨有先有后估值表绿色增多抽奖福利.md,https://drive.google.com/file/d/1_3cozuk3w_u-D3LWLbnyW0nB8LUEcCCM/view?usp=drivesdk,1,截止到收盘还在5.4星,closing_statement,auto_high_confidence,Drive/2024/[2024-05-24-2138]5月24日指数估值数据低估品种为啥上涨有先有后估值表绿色增多抽奖福利.md
2024-05-27,5.4,A股,公众号当日估值文章,realtime,1AAyvTAIcDWEfFEOYxX1qFMxM5Qf5_ifY,[2024-05-27-2147]5月27日指数估值数据新的利好政策来了还会回到59星吗月薪宝发薪日黄金星级更新.md,https://drive.google.com/file/d/1AAyvTAIcDWEfFEOYxX1qFMxM5Qf5_ifY/view?usp=drivesdk,1,截止到收盘，还在5.4星,closing_statement,auto_high_confidence,Drive/2024/[2024-05-27-2147]5月27日指数估值数据新的利好政策来了还会回到59星吗月薪宝发薪日黄金星级更新.md
2024-05-28,5.4,A股,公众号当日估值文章,realtime,12oXE7nLlDU5f61P8LxMW_LitmlAHU42Z,[2024-05-28-2148]5月28日指数估值数据螺丝钉定投实盘第318期投顾组合发车.md,https://drive.google.com/file/d/12oXE7nLlDU5f61P8LxMW_LitmlAHU42Z/view?usp=drivesdk,0.99,还在5.4星,opening_state_statement,auto_high_confidence,Drive/2024/[2024-05-28-2148]5月28日指数估值数据螺丝钉定投实盘第318期投顾组合发车.md
2024-05-29,5.4,A股,公众号当日估值文章,realtime,1OkK3wnJ_0dS-sMsthbFrK1sMH7MgUTXU,[2024-05-29-2148]5月29日指数估值数据红利指数的四次进化.md,https://drive.google.com/file/d/1OkK3wnJ_0dS-sMsthbFrK1sMH7MgUTXU/view?usp=drivesdk,0.995,今天大盘整体波动不大，微涨微跌，还在5.4星,today_market_statement,auto_high_confidence,Drive/2024/[2024-05-29-2148]5月29日指数估值数据红利指数的四次进化.md
2024-05-30,5.4,A股,公众号当日估值文章,realtime,1bSFs5wDTONThNUwSvBBFJLC1XetYxACe,[2024-05-30-2143]5月30日指数估值数据未来还会有3星级吗300500指数日报来了.md,https://drive.google.com/file/d/1bSFs5wDTONThNUwSvBBFJLC1XetYxACe/view?usp=drivesdk,1,截止到收盘，还在5.4星,closing_statement,auto_high_confidence,Drive/2024/[2024-05-30-2143]5月30日指数估值数据未来还会有3星级吗300500指数日报来了.md
2024-05-31,5.4,A股,公众号当日估值文章,realtime,1B-be4ZXxczXhQ0Kbv6jU5hikCRJ-SpKJ,[2024-05-31-2147]5月31日指数估值数据上证指数为啥总是3000点左右抽奖福利.md,https://drive.google.com/file/d/1B-be4ZXxczXhQ0Kbv6jU5hikCRJ-SpKJ/view?usp=drivesdk,1,截止到收盘，还在5.4星,closing_statement,auto_high_confidence,Drive/2024/[2024-05-31-2147]5月31日指数估值数据上证指数为啥总是3000点左右抽奖福利.md
2024-06-04,5.4,A股,公众号当日估值文章,realtime,1EQPmgLIlrGyDh5RKcgGwo9RX3iDwstVJ,[2024-06-04-2153]6月4日指数估值数据螺丝钉定投实盘第319期投顾组合发车.md,https://drive.google.com/file/d/1EQPmgLIlrGyDh5RKcgGwo9RX3iDwstVJ/view?usp=drivesdk,1,截止到收盘，回到5.4星,closing_statement,auto_high_confidence,Drive/2024/[2024-06-04-2153]6月4日指数估值数据螺丝钉定投实盘第319期投顾组合发车.md
2024-06-06,5.5,A股,公众号当日估值文章,realtime,1OdVZDTM2EjPPKa9HTjXIG9x9X1xAyV9c,[2024-06-06-2136]6月6日指数估值数据退市股要小心如何避免退市风险300500指数日报来了.md,https://drive.google.com/file/d/1OdVZDTM2EjPPKa9HTjXIG9x9X1xAyV9c/view?usp=drivesdk,0.995,今天大盘整体下跌，回到5.5星,today_market_statement,auto_high_confidence,Drive/2024/[2024-06-06-2136]6月6日指数估值数据退市股要小心如何避免退市风险300500指数日报来了.md
2024-06-07,5.5,A股,公众号当日估值文章,realtime,1baYSUNDBMgMDZAZbEFIdjYxhEUkQ2wCs,[2024-06-07-2150]6月7日指数估值数据持有收息债券和红利指数基金该怎么选择抽奖福利.md,https://drive.google.com/file/d/1baYSUNDBMgMDZAZbEFIdjYxhEUkQ2wCs/view?usp=drivesdk,0.995,今天大盘整体波动不大，还在5.5星,today_market_statement,auto_high_confidence,Drive/2024/[2024-06-07-2150]6月7日指数估值数据持有收息债券和红利指数基金该怎么选择抽奖福利.md
2024-06-11,5.5,A股,公众号当日估值文章,realtime,1EiUc9S_R_nH0UjtNH8zLMHAkNBBMtZi0,[2024-06-11-2134]6月11日指数估值数据螺丝钉定投实盘第320期投顾组合发车月薪宝发薪日.md,https://drive.google.com/file/d/1EiUc9S_R_nH0UjtNH8zLMHAkNBBMtZi0/view?usp=drivesdk,1,截止到收盘，还在5.5星,closing_statement,auto_high_confidence,Drive/2024/[2024-06-11-2134]6月11日指数估值数据螺丝钉定投实盘第320期投顾组合发车月薪宝发薪日.md
2024-06-12,5.5,A股,公众号当日估值文章,realtime,1RqZy4kwJKTVAjGVM5x_Bv6gyKlwtv-yK,[2024-06-12-2132]6月12日指数估值数据高频量化受限制对我们投资有什么影响.md,https://drive.google.com/file/d/1RqZy4kwJKTVAjGVM5x_Bv6gyKlwtv-yK/view?usp=drivesdk,0.995,今天大盘微涨，波动不大，还在5.5星,today_market_statement,auto_high_confidence,Drive/2024/[2024-06-12-2132]6月12日指数估值数据高频量化受限制对我们投资有什么影响.md
2024-06-13,5.5,A股,公众号当日估值文章,realtime,1yLH0fE5ZgeZqdmO8P4iPF6ez104B5f72,[2024-06-13-2133]6月13日指数估值数据价值和成长指数谁收益更高300500指数日报来了.md,https://drive.google.com/file/d/1yLH0fE5ZgeZqdmO8P4iPF6ez104B5f72/view?usp=drivesdk,1,截止到收盘，还在5.5星,closing_statement,auto_high_confidence,Drive/2024/[2024-06-13-2133]6月13日指数估值数据价值和成长指数谁收益更高300500指数日报来了.md
2024-06-14,5.5,A股,公众号当日估值文章,realtime,17SKKrng8jcSGue8kjsvup0FTZOL2UgSE,[2024-06-14-2141]6月14日指数估值数据养老FOF基金清盘该怎么办抽奖福利.md,https://drive.google.com/file/d/17SKKrng8jcSGue8kjsvup0FTZOL2UgSE/view?usp=drivesdk,1,截止到收盘，还在5.5星,closing_statement,auto_high_confidence,Drive/2024/[2024-06-14-2141]6月14日指数估值数据养老FOF基金清盘该怎么办抽奖福利.md
2024-06-17,5.5,A股,公众号当日估值文章,realtime,1gpEpQP8YO99TiXOIcPu9xz4fcSuIj6PE,[2024-06-17-2151]6月17日指数估值数据618购书福利金融机构退金令意味着什么月薪宝发薪日黄金星级更新.md,https://drive.google.com/file/d/1gpEpQP8YO99TiXOIcPu9xz4fcSuIj6PE/view?usp=drivesdk,0.995,今天大盘微跌，波动不大，还在5.5星,today_market_statement,auto_high_confidence,Drive/2024/[2024-06-17-2151]6月17日指数估值数据618购书福利金融机构退金令意味着什么月薪宝发薪日黄金星级更新.md
2024-06-18,5.5,A股,公众号当日估值文章,realtime,176XfG7FslZp1aBjjiS2COl1YlppROjUZ,[2024-06-18-2139]6月18日指数估值数据螺丝钉定投实盘第321期投顾组合发车.md,https://drive.google.com/file/d/176XfG7FslZp1aBjjiS2COl1YlppROjUZ/view?usp=drivesdk,0.995,今天大盘整体微涨，波动不大，还在5.5星,today_market_statement,auto_high_confidence,Drive/2024/[2024-06-18-2139]6月18日指数估值数据螺丝钉定投实盘第321期投顾组合发车.md
2024-06-19,5.5,A股,公众号当日估值文章,realtime,1vZ5zc000nqjbgY6icpgrpRiGVUUcunAo,[2024-06-19-2144]6月19日指数估值数据机构买入的指数基金会怎样卖出.md,https://drive.google.com/file/d/1vZ5zc000nqjbgY6icpgrpRiGVUUcunAo/view?usp=drivesdk,1,截止到收盘还在5.5星,closing_statement,auto_high_confidence,Drive/2024/[2024-06-19-2144]6月19日指数估值数据机构买入的指数基金会怎样卖出.md
2024-06-20,5.6,A股,公众号当日估值文章,realtime,1pvYKE0abethSn1bsaRcYWw7NKV0R4RnK,[2024-06-20-2133]6月20日指数估值数据摸到56星300500指数日报来了.md,https://drive.google.com/file/d/1pvYKE0abethSn1bsaRcYWw7NKV0R4RnK/view?usp=drivesdk,1,到收盘的时候，摸到5.6星,closing_statement,auto_high_confidence,Drive/2024/[2024-06-20-2133]6月20日指数估值数据摸到56星300500指数日报来了.md
2024-06-21,5.6,A股,公众号当日估值文章,realtime,13_7wT5t6RZAIXyyYVhCeJHUoxuG09xoI,[2024-06-21-2145]6月21日指数估值数据A股长期投资难点在哪里抽奖福利.md,https://drive.google.com/file/d/13_7wT5t6RZAIXyyYVhCeJHUoxuG09xoI/view?usp=drivesdk,1,到收盘的时候微跌，还在5.6星,closing_statement,auto_high_confidence,Drive/2024/[2024-06-21-2145]6月21日指数估值数据A股长期投资难点在哪里抽奖福利.md
2024-06-24,5.6,A股,公众号当日估值文章,realtime,1DFSUXJ6foZMlj4H094-QD9DtJyYesjDK,[2024-06-24-2147]6月24日指数估值数据小微盘股大跌的原因月薪宝发薪日黄金星级更新.md,https://drive.google.com/file/d/1DFSUXJ6foZMlj4H094-QD9DtJyYesjDK/view?usp=drivesdk,1,截止到收盘，还在5.6星,closing_statement,auto_high_confidence,Drive/2024/[2024-06-24-2147]6月24日指数估值数据小微盘股大跌的原因月薪宝发薪日黄金星级更新.md
2024-06-25,5.7,A股,公众号当日估值文章,realtime,1JiZ6oYeTZMTvVs7V71m1XmvkYwX1C-CO,[2024-06-25-2146]6月25日指数估值数据摸到57星螺丝钉定投实盘第322期投顾组合发车.md,https://drive.google.com/file/d/1JiZ6oYeTZMTvVs7V71m1XmvkYwX1C-CO/view?usp=drivesdk,1,截止到收盘，摸到5.7星,closing_statement,auto_high_confidence,Drive/2024/[2024-06-25-2146]6月25日指数估值数据摸到57星螺丝钉定投实盘第322期投顾组合发车.md
2024-06-26,5.6,A股,公众号当日估值文章,realtime,1AsasbcQm7BlnFouEyOWOv2gPWwB5ap7X,[2024-06-26-2150]6月26日指数估值数据回到56星沪深300和上证指数哪个更代表A股获奖了.md,https://drive.google.com/file/d/1AsasbcQm7BlnFouEyOWOv2gPWwB5ap7X/view?usp=drivesdk,1,截止到收盘，回到5.6星,closing_statement,auto_high_confidence,Drive/2024/[2024-06-26-2150]6月26日指数估值数据回到56星沪深300和上证指数哪个更代表A股获奖了.md
2024-06-28,5.6,A股,公众号当日估值文章,realtime,1qrNcd4FYT6_3l2ElWV7cd6p-x0BS_9-d,[2024-06-28-2151]6月28日指数估值数据基金规模创新高抽奖福利.md,https://drive.google.com/file/d/1qrNcd4FYT6_3l2ElWV7cd6p-x0BS_9-d/view?usp=drivesdk,1,截止到收盘，还在5.6星,closing_statement,auto_high_confidence,Drive/2024/[2024-06-28-2151]6月28日指数估值数据基金规模创新高抽奖福利.md
2024-07-01,5.6,A股,公众号当日估值文章,realtime,1hyPy8rL5w9KN7WseRXF3icj4RKoCdQeA,[2024-07-01-2153]7月1日指数估值数据上半年市场表现如何月薪宝发薪日黄金星级更新.md,https://drive.google.com/file/d/1hyPy8rL5w9KN7WseRXF3icj4RKoCdQeA/view?usp=drivesdk,1,截止收盘，还在5.6星,closing_statement,auto_high_confidence,Drive/2024/[2024-07-01-2153]7月1日指数估值数据上半年市场表现如何月薪宝发薪日黄金星级更新.md
2024-07-02,5.6,A股,公众号当日估值文章,realtime,164gu8MgugWEO5F55cGhKT7_23g8vpx0H,[2024-07-02-2141]7月2日指数估值数据银行接近正常估值螺丝钉定投实盘第323期投顾组合发车.md,https://drive.google.com/file/d/164gu8MgugWEO5F55cGhKT7_23g8vpx0H/view?usp=drivesdk,1,截止到收盘，还在5.6星,closing_statement,auto_high_confidence,Drive/2024/[2024-07-02-2141]7月2日指数估值数据银行接近正常估值螺丝钉定投实盘第323期投顾组合发车.md
2024-07-03,5.6,A股,公众号当日估值文章,realtime,1NPS2GMED4f6xDLiPFQ4A4JLLzv9XkKFh,[2024-07-03-2156]7月3日指数估值数据市场不缺钱缺少的是信心.md,https://drive.google.com/file/d/1NPS2GMED4f6xDLiPFQ4A4JLLzv9XkKFh/view?usp=drivesdk,0.995,今天大盘整体微跌，还在5.6星,today_market_statement,auto_high_confidence,Drive/2024/[2024-07-03-2156]7月3日指数估值数据市场不缺钱缺少的是信心.md
2024-07-04,5.7,A股,公众号当日估值文章,realtime,1YzqhFyfayvmKpObsN5S-qz0HAfmj8Oua,[2024-07-04-2156]7月4日指数估值数据又摸到57星成交额低迷代表了什么300500指数日报来了.md,https://drive.google.com/file/d/1YzqhFyfayvmKpObsN5S-qz0HAfmj8Oua/view?usp=drivesdk,1,截止到收盘，又摸到5.7星,closing_statement,auto_high_confidence,Drive/2024/[2024-07-04-2156]7月4日指数估值数据又摸到57星成交额低迷代表了什么300500指数日报来了.md
2024-07-05,5.7,A股,公众号当日估值文章,realtime,1PVkST7dwbomWi5StYKImpsmQyMPp-wR6,[2024-07-05-2151]7月5日指数估值数据长债波动变大的原因抽奖福利.md,https://drive.google.com/file/d/1PVkST7dwbomWi5StYKImpsmQyMPp-wR6/view?usp=drivesdk,1,到收盘波动不大，还在5.7星,closing_statement,auto_high_confidence,Drive/2024/[2024-07-05-2151]7月5日指数估值数据长债波动变大的原因抽奖福利.md
2024-07-08,5.7,A股,公众号当日估值文章,realtime,1bXn1cELgoc-UmLPQnoDoHttfWl3-FwY0,[2024-07-08-2202]7月8日指数估值数据A股长期上涨吗月薪宝发薪日黄金星级更新.md,https://drive.google.com/file/d/1bXn1cELgoc-UmLPQnoDoHttfWl3-FwY0/view?usp=drivesdk,1,截止到收盘，还在5.7星,closing_statement,auto_high_confidence,Drive/2024/[2024-07-08-2202]7月8日指数估值数据A股长期上涨吗月薪宝发薪日黄金星级更新.md
2024-07-09,5.7,A股,公众号当日估值文章,realtime,15Jjc4wcov_lX_9E1_xNcJjLWfFNc3cRU,[2024-07-09-2154]7月9日指数估值数据大盘反弹螺丝钉定投实盘第324期投顾组合发车.md,https://drive.google.com/file/d/15Jjc4wcov_lX_9E1_xNcJjLWfFNc3cRU/view?usp=drivesdk,1,截止到收盘，整体上涨，还在5.7星,closing_statement,auto_high_confidence,Drive/2024/[2024-07-09-2154]7月9日指数估值数据大盘反弹螺丝钉定投实盘第324期投顾组合发车.md
2024-07-10,5.7,A股,公众号当日估值文章,realtime,1rzj56Z_R4vkDOUAiYHLKpPpam2dGYq8m,[2024-07-10-2141]7月10日指数估值数据熊市里坚持下来的投资者能有多少呢.md,https://drive.google.com/file/d/1rzj56Z_R4vkDOUAiYHLKpPpam2dGYq8m/view?usp=drivesdk,0.995,今天大盘整体微跌，波动不大，还在5.7星,today_market_statement,auto_high_confidence,Drive/2024/[2024-07-10-2141]7月10日指数估值数据熊市里坚持下来的投资者能有多少呢.md
2024-07-11,5.6,A股,公众号当日估值文章,realtime,18G1nkhhnxZFUoBQEd6-Tz9_POaS4kNYH,[2024-07-11-2150]7月11日指数估值数据大盘反弹回到56星300500指数日报来了.md,https://drive.google.com/file/d/18G1nkhhnxZFUoBQEd6-Tz9_POaS4kNYH/view?usp=drivesdk,1,截止到收盘，回到5.6星,closing_statement,auto_high_confidence,Drive/2024/[2024-07-11-2150]7月11日指数估值数据大盘反弹回到56星300500指数日报来了.md
2024-07-12,5.6,A股,公众号当日估值文章,realtime,1cnkC-SE4Yt4s2bxSu7bvGkM10wM3cFfD,[2024-07-12-2148]7月12日指数估值数据美股涨跌分化美股指数估值表来了抽奖福利.md,https://drive.google.com/file/d/1cnkC-SE4Yt4s2bxSu7bvGkM10wM3cFfD/view?usp=drivesdk,1,截止到收盘，还在5.6星,closing_statement,auto_high_confidence,Drive/2024/[2024-07-12-2148]7月12日指数估值数据美股涨跌分化美股指数估值表来了抽奖福利.md
2024-07-15,5.7,A股,公众号当日估值文章,realtime,1cDRjRpgeM8RxUIzMjkAsEf7pRed9YJZ_,[2024-07-15-2137]7月15日指数估值数据指数基金是百分百复制指数的吗月薪宝发薪日.md,https://drive.google.com/file/d/1cDRjRpgeM8RxUIzMjkAsEf7pRed9YJZ_/view?usp=drivesdk,1,截止到收盘，回到5.7星,closing_statement,auto_high_confidence,Drive/2024/[2024-07-15-2137]7月15日指数估值数据指数基金是百分百复制指数的吗月薪宝发薪日.md
2024-07-17,5.7,A股,公众号当日估值文章,realtime,1BbhjOKyHku5IqC4hImnwqN4UsciDdz6y,[2024-07-17-2141]7月17日指数估值数据获奖了新发布的上证全收益指数是什么.md,https://drive.google.com/file/d/1BbhjOKyHku5IqC4hImnwqN4UsciDdz6y/view?usp=drivesdk,0.995,今天大盘整体下跌，还在5.7星,today_market_statement,auto_high_confidence,Drive/2024/[2024-07-17-2141]7月17日指数估值数据获奖了新发布的上证全收益指数是什么.md
2024-07-19,5.6,A股,公众号当日估值文章,realtime,1HYiF3fv-yBQMD_071MZjjwoKLzQ9bSqx,[2024-07-19-2141]7月19日指数估值数据ETF有主动基金指数增强基金么抽奖福利.md,https://drive.google.com/file/d/1HYiF3fv-yBQMD_071MZjjwoKLzQ9bSqx/view?usp=drivesdk,0.995,今天大盘整体波动不大，还在5.6星,today_market_statement,auto_high_confidence,Drive/2024/[2024-07-19-2141]7月19日指数估值数据ETF有主动基金指数增强基金么抽奖福利.md
2024-07-22,5.6,A股,公众号当日估值文章,realtime,19sSN7GC2xuonC_HQ_4g4IMo8s28hX-UU,[2024-07-22-2145]7月22日指数估值数据知名基金经理离职对投资有影响吗月薪宝发薪日黄金星级更新.md,https://drive.google.com/file/d/19sSN7GC2xuonC_HQ_4g4IMo8s28hX-UU/view?usp=drivesdk,0.995,今天大盘整体微跌，还在5.6星,today_market_statement,auto_high_confidence,Drive/2024/[2024-07-22-2145]7月22日指数估值数据知名基金经理离职对投资有影响吗月薪宝发薪日黄金星级更新.md
2024-07-23,5.7,A股,公众号当日估值文章,realtime,1MLpLmHJn0NhiAFG47xurJifYCjh9AEyW,[2024-07-23-2156]7月23日指数估值数据回到57星螺丝钉定投实盘第326期投顾组合发车.md,https://drive.google.com/file/d/1MLpLmHJn0NhiAFG47xurJifYCjh9AEyW/view?usp=drivesdk,1,截止到收盘，回到5.7星,closing_statement,auto_high_confidence,Drive/2024/[2024-07-23-2156]7月23日指数估值数据回到57星螺丝钉定投实盘第326期投顾组合发车.md
2024-07-24,5.8,A股,公众号当日估值文章,realtime,1eeeQO8ym6CyhwvRFYTvqwRVihWcnamQe,[2024-07-24-2147]7月24日指数估值数据回到58星红利出现波动是啥原因.md,https://drive.google.com/file/d/1eeeQO8ym6CyhwvRFYTvqwRVihWcnamQe/view?usp=drivesdk,0.99,回到了5.8星级,opening_state_statement,auto_high_confidence,Drive/2024/[2024-07-24-2147]7月24日指数估值数据回到58星红利出现波动是啥原因.md
2024-07-25,5.8,A股,公众号当日估值文章,realtime,1VQZRBhleh-ijxIWcmQbF_qABV-fln9eQ,[2024-07-25-2206]7月25日指数估值数据基金规模创新高为啥呢300500指数日报来了.md,https://drive.google.com/file/d/1VQZRBhleh-ijxIWcmQbF_qABV-fln9eQ/view?usp=drivesdk,0.995,今天大盘整体微跌，还在5.8星,today_market_statement,auto_high_confidence,Drive/2024/[2024-07-25-2206]7月25日指数估值数据基金规模创新高为啥呢300500指数日报来了.md
2024-07-26,5.7,A股,公众号当日估值文章,realtime,1pQpTBoeG-v5GV1YUgReUk-SnuJwQPTTW,[2024-07-26-2144]7月26日指数估值数据回到57星为啥6000点买的银行2900点创新高了抽奖福利.md,https://drive.google.com/file/d/1pQpTBoeG-v5GV1YUgReUk-SnuJwQPTTW/view?usp=drivesdk,0.995,今天大盘整体上涨，回到5.7星,today_market_statement,auto_high_confidence,Drive/2024/[2024-07-26-2144]7月26日指数估值数据回到57星为啥6000点买的银行2900点创新高了抽奖福利.md
2024-07-29,5.7,A股,公众号当日估值文章,realtime,1zuRAt7JAtRPu3JhiLy6s77q-31HD2I5y,[2024-07-29-2146]7月29日指数估值数据上证综合全收益指数今天开始运行月薪宝发薪日黄金星级更新.md,https://drive.google.com/file/d/1zuRAt7JAtRPu3JhiLy6s77q-31HD2I5y/view?usp=drivesdk,0.995,今天大盘整体下跌，还在5.7星,today_market_statement,auto_high_confidence,Drive/2024/[2024-07-29-2146]7月29日指数估值数据上证综合全收益指数今天开始运行月薪宝发薪日黄金星级更新.md
2024-07-31,5.7,A股,公众号当日估值文章,realtime,1MRLzrd6kBHeqVfjDYiD3pD6iArmg1oLa,[2024-07-31-2152]7月31日指数估值数据今日大涨日成交额多少是合理的.md,https://drive.google.com/file/d/1MRLzrd6kBHeqVfjDYiD3pD6iArmg1oLa/view?usp=drivesdk,1,截止到收盘，回到5.7星,closing_statement,auto_high_confidence,Drive/2024/[2024-07-31-2152]7月31日指数估值数据今日大涨日成交额多少是合理的.md
2024-08-01,5.7,A股,公众号当日估值文章,realtime,1gSpf7Iv-K2hCyTOsTfInW-S5402lOZ2-,[2024-08-01-2159]8月1日指数估值数据今年A股最低到了几星级300500指数日报来了.md,https://drive.google.com/file/d/1gSpf7Iv-K2hCyTOsTfInW-S5402lOZ2-/view?usp=drivesdk,1.0,截止到收盘，还在5.7星,closing_statement,auto_high_confidence,Drive/2024/[2024-08-01-2159]8月1日指数估值数据今年A股最低到了几星级300500指数日报来了.md
2024-08-02,5.7,A股,公众号当日估值文章,realtime,1UAk0iH1bf7yU-d1PeWycMPYCApa1Q1W9,[2024-08-02-2149]8月2日指数估值数据美股回调美债上涨抽奖福利.md,https://drive.google.com/file/d/1UAk0iH1bf7yU-d1PeWycMPYCApa1Q1W9/view?usp=drivesdk,1,截止到收盘，还在5.7星,closing_statement,auto_high_confidence,Drive/2024/[2024-08-02-2149]8月2日指数估值数据美股回调美债上涨抽奖福利.md
2024-08-05,5.8,A股,公众号当日估值文章,realtime,1a_Q6ya6sXxs8ppXbQsrUjQXXcixLL9VH,[2024-08-05-2152]8月5日指数估值数据日股单日下跌12见证历史月薪宝发薪日.md,https://drive.google.com/file/d/1a_Q6ya6sXxs8ppXbQsrUjQXXcixLL9VH/view?usp=drivesdk,0.985,目前2024年8月5日，市场在5.8星级,dated_current_statement,auto_high_confidence,Drive/2024/[2024-08-05-2152]8月5日指数估值数据日股单日下跌12见证历史月薪宝发薪日.md
2024-08-07,5.7,A股,公众号当日估值文章,realtime,172Cfk1GgL3vpy0kCp71thhT1b-v8GbFR,[2024-08-07-2154]8月7日指数估值数据人民币债券指数估值表来了.md,https://drive.google.com/file/d/172Cfk1GgL3vpy0kCp71thhT1b-v8GbFR/view?usp=drivesdk,1,截止到收盘，还在5.7星,closing_statement,auto_high_confidence,Drive/2024/[2024-08-07-2154]8月7日指数估值数据人民币债券指数估值表来了.md
2024-08-08,5.7,A股,公众号当日估值文章,realtime,1aVe38L5wMn3gK7MieUE5cUEg2AAC1v-m,[2024-08-08-2150]8月8日指数估值数据A股散户机构各自占比是多少300500指数日报来了.md,https://drive.google.com/file/d/1aVe38L5wMn3gK7MieUE5cUEg2AAC1v-m/view?usp=drivesdk,0.995,今天大盘波动不大，还在5.7星,today_market_statement,auto_high_confidence,Drive/2024/[2024-08-08-2150]8月8日指数估值数据A股散户机构各自占比是多少300500指数日报来了.md
2024-08-12,5.8,A股,公众号当日估值文章,realtime,1YXnN__lNjUCBffKL6LMsUjCIm6BpUGtN,[2024-08-12-2137]8月12日指数估值数据投资会遇到经济危机吗债券指数估值月薪宝发薪日黄金星级更新.md,https://drive.google.com/file/d/1YXnN__lNjUCBffKL6LMsUjCIm6BpUGtN/view?usp=drivesdk,0.985,目前2024年8月12日，市场在5.8星级,dated_current_statement,auto_high_confidence,Drive/2024/[2024-08-12-2137]8月12日指数估值数据投资会遇到经济危机吗债券指数估值月薪宝发薪日黄金星级更新.md
2024-08-13,5.8,A股,公众号当日估值文章,realtime,1TVhD_FBhIlk9SGPBcid3XRzjKtNceETo,[2024-08-13-2144]8月13日指数估值数据螺丝钉定投实盘第329期投顾组合发车.md,https://drive.google.com/file/d/1TVhD_FBhIlk9SGPBcid3XRzjKtNceETo/view?usp=drivesdk,1,到收盘前大盘反弹，全天微涨，还在5.8星,closing_statement,auto_high_confidence,Drive/2024/[2024-08-13-2144]8月13日指数估值数据螺丝钉定投实盘第329期投顾组合发车.md
2024-08-14,5.8,A股,公众号当日估值文章,realtime,1BAS13qslWWP_x1RtZWageNnE_kE3GP8e,[2024-08-14-2146]8月14日指数估值数据A股日成交额不到5000亿原因是啥呢.md,https://drive.google.com/file/d/1BAS13qslWWP_x1RtZWageNnE_kE3GP8e/view?usp=drivesdk,1,截止到收盘，还在5.8星,closing_statement,auto_high_confidence,Drive/2024/[2024-08-14-2146]8月14日指数估值数据A股日成交额不到5000亿原因是啥呢.md
2024-08-15,5.8,A股,公众号当日估值文章,realtime,1lcF_RYxsJ8-g9zcYQnC6UIhRQfdVLLWK,[2024-08-15-2203]8月15日指数估值数据机构买入A股上涨纯债基金还会大跌吗300500指数日报来了.md,https://drive.google.com/file/d/1lcF_RYxsJ8-g9zcYQnC6UIhRQfdVLLWK/view?usp=drivesdk,1,截止到收盘，还在5.8星,closing_statement,auto_high_confidence,Drive/2024/[2024-08-15-2203]8月15日指数估值数据机构买入A股上涨纯债基金还会大跌吗300500指数日报来了.md
2024-08-16,5.8,A股,公众号当日估值文章,realtime,1JdW2EY9jb_dGLVsjUKWvhRz6NXoyPt7g,[2024-08-16-2141]8月16日指数估值数据超6000亿这类机构买入指数基金最多抽奖福利.md,https://drive.google.com/file/d/1JdW2EY9jb_dGLVsjUKWvhRz6NXoyPt7g/view?usp=drivesdk,0.995,今天大盘整体波动不大，还在5.8星,today_market_statement,auto_high_confidence,Drive/2024/[2024-08-16-2141]8月16日指数估值数据超6000亿这类机构买入指数基金最多抽奖福利.md
2024-08-19,5.8,A股,公众号当日估值文章,realtime,1osx3vQiJWokg8Ha5B4j0SAbZlv3AZziO,[2024-08-19-2148]8月19日指数估值数据价值指数接近历史新高月薪宝发薪日黄金星级更新.md,https://drive.google.com/file/d/1osx3vQiJWokg8Ha5B4j0SAbZlv3AZziO/view?usp=drivesdk,1,截止到收盘，还在5.8星,closing_statement,auto_high_confidence,Drive/2024/[2024-08-19-2148]8月19日指数估值数据价值指数接近历史新高月薪宝发薪日黄金星级更新.md
2024-08-20,5.8,A股,公众号当日估值文章,realtime,1I843orlC8DxE1PsoCdMZtD4kPuc1YGOj,[2024-08-20-2139]8月20日指数估值数据螺丝钉定投实盘第330期投顾组合发车.md,https://drive.google.com/file/d/1I843orlC8DxE1PsoCdMZtD4kPuc1YGOj/view?usp=drivesdk,1,截止到收盘，还在5.8星,closing_statement,auto_high_confidence,Drive/2024/[2024-08-20-2139]8月20日指数估值数据螺丝钉定投实盘第330期投顾组合发车.md
2024-08-21,5.8,A股,公众号当日估值文章,realtime,1f4lWgJAgwxnRlwmA9WzxlNaktfYJ67Qf,[2024-08-21-2205]8月21日指数估值数据银行股创新高对指数的贡献有多大.md,https://drive.google.com/file/d/1f4lWgJAgwxnRlwmA9WzxlNaktfYJ67Qf/view?usp=drivesdk,0.995,今天大盘整体微跌，还在5.8星,today_market_statement,auto_high_confidence,Drive/2024/[2024-08-21-2205]8月21日指数估值数据银行股创新高对指数的贡献有多大.md
2024-08-22,5.8,A股,公众号当日估值文章,realtime,1y5d8zQPOZ-KRjoKUShHFWMm2mS-xtjH2,[2024-08-22-2150]8月22日指数估值数据机构买入指数基金会带动股价上涨么300500指数日报来了.md,https://drive.google.com/file/d/1y5d8zQPOZ-KRjoKUShHFWMm2mS-xtjH2/view?usp=drivesdk,1,截止到收盘，还在5.8星,closing_statement,auto_high_confidence,Drive/2024/[2024-08-22-2150]8月22日指数估值数据机构买入指数基金会带动股价上涨么300500指数日报来了.md
2024-08-23,5.8,A股,公众号当日估值文章,realtime,17VhLeurJt4-wzd1NiwDAvhu6fi_7r0oV,[2024-08-23-2200]8月23日指数估值数据牛市最后一批3年持有期基金到期对我们投资有什么影响抽奖福利.md,https://drive.google.com/file/d/17VhLeurJt4-wzd1NiwDAvhu6fi_7r0oV/view?usp=drivesdk,0.995,今天大盘微涨，还在5.8星,today_market_statement,auto_high_confidence,Drive/2024/[2024-08-23-2200]8月23日指数估值数据牛市最后一批3年持有期基金到期对我们投资有什么影响抽奖福利.md
2024-08-26,5.8,A股,公众号当日估值文章,realtime,13KujDdIWTBo6asfzkjW1zWVsxM3oukQ4,[2024-08-26-2151]8月26日指数估值数据小盘股指数会受退市新规影响吗债券估值表来了月薪宝发薪日.md,https://drive.google.com/file/d/13KujDdIWTBo6asfzkjW1zWVsxM3oukQ4/view?usp=drivesdk,1,截止到收盘，还在5.8星,closing_statement,auto_high_confidence,Drive/2024/[2024-08-26-2151]8月26日指数估值数据小盘股指数会受退市新规影响吗债券估值表来了月薪宝发薪日.md
2024-08-27,5.9,A股,公众号当日估值文章,realtime,14cC2bWZarK8dvrIb0InprgH7fUsFtcXF,[2024-08-27-2153]8月27日指数估值数据摸到59星级螺丝钉定投实盘第331期投顾组合发车.md,https://drive.google.com/file/d/14cC2bWZarK8dvrIb0InprgH7fUsFtcXF/view?usp=drivesdk,1,截止到收盘，摸到5.9星,closing_statement,auto_high_confidence,Drive/2024/[2024-08-27-2153]8月27日指数估值数据摸到59星级螺丝钉定投实盘第331期投顾组合发车.md
2024-08-28,5.9,A股,公众号当日估值文章,realtime,1rX39uGdntB2nTp198aRA40rLz7VyCiMK,[2024-08-28-2156]8月28日指数估值数据这轮熊市为啥这么长.md,https://drive.google.com/file/d/1rX39uGdntB2nTp198aRA40rLz7VyCiMK/view?usp=drivesdk,0.995,今天大盘微跌，还在5.9星,today_market_statement,auto_high_confidence,Drive/2024/[2024-08-28-2156]8月28日指数估值数据这轮熊市为啥这么长.md
2024-08-29,5.8,A股,公众号当日估值文章,realtime,1KWZLz0TkWK1NMkEtc8GlWva01EtO3Ipe,[2024-08-29-2147]8月29日指数估值数据新指数中证A500是什么300500指数日报来了.md,https://drive.google.com/file/d/1KWZLz0TkWK1NMkEtc8GlWva01EtO3Ipe/view?usp=drivesdk,1,截止到收盘，大盘整体上涨，又回到5.8星,closing_statement,auto_high_confidence,Drive/2024/[2024-08-29-2147]8月29日指数估值数据新指数中证A500是什么300500指数日报来了.md
2024-08-30,5.8,A股,公众号当日估值文章,realtime,1lNukhN0POYd9mHpJya4IBCAdXBNW7ThH,[2024-08-30-2145]8月30日指数估值数据大盘整体上涨回到58星级抽奖福利.md,https://drive.google.com/file/d/1lNukhN0POYd9mHpJya4IBCAdXBNW7ThH/view?usp=drivesdk,1,截止收盘，在5.8星,closing_statement,auto_high_confidence,Drive/2024/[2024-08-30-2145]8月30日指数估值数据大盘整体上涨回到58星级抽奖福利.md
2024-09-02,5.8,A股,公众号当日估值文章,realtime,1o3W1f-TtmiCANPBTHum16GKT7cMVTfoC,[2024-09-02-2156]9月2日指数估值数据上半年A股的盈利增长情况如何月薪宝发薪日黄金星级更新.md,https://drive.google.com/file/d/1o3W1f-TtmiCANPBTHum16GKT7cMVTfoC/view?usp=drivesdk,1,截止到收盘，还在5.8星,closing_statement,auto_high_confidence,Drive/2024/[2024-09-02-2156]9月2日指数估值数据上半年A股的盈利增长情况如何月薪宝发薪日黄金星级更新.md
2024-09-03,5.8,A股,公众号当日估值文章,realtime,1F42QvAhum5UV6cQiv8b6HptNvuIZNRPD,[2024-09-03-2139]9月3日指数估值数据螺丝钉定投实盘第332期投顾组合发车.md,https://drive.google.com/file/d/1F42QvAhum5UV6cQiv8b6HptNvuIZNRPD/view?usp=drivesdk,1,截止到收盘，还在5.8星,closing_statement,auto_high_confidence,Drive/2024/[2024-09-03-2139]9月3日指数估值数据螺丝钉定投实盘第332期投顾组合发车.md
2024-09-04,5.8,A股,公众号当日估值文章,realtime,13G0aw6N8c3mRRH3nf3rgEVNzP7_euqj2,[2024-09-04-2153]9月4日指数估值数据策略指数是什么在A股有效么.md,https://drive.google.com/file/d/13G0aw6N8c3mRRH3nf3rgEVNzP7_euqj2/view?usp=drivesdk,1,截止到收盘，还在5.8星,closing_statement,auto_high_confidence,Drive/2024/[2024-09-04-2153]9月4日指数估值数据策略指数是什么在A股有效么.md
2024-09-05,5.8,A股,公众号当日估值文章,realtime,1y2bhl8WpRFRH2CaLAgFPzzbYT8u4t-Q8,[2024-09-05-2157]9月5日指数估值数据私募注销数量创新高是怎么回事.md,https://drive.google.com/file/d/1y2bhl8WpRFRH2CaLAgFPzzbYT8u4t-Q8/view?usp=drivesdk,1,截止到收盘，还在5.8星,closing_statement,auto_high_confidence,Drive/2024/[2024-09-05-2157]9月5日指数估值数据私募注销数量创新高是怎么回事.md
2024-09-06,5.9,A股,公众号当日估值文章,realtime,1kxUvhX4gmUyPv7x_uEi2vZYFPROMyG1Q,[2024-09-06-2150]9月6日指数估值数据又回到59星证券行业巨无霸诞生抽奖福利.md,https://drive.google.com/file/d/1kxUvhX4gmUyPv7x_uEi2vZYFPROMyG1Q/view?usp=drivesdk,1,截止到收盘，又摸到5.9星,closing_statement,auto_high_confidence,Drive/2024/[2024-09-06-2150]9月6日指数估值数据又回到59星证券行业巨无霸诞生抽奖福利.md
2024-09-09,5.9,A股,公众号当日估值文章,realtime,1KT6zgZJGw31n1kkyGTqx6TFBBYA8bTY6,[2024-09-09-2158]9月9日指数估值数据价值投资在A股还有效么月薪宝发薪日.md,https://drive.google.com/file/d/1KT6zgZJGw31n1kkyGTqx6TFBBYA8bTY6/view?usp=drivesdk,1,截止到收盘，还在5.9星,closing_statement,auto_high_confidence,Drive/2024/[2024-09-09-2158]9月9日指数估值数据价值投资在A股还有效么月薪宝发薪日.md
2024-09-10,5.9,A股,公众号当日估值文章,realtime,1-rQeRp7nskl5bDw2YwQj6t5OIQd60R3I,[2024-09-10-2155]9月10日指数估值数据螺丝钉定投实盘第333期投顾组合发车.md,https://drive.google.com/file/d/1-rQeRp7nskl5bDw2YwQj6t5OIQd60R3I/view?usp=drivesdk,0.99,还在5.9星,opening_state_statement,auto_high_confidence,Drive/2024/[2024-09-10-2155]9月10日指数估值数据螺丝钉定投实盘第333期投顾组合发车.md
2024-09-11,5.9,A股,公众号当日估值文章,realtime,1NBDztQ1Ew5ZOdMAbswZ7UUe91I__4VNV,[2024-09-11-2155]9月11日指数估值数据中证A500指数是什么能投资吗.md,https://drive.google.com/file/d/1NBDztQ1Ew5ZOdMAbswZ7UUe91I__4VNV/view?usp=drivesdk,0.995,今天大盘波动不大，还在5.9星,today_market_statement,auto_high_confidence,Drive/2024/[2024-09-11-2155]9月11日指数估值数据中证A500指数是什么能投资吗.md
2024-09-12,5.9,A股,公众号当日估值文章,realtime,1qE5TAvWEG00pFVN8qSKqluXDAhTK-s_p,[2024-09-12-2157]9月12日指数估值数据美元降息对咱们投资有啥影响.md,https://drive.google.com/file/d/1qE5TAvWEG00pFVN8qSKqluXDAhTK-s_p/view?usp=drivesdk,1,到收盘变成下跌，还在5.9星,closing_statement,auto_high_confidence,Drive/2024/[2024-09-12-2157]9月12日指数估值数据美元降息对咱们投资有啥影响.md
2024-09-13,5.9,A股,公众号当日估值文章,realtime,1m_D3ClSV4kbZg33jesDNPJl_q1fjNnNP,[2024-09-13-2156]9月13日指数估值数据红利指数回调是啥原因抽奖福利.md,https://drive.google.com/file/d/1m_D3ClSV4kbZg33jesDNPJl_q1fjNnNP/view?usp=drivesdk,1,截止到收盘，还在5.9星,closing_statement,auto_high_confidence,Drive/2024/[2024-09-13-2156]9月13日指数估值数据红利指数回调是啥原因抽奖福利.md
2024-09-18,5.9,A股,公众号当日估值文章,realtime,1-nVUbv0yb306M5xB7BhhDLi-C23mZp0x,[2024-09-18-2151]9月18日指数估值数据险守59星美元降息外资会流入A股港股吗.md,https://drive.google.com/file/d/1-nVUbv0yb306M5xB7BhhDLi-C23mZp0x/view?usp=drivesdk,1,到收盘的时候大盘整体上涨，还在5.9星,closing_statement,auto_high_confidence,Drive/2024/[2024-09-18-2151]9月18日指数估值数据险守59星美元降息外资会流入A股港股吗.md
2024-09-19,5.9,A股,公众号当日估值文章,realtime,1qscVJpyqfpbOxPw59DLPil4jCbbYK1CS,[2024-09-19-2200]9月19日指数估值数据美联储降息落地港股上涨.md,https://drive.google.com/file/d/1qscVJpyqfpbOxPw59DLPil4jCbbYK1CS/view?usp=drivesdk,1,截止到收盘，还在5.9星,closing_statement,auto_high_confidence,Drive/2024/[2024-09-19-2200]9月19日指数估值数据美联储降息落地港股上涨.md
2024-09-20,5.9,A股,公众号当日估值文章,realtime,15xtWU81Zv-pKT55Ckwhcez6wxwvnZUMD,[2024-09-20-2202]9月20日指数估值数据为啥港股最近表现更强抽奖福利.md,https://drive.google.com/file/d/15xtWU81Zv-pKT55Ckwhcez6wxwvnZUMD/view?usp=drivesdk,0.99,还在5.9星,opening_state_statement,auto_high_confidence,Drive/2024/[2024-09-20-2202]9月20日指数估值数据为啥港股最近表现更强抽奖福利.md
2024-09-23,5.9,A股,公众号当日估值文章,realtime,1p7_CY3nqyAJT3Vx1SmDbjHbSYZDtuJb4,[2024-09-23-2207]9月23日指数估值数据三种股票回馈投资者的方式月薪宝发薪日黄金星级更新.md,https://drive.google.com/file/d/1p7_CY3nqyAJT3Vx1SmDbjHbSYZDtuJb4/view?usp=drivesdk,1,截止到收盘，还在5.9星,closing_statement,auto_high_confidence,Drive/2024/[2024-09-23-2207]9月23日指数估值数据三种股票回馈投资者的方式月薪宝发薪日黄金星级更新.md
2024-09-24,5.8,A股,公众号当日估值文章,realtime,1-lY3DgGcig0DSQ-nPXwkvIgPJ8dYxHYh,[2024-09-24-2145]9月24日指数估值数据A股港股大涨回到58星级螺丝钉定投实盘第334期投顾组合发车.md,https://drive.google.com/file/d/1-lY3DgGcig0DSQ-nPXwkvIgPJ8dYxHYh/view?usp=drivesdk,1,截止到收盘，回到了5.8星,closing_statement,auto_high_confidence,Drive/2024/[2024-09-24-2145]9月24日指数估值数据A股港股大涨回到58星级螺丝钉定投实盘第334期投顾组合发车.md
2024-09-25,5.7,A股,公众号当日估值文章,realtime,1PxrnhUg5bOf_bSeOlkJTj-4i9FW_IGsW,[2024-09-25-2204]9月25日指数估值数据利好会带来牛市吗.md,https://drive.google.com/file/d/1PxrnhUg5bOf_bSeOlkJTj-4i9FW_IGsW/view?usp=drivesdk,1,截止到收盘，回到5.7星,closing_statement,auto_high_confidence,Drive/2024/[2024-09-25-2204]9月25日指数估值数据利好会带来牛市吗.md
2024-09-26,5.6,A股,公众号当日估值文章,realtime,1xBI14UaSyEZdAN8FzDK1HQTxIWcH8vIB,[2024-09-26-2151]9月26日指数估值数据大涨回到56星当闪电劈下来的时候我们要在场.md,https://drive.google.com/file/d/1xBI14UaSyEZdAN8FzDK1HQTxIWcH8vIB/view?usp=drivesdk,1,截止到收盘，回到5.6星,closing_statement,auto_high_confidence,Drive/2024/[2024-09-26-2151]9月26日指数估值数据大涨回到56星当闪电劈下来的时候我们要在场.md
2024-09-27,5.4,A股,公众号当日估值文章,realtime,1kx2Jcc4W9FI5DUVtT5sQhmFXGz3U0Geb,[2024-09-27-2202]9月27日指数估值数据A股港股继续大涨回到54星级.md,https://drive.google.com/file/d/1kx2Jcc4W9FI5DUVtT5sQhmFXGz3U0Geb/view?usp=drivesdk,1,截止到收盘，大盘回到5.4星,closing_statement,auto_high_confidence,Drive/2024/[2024-09-27-2202]9月27日指数估值数据A股港股继续大涨回到54星级.md
2024-09-30,5.1,A股,公众号当日估值文章,realtime,1V7sXuZWHYLb8tzUegIwQbv-1kvemd5Pm,[2024-09-30-2154]9月30日指数估值数据见证历史大涨回到51星还能买吗.md,https://drive.google.com/file/d/1V7sXuZWHYLb8tzUegIwQbv-1kvemd5Pm/view?usp=drivesdk,1,截止到收盘，大盘回到5.1星,closing_statement,auto_high_confidence,Drive/2024/[2024-09-30-2154]9月30日指数估值数据见证历史大涨回到51星还能买吗.md
2024-10-08,4.8,A股,公众号当日估值文章,realtime,1m2afqh-wUTxzHce7fcdN8Fb2rJaQYLNf,[2024-10-08-2157]10月8日指数估值数据A股大涨港股大跌回到48星级螺丝钉定投实盘第335期投顾组合发车.md,https://drive.google.com/file/d/1m2afqh-wUTxzHce7fcdN8Fb2rJaQYLNf/view?usp=drivesdk,1,截止到收盘，大盘涨幅有所回落，回到4.8星,closing_statement,auto_high_confidence,Drive/2024/[2024-10-08-2157]10月8日指数估值数据A股大涨港股大跌回到48星级螺丝钉定投实盘第335期投顾组合发车.md
2024-10-09,5.1,A股,公众号当日估值文章,realtime,1pFMPwUhkRXRU3c6iDnOrXTFfq6ftm0iJ,[2024-10-09-2158]10月9日指数估值数据大跌回到51星上涨后第一波回调我们该怎么办.md,https://drive.google.com/file/d/1pFMPwUhkRXRU3c6iDnOrXTFfq6ftm0iJ/view?usp=drivesdk,1,截止到收盘，回到5.1星,closing_statement,auto_high_confidence,Drive/2024/[2024-10-09-2158]10月9日指数估值数据大跌回到51星上涨后第一波回调我们该怎么办.md
2024-10-10,5.1,A股,公众号当日估值文章,realtime,1fP5gg9o2kmQGc5LJzt3_3NX0C90nJYDb,[2024-10-10-2204]10月10日指数估值数据利好落地5000亿互换便利工具对市场有什么好处.md,https://drive.google.com/file/d/1fP5gg9o2kmQGc5LJzt3_3NX0C90nJYDb/view?usp=drivesdk,1,截止到收盘，还在5.1星,closing_statement,auto_high_confidence,Drive/2024/[2024-10-10-2204]10月10日指数估值数据利好落地5000亿互换便利工具对市场有什么好处.md
2024-10-11,5.2,A股,公众号当日估值文章,realtime,1HWQHR_Fy0KhejN_4wsdc2eqRwDUVh_II,[2024-10-11-2155]10月11日指数估值数据回到52星市场波动原因是什么抽奖福利.md,https://drive.google.com/file/d/1HWQHR_Fy0KhejN_4wsdc2eqRwDUVh_II/view?usp=drivesdk,1,截止到收盘，在5.2星,closing_statement,auto_high_confidence,Drive/2024/[2024-10-11-2155]10月11日指数估值数据回到52星市场波动原因是什么抽奖福利.md
2024-10-14,5.2,A股,公众号当日估值文章,realtime,1aBwywXrR5qDj1uot0lrO-BVMfi2oIt4R,[2024-10-14-2203]10月14日指数估值数据如何识别ETF溢价风险领取定投徽章福利月薪宝发薪日.md,https://drive.google.com/file/d/1aBwywXrR5qDj1uot0lrO-BVMfi2oIt4R/view?usp=drivesdk,1,到收盘，整体上涨，还在5.2星,closing_statement,auto_high_confidence,Drive/2024/[2024-10-14-2203]10月14日指数估值数据如何识别ETF溢价风险领取定投徽章福利月薪宝发薪日.md
2024-10-15,5.2,A股,公众号当日估值文章,realtime,1Iu2y-xZwtBZOG5LkppVj_VnXUvgGrKtg,[2024-10-15-2146]10月15日指数估值数据2500期来啦螺丝钉定投实盘第336期投顾组合发车.md,https://drive.google.com/file/d/1Iu2y-xZwtBZOG5LkppVj_VnXUvgGrKtg/view?usp=drivesdk,1,截止到收盘，还在5.2星,closing_statement,auto_high_confidence,Drive/2024/[2024-10-15-2146]10月15日指数估值数据2500期来啦螺丝钉定投实盘第336期投顾组合发车.md
2024-10-16,5.2,A股,公众号当日估值文章,realtime,14NXmwqIRTbcRyITpaDHByCOtS6FZ8Lia,[2024-10-16-2204]10月16日指数估值数据A500指数基金上市了投资价值如何领取定投徽章福利.md,https://drive.google.com/file/d/14NXmwqIRTbcRyITpaDHByCOtS6FZ8Lia/view?usp=drivesdk,1,截止到收盘，还在5.2星,closing_statement,auto_high_confidence,Drive/2024/[2024-10-16-2204]10月16日指数估值数据A500指数基金上市了投资价值如何领取定投徽章福利.md
2024-10-17,5.3,A股,公众号当日估值文章,realtime,1-KodpxavbaoClR4m9oGqC4WHVjhraB41,[2024-10-17-2155]10月17日指数估值数据基金分红是左手倒右手么百分位估值表更新.md,https://drive.google.com/file/d/1-KodpxavbaoClR4m9oGqC4WHVjhraB41/view?usp=drivesdk,1,截止到收盘，大盘回到5.3星,closing_statement,auto_high_confidence,Drive/2024/[2024-10-17-2155]10月17日指数估值数据基金分红是左手倒右手么百分位估值表更新.md
2024-10-18,5.1,A股,公众号当日估值文章,realtime,1Guf8rzVztXOiw5Spx42mr-f-SVZdQFOG,[2024-10-18-2159]10月18日指数估值数据大涨回到51星如果市场一直在5星还有收益吗抽奖福利.md,https://drive.google.com/file/d/1Guf8rzVztXOiw5Spx42mr-f-SVZdQFOG/view?usp=drivesdk,1,截止到收盘，大盘大幅上涨，回到5.1星,closing_statement,auto_high_confidence,Drive/2024/[2024-10-18-2159]10月18日指数估值数据大涨回到51星如果市场一直在5星还有收益吗抽奖福利.md
2024-10-21,5.1,A股,公众号当日估值文章,realtime,1Y_qzfy0RYAp6bXWjtb512H4h7D2kWpD0,[2024-10-21-2156]10月21日指数估值数据成长风格上涨价值风格低迷北证50在低估吗.md,https://drive.google.com/file/d/1Y_qzfy0RYAp6bXWjtb512H4h7D2kWpD0/view?usp=drivesdk,0.99,还在5.1星,opening_state_statement,auto_high_confidence,Drive/2024/[2024-10-21-2156]10月21日指数估值数据成长风格上涨价值风格低迷北证50在低估吗.md
2024-10-22,5.1,A股,公众号当日估值文章,realtime,1S6jr_ASsDZGXDCPNrgaq7I17YwbUK4iH,[2024-10-22-2152]10月22日指数估值数据螺丝钉定投实盘第337期投顾组合发车.md,https://drive.google.com/file/d/1S6jr_ASsDZGXDCPNrgaq7I17YwbUK4iH/view?usp=drivesdk,1,截止到收盘，还在5.1星,closing_statement,auto_high_confidence,Drive/2024/[2024-10-22-2152]10月22日指数估值数据螺丝钉定投实盘第337期投顾组合发车.md
2024-10-23,5.1,A股,公众号当日估值文章,realtime,1HFPA1aTLCKaSlL-XgMlSqpehyh45SPNS,[2024-10-23-2202]10月23日指数估值数据平准基金是什么对我们投资有利好吗.md,https://drive.google.com/file/d/1HFPA1aTLCKaSlL-XgMlSqpehyh45SPNS/view?usp=drivesdk,1,截止到收盘，还在5.1星,closing_statement,auto_high_confidence,Drive/2024/[2024-10-23-2202]10月23日指数估值数据平准基金是什么对我们投资有利好吗.md
2024-10-24,5.1,A股,公众号当日估值文章,realtime,195d10nIIfn7KyfI6XK6hMEYo_hdTU4sg,[2024-10-24-2154]10月24日指数估值数据投资该看市盈率还是市净率呢百分位估值表更新.md,https://drive.google.com/file/d/195d10nIIfn7KyfI6XK6hMEYo_hdTU4sg/view?usp=drivesdk,1,截止到收盘，还在5.1星,closing_statement,auto_high_confidence,Drive/2024/[2024-10-24-2154]10月24日指数估值数据投资该看市盈率还是市净率呢百分位估值表更新.md
2024-10-30,5.1,A股,公众号当日估值文章,realtime,1ZAfbLeX841ZIsiRP2S3wwu0YtSvvWd-s,[2024-10-30-2158]10月30日指数估值数据指数基金规模突破历史纪录谁在买新书来啦.md,https://drive.google.com/file/d/1ZAfbLeX841ZIsiRP2S3wwu0YtSvvWd-s/view?usp=drivesdk,0.995,今天大盘整体微跌，回到5.1星,today_market_statement,auto_high_confidence,Drive/2024/[2024-10-30-2158]10月30日指数估值数据指数基金规模突破历史纪录谁在买新书来啦.md
2024-11-01,5.1,A股,公众号当日估值文章,realtime,1VSSPjgaxO_lMqtc3q05cDgt0hmiZOFI6,[2024-11-01-2204]11月1日指数估值数据绩优股和亏损股谁收益更高新书连载中抽奖福利.md,https://drive.google.com/file/d/1VSSPjgaxO_lMqtc3q05cDgt0hmiZOFI6/view?usp=drivesdk,1,截止到收盘，回到5.1星,closing_statement,auto_high_confidence,Drive/2024/[2024-11-01-2204]11月1日指数估值数据绩优股和亏损股谁收益更高新书连载中抽奖福利.md
2024-11-11,4.8,A股,公众号当日估值文章,realtime,1hQ4t90h0aJiRdzFBGQub09m_KX1bqeQ9,[2024-11-11-2210]11月11日指数估值数据港股低迷未来还会起来吗月薪宝发薪日新书股市长线法宝连载中.md,https://drive.google.com/file/d/1hQ4t90h0aJiRdzFBGQub09m_KX1bqeQ9/view?usp=drivesdk,0.99,还在4.8星,opening_state_statement,auto_high_confidence,Drive/2024/[2024-11-11-2210]11月11日指数估值数据港股低迷未来还会起来吗月薪宝发薪日新书股市长线法宝连载中.md
2024-11-12,4.8,A股,公众号当日估值文章,realtime,16ux7idgK4AFS40MrtX6cktn2Q-76o8bq,[2024-11-12-2221]11月12日指数估值数据螺丝钉定投实盘第340期投顾组合发车新书股市长线法宝连载中.md,https://drive.google.com/file/d/16ux7idgK4AFS40MrtX6cktn2Q-76o8bq/view?usp=drivesdk,0.995,今天大盘整体下跌，还在4.8星,today_market_statement,auto_high_confidence,Drive/2024/[2024-11-12-2221]11月12日指数估值数据螺丝钉定投实盘第340期投顾组合发车新书股市长线法宝连载中.md
2024-11-13,4.8,A股,公众号当日估值文章,realtime,1xBsjYinMXkl9lISNSBAEvJ_VOVebWAWu,[2024-11-13-2209]11月13日指数估值数据这一轮行情跟历史哪一轮行情最像新书股市长线法宝连载中.md,https://drive.google.com/file/d/1xBsjYinMXkl9lISNSBAEvJ_VOVebWAWu/view?usp=drivesdk,0.99,还在4.8星,opening_state_statement,auto_high_confidence,Drive/2024/[2024-11-13-2209]11月13日指数估值数据这一轮行情跟历史哪一轮行情最像新书股市长线法宝连载中.md
2024-11-14,4.9,A股,公众号当日估值文章,realtime,1csqcMIkBaFwgnZERUW1y3_bAZJSUUA0S,[2024-11-14-2203]11月14日指数估值数据港股低迷还会起来吗新书股市长线法宝连载中.md,https://drive.google.com/file/d/1csqcMIkBaFwgnZERUW1y3_bAZJSUUA0S/view?usp=drivesdk,1,截止到收盘，回到4.9星,closing_statement,auto_high_confidence,Drive/2024/[2024-11-14-2203]11月14日指数估值数据港股低迷还会起来吗新书股市长线法宝连载中.md
2024-11-25,5.1,A股,公众号当日估值文章,realtime,1Bs5UQlp37LkpbiW_N9N6VYp846icoGqM,[2024-11-25-2146]11月25日指数估值数据第二波回调来了么月薪宝发薪日黄金星级更新新书股市长线法宝连载中.md,https://drive.google.com/file/d/1Bs5UQlp37LkpbiW_N9N6VYp846icoGqM/view?usp=drivesdk,1,到收盘，还在5.1星,closing_statement,auto_high_confidence,Drive/2024/[2024-11-25-2146]11月25日指数估值数据第二波回调来了么月薪宝发薪日黄金星级更新新书股市长线法宝连载中.md
2024-11-26,5.1,A股,公众号当日估值文章,realtime,1CnaISy8bmVPn7iPz8v7ZBS5AXrTMdJGv,[2024-11-26-2149]11月26日指数估值数据螺丝钉定投实盘第342期投顾组合发车新书股市长线法宝连载中.md,https://drive.google.com/file/d/1CnaISy8bmVPn7iPz8v7ZBS5AXrTMdJGv/view?usp=drivesdk,0.995,今天大盘略微下跌，还在5.1星,today_market_statement,auto_high_confidence,Drive/2024/[2024-11-26-2149]11月26日指数估值数据螺丝钉定投实盘第342期投顾组合发车新书股市长线法宝连载中.md
2024-12-02,4.9,A股,公众号当日估值文章,realtime,1B9u8_8EOE0pZzx2b3TvJevUcLzLjYVhg,[2024-12-02-2155]12月2日指数估值数据股债双涨指数调仓会为垃圾股接盘么月薪宝发薪日黄金星级更新.md,https://drive.google.com/file/d/1B9u8_8EOE0pZzx2b3TvJevUcLzLjYVhg/view?usp=drivesdk,0.99,还在4.9星,opening_state_statement,auto_high_confidence,Drive/2024/[2024-12-02-2155]12月2日指数估值数据股债双涨指数调仓会为垃圾股接盘么月薪宝发薪日黄金星级更新.md
2024-12-06,4.9,A股,公众号当日估值文章,realtime,11PsetuUzQTG2Duz4iFv9blGm1eZxK-2E,[2024-12-06-2204]12月6日指数估值数据还会有大涨吗A股目前估值如何抽奖福利.md,https://drive.google.com/file/d/11PsetuUzQTG2Duz4iFv9blGm1eZxK-2E/view?usp=drivesdk,1,截止到收盘，还在4.9星,closing_statement,auto_high_confidence,Drive/2024/[2024-12-06-2204]12月6日指数估值数据还会有大涨吗A股目前估值如何抽奖福利.md
2024-12-09,4.9,A股,公众号当日估值文章,realtime,1_viOuXkN_zJA6MaYBgcfnx9_ubynPbbH,[2024-12-09-2200]12月9日指数估值数据港股尾盘大涨利好来袭货基收益会进一步降低么月薪宝发薪日.md,https://drive.google.com/file/d/1_viOuXkN_zJA6MaYBgcfnx9_ubynPbbH/view?usp=drivesdk,1,截止收盘，还在4.9星,closing_statement,auto_high_confidence,Drive/2024/[2024-12-09-2200]12月9日指数估值数据港股尾盘大涨利好来袭货基收益会进一步降低么月薪宝发薪日.md
2024-12-10,4.9,A股,公众号当日估值文章,realtime,15Pzge6Hz-pl9GQ6oMQbiyG8cwjHLlsuR,[2024-12-10-2204]12月10日指数估值数据螺丝钉定投实盘第344期投顾组合发车.md,https://drive.google.com/file/d/15Pzge6Hz-pl9GQ6oMQbiyG8cwjHLlsuR/view?usp=drivesdk,1,截止到收盘，在4.9星,closing_statement,auto_high_confidence,Drive/2024/[2024-12-10-2204]12月10日指数估值数据螺丝钉定投实盘第344期投顾组合发车.md
2024-12-12,4.8,A股,公众号当日估值文章,realtime,1fjpSCP6VO1zbbA_10UAyOeCPkrR92gvI,[2024-12-12-2201]12月12日指数估值数据个人养老金账户大扩容首次加入指数基金指数日报更新.md,https://drive.google.com/file/d/1fjpSCP6VO1zbbA_10UAyOeCPkrR92gvI/view?usp=drivesdk,1,收盘整体上涨，还在4.8星,closing_statement,auto_high_confidence,Drive/2024/[2024-12-12-2201]12月12日指数估值数据个人养老金账户大扩容首次加入指数基金指数日报更新.md
2024-12-13,4.9,A股,公众号当日估值文章,realtime,1lGbKC_ZQ8FisOFOd_wwyUJl7lAbyL5S-,[2024-12-13-2207]12月13日指数估值数据指数调仓日长期持有收分红选什么基金呢.md,https://drive.google.com/file/d/1lGbKC_ZQ8FisOFOd_wwyUJl7lAbyL5S-/view?usp=drivesdk,1,截止到收盘，回到4.9星,closing_statement,auto_high_confidence,Drive/2024/[2024-12-13-2207]12月13日指数估值数据指数调仓日长期持有收分红选什么基金呢.md
2024-12-16,4.9,A股,公众号当日估值文章,realtime,16j-zwEzuhTuArEOSZoDkluLxu9MGBqII,[2024-12-16-2203]12月16日指数估值数据个人养老金直播课来啦指数调仓后估值变化了么月薪宝发薪日黄金星级更新.md,https://drive.google.com/file/d/16j-zwEzuhTuArEOSZoDkluLxu9MGBqII/view?usp=drivesdk,1,截止到收盘，还在4.9星,closing_statement,auto_high_confidence,Drive/2024/[2024-12-16-2203]12月16日指数估值数据个人养老金直播课来啦指数调仓后估值变化了么月薪宝发薪日黄金星级更新.md
