date,star,star_low,star_high,target_mid,status,training_weight,evidence_confidence,market,realtime_or_backfilled,source,source_priority,evidence_method,evidence,review_status,source_url,source_file,notes
2022-01-04,4.0,4.0,4.0,4.0,approx,0.3,0.6,A股,realtime,verified/daily_star_2022.csv,historic_verified_annual,monthly_verified,,historic_verified,,daily_star_2022_01.csv,4.0星上下
2022-01-05,4.0,4.0,4.0,4.0,exact,0.9,0.9,A股,realtime,verified/daily_star_2022.csv,historic_verified_annual,monthly_verified,,historic_verified,,daily_star_2022_01.csv,4.0星
2022-01-06,4.0,4.0,4.0,4.0,exact,0.9,0.9,A股,realtime,verified/daily_star_2022.csv,historic_verified_annual,monthly_verified,,historic_verified,,daily_star_2022_01.csv,4.0星
2022-01-07,4.0,4.0,4.0,4.0,exact,0.9,0.9,A股,realtime,verified/daily_star_2022.csv,historic_verified_annual,monthly_verified,,historic_verified,,daily_star_2022_01.csv,4.0星
2022-01-10,4.0,4.0,4.0,4.0,exact,0.9,0.9,A股,realtime,verified/daily_star_2022.csv,historic_verified_annual,monthly_verified,,historic_verified,,daily_star_2022_01.csv,4.0星
2022-01-11,4.0,4.0,4.0,4.0,exact,0.9,0.9,A股,realtime,verified/daily_star_2022.csv,historic_verified_annual,monthly_verified,,historic_verified,,daily_star_2022_01.csv,4.0星
2022-01-12,4.0,4.0,4.0,4.0,exact,0.9,0.9,A股,realtime,verified/daily_star_2022.csv,historic_verified_annual,monthly_verified,,historic_verified,,daily_star_2022_01.csv,4.0星
2022-01-13,4.0,4.0,4.0,4.0,exact,0.9,0.9,A股,realtime,verified/daily_star_2022.csv,historic_verified_annual,monthly_verified,,historic_verified,,daily_star_2022_01.csv,4.0星
2022-01-14,4.0,4.0,4.0,4.0,exact,0.9,0.9,A股,realtime,verified/daily_star_2022.csv,historic_verified_annual,monthly_verified,,historic_verified,,daily_star_2022_01.csv,4.0星
2022-01-17,4.0,4.0,4.0,4.0,exact,0.9,0.9,A股,realtime,verified/daily_star_2022.csv,historic_verified_annual,monthly_verified,,historic_verified,,daily_star_2022_01.csv,4.0星
2022-01-18,4.0,4.0,4.0,4.0,exact,0.9,0.9,A股,realtime,verified/daily_star_2022.csv,historic_verified_annual,monthly_verified,,historic_verified,,daily_star_2022_01.csv,4.0星
2022-01-19,4.0,4.0,4.0,4.0,exact,0.9,0.9,A股,realtime,verified/daily_star_2022.csv,historic_verified_annual,monthly_verified,,historic_verified,,daily_star_2022_01.csv,4.0星
2022-01-20,4.0,4.0,4.0,4.0,exact,0.9,0.9,A股,realtime,verified/daily_star_2022.csv,historic_verified_annual,monthly_verified,,historic_verified,,daily_star_2022_01.csv,4.0星
2022-01-21,4.0,4.0,4.0,4.0,exact,0.9,0.9,A股,realtime,verified/daily_star_2022.csv,historic_verified_annual,monthly_verified,,historic_verified,,daily_star_2022_01.csv,4.0星
2022-01-24,4.0,4.0,4.0,4.0,exact,0.9,0.9,A股,realtime,verified/daily_star_2022.csv,historic_verified_annual,monthly_verified,,historic_verified,,daily_star_2022_01.csv,4.0星
2022-01-25,4.0,4.0,4.0,4.0,exact,0.9,0.9,A股,realtime,verified/daily_star_2022.csv,historic_verified_annual,monthly_verified,,historic_verified,,daily_star_2022_01.csv,4.0星
2022-01-26,4.0,4.0,4.0,4.0,exact,0.9,0.9,A股,realtime,verified/daily_star_2022.csv,historic_verified_annual,monthly_verified,,historic_verified,,daily_star_2022_01.csv,4.0星
2022-01-27,4.0,4.0,4.0,4.0,exact,0.9,0.9,A股,realtime,verified/daily_star_2022.csv,historic_verified_annual,monthly_verified,,historic_verified,,daily_star_2022_01.csv,4.0星
2022-01-28,4.0,4.0,4.0,4.0,exact,0.9,0.9,A股,realtime,verified/daily_star_2022.csv,historic_verified_annual,monthly_verified,,historic_verified,,daily_star_2022_01.csv,4.0星
2022-02-07,4.0,4.0,4.0,4.0,exact,0.9,0.9,A股,realtime,verified/daily_star_2022.csv,historic_verified_annual,monthly_verified,,historic_verified,,daily_star_2022_02.csv,4.0星
2022-02-08,4.0,4.0,4.0,4.0,exact,0.9,0.9,A股,realtime,verified/daily_star_2022.csv,historic_verified_annual,monthly_verified,,historic_verified,,daily_star_2022_02.csv,4.0星
2022-02-09,4.0,4.0,4.0,4.0,exact,0.9,0.9,A股,realtime,verified/daily_star_2022.csv,historic_verified_annual,monthly_verified,,historic_verified,,daily_star_2022_02.csv,4.0星
2022-02-10,4.0,4.0,4.0,4.0,exact,0.9,0.9,A股,realtime,verified/daily_star_2022.csv,historic_verified_annual,monthly_verified,,historic_verified,,daily_star_2022_02.csv,4.0星
2022-02-11,4.0,4.0,4.0,4.0,exact,0.9,0.9,A股,realtime,verified/daily_star_2022.csv,historic_verified_annual,monthly_verified,,historic_verified,,daily_star_2022_02.csv,4.0星
2022-02-14,4.0,4.0,4.0,4.0,exact,0.9,0.9,A股,realtime,verified/daily_star_2022.csv,historic_verified_annual,monthly_verified,,historic_verified,,daily_star_2022_02.csv,4.0星
2022-02-15,4.0,4.0,4.0,4.0,exact,0.9,0.9,A股,realtime,verified/daily_star_2022.csv,historic_verified_annual,monthly_verified,,historic_verified,,daily_star_2022_02.csv,4.0星
2022-02-16,4.0,4.0,4.0,4.0,exact,0.9,0.9,A股,realtime,verified/daily_star_2022.csv,historic_verified_annual,monthly_verified,,historic_verified,,daily_star_2022_02.csv,4.0星
2022-02-17,4.0,4.0,4.0,4.0,exact,0.9,0.9,A股,realtime,verified/daily_star_2022.csv,historic_verified_annual,monthly_verified,,historic_verified,,daily_star_2022_02.csv,4.0星
2022-02-18,4.0,4.0,4.0,4.0,exact,0.9,0.9,A股,realtime,verified/daily_star_2022.csv,historic_verified_annual,monthly_verified,,historic_verified,,daily_star_2022_02.csv,4.0星
2022-02-21,4.0,4.0,4.0,4.0,exact,0.9,0.9,A股,realtime,verified/daily_star_2022.csv,historic_verified_annual,monthly_verified,,historic_verified,,daily_star_2022_02.csv,4.0星
2022-02-22,4.0,4.0,4.0,4.0,exact,0.9,0.9,A股,realtime,verified/daily_star_2022.csv,historic_verified_annual,monthly_verified,,historic_verified,,daily_star_2022_02.csv,4.0星
2022-02-23,4.0,4.0,4.0,4.0,exact,0.9,0.9,A股,realtime,verified/daily_star_2022.csv,historic_verified_annual,monthly_verified,,historic_verified,,daily_star_2022_02.csv,4.0星
2022-02-24,4.0,4.0,4.0,4.0,exact,0.9,0.9,A股,realtime,verified/daily_star_2022.csv,historic_verified_annual,monthly_verified,,historic_verified,,daily_star_2022_02.csv,4.0星
2022-02-25,4.0,4.0,4.0,4.0,exact,0.9,0.9,A股,realtime,verified/daily_star_2022.csv,historic_verified_annual,monthly_verified,,historic_verified,,daily_star_2022_02.csv,4.0星
2022-02-28,4.0,4.0,4.0,4.0,exact,0.9,0.9,A股,realtime,verified/daily_star_2022.csv,historic_verified_annual,monthly_verified,,historic_verified,,daily_star_2022_02.csv,4.0星
2022-03-01,4.0,4.0,4.0,4.0,exact,0.9,0.9,A股,realtime,verified/daily_star_2022.csv,historic_verified_annual,monthly_verified,,historic_verified,,daily_star_2022_03.csv,4.0星
2022-03-02,4.0,4.0,4.0,4.0,exact,0.9,0.9,A股,realtime,verified/daily_star_2022.csv,historic_verified_annual,monthly_verified,,historic_verified,,daily_star_2022_03.csv,4.0星
2022-03-03,4.0,4.0,4.0,4.0,exact,0.9,0.9,A股,realtime,verified/daily_star_2022.csv,historic_verified_annual,monthly_verified,,historic_verified,,daily_star_2022_03.csv,4.0星
2022-03-04,4.0,4.0,4.0,4.0,exact,0.9,0.9,A股,realtime,verified/daily_star_2022.csv,historic_verified_annual,monthly_verified,,historic_verified,,daily_star_2022_03.csv,4.0星
2022-03-07,4.5,4.5,4.5,4.5,exact,0.9,0.9,A股,realtime,verified/daily_star_2022.csv,historic_verified_annual,monthly_verified,,historic_verified,,daily_star_2022_03.csv,4.5星
2022-03-08,4.5,4.5,4.5,4.5,exact,0.9,0.9,A股,realtime,verified/daily_star_2022.csv,historic_verified_annual,monthly_verified,,historic_verified,,daily_star_2022_03.csv,4.5星
2022-03-09,4.5,4.5,4.5,4.5,exact,0.9,0.9,A股,realtime,verified/daily_star_2022.csv,historic_verified_annual,monthly_verified,,historic_verified,,daily_star_2022_03.csv,4.5星
2022-03-10,4.5,4.5,4.5,4.5,exact,0.9,0.9,A股,realtime,verified/daily_star_2022.csv,historic_verified_annual,monthly_verified,,historic_verified,,daily_star_2022_03.csv,4.5星
2022-03-11,4.5,4.5,4.5,4.5,exact,0.9,0.9,A股,realtime,verified/daily_star_2022.csv,historic_verified_annual,monthly_verified,,historic_verified,,daily_star_2022_03.csv,4.5星
2022-03-14,4.5,4.5,4.5,4.5,exact,0.9,0.9,A股,realtime,verified/daily_star_2022.csv,historic_verified_annual,monthly_verified,,historic_verified,,daily_star_2022_03.csv,4.5星
2022-03-15,4.5,4.5,4.5,4.5,exact,0.9,0.9,A股,realtime,verified/daily_star_2022.csv,historic_verified_annual,monthly_verified,,historic_verified,,daily_star_2022_03.csv,4.5星
2022-03-16,4.5,4.5,4.5,4.5,exact,0.9,0.9,A股,realtime,verified/daily_star_2022.csv,historic_verified_annual,monthly_verified,,historic_verified,,daily_star_2022_03.csv,4.5星
2022-03-17,4.5,4.5,4.5,4.5,exact,0.9,0.9,A股,realtime,verified/daily_star_2022.csv,historic_verified_annual,monthly_verified,,historic_verified,,daily_star_2022_03.csv,4.5星
2022-03-18,4.5,4.5,4.5,4.5,exact,0.9,0.9,A股,realtime,verified/daily_star_2022.csv,historic_verified_annual,monthly_verified,,historic_verified,,daily_star_2022_03.csv,4.5星
2022-03-21,4.5,4.5,4.5,4.5,exact,0.9,0.9,A股,realtime,verified/daily_star_2022.csv,historic_verified_annual,monthly_verified,,historic_verified,,daily_star_2022_03.csv,4.5星
2022-03-22,4.5,4.5,4.5,4.5,exact,0.9,0.9,A股,realtime,verified/daily_star_2022.csv,historic_verified_annual,monthly_verified,,historic_verified,,daily_star_2022_03.csv,4.5星
2022-03-23,4.5,4.5,4.5,4.5,exact,0.9,0.9,A股,realtime,verified/daily_star_2022.csv,historic_verified_annual,monthly_verified,,historic_verified,,daily_star_2022_03.csv,4.5星
2022-03-24,4.5,4.5,4.5,4.5,exact,0.9,0.9,A股,realtime,verified/daily_star_2022.csv,historic_verified_annual,monthly_verified,,historic_verified,,daily_star_2022_03.csv,4.5星
2022-03-25,4.5,4.5,4.5,4.5,exact,0.9,0.9,A股,realtime,verified/daily_star_2022.csv,historic_verified_annual,monthly_verified,,historic_verified,,daily_star_2022_03.csv,4.5星
2022-03-28,4.5,4.5,4.5,4.5,exact,0.9,0.9,A股,realtime,verified/daily_star_2022.csv,historic_verified_annual,monthly_verified,,historic_verified,,daily_star_2022_03.csv,4.5星
2022-03-29,4.5,4.5,4.5,4.5,exact,0.9,0.9,A股,realtime,verified/daily_star_2022.csv,historic_verified_annual,monthly_verified,,historic_verified,,daily_star_2022_03.csv,4.5星
2022-03-30,4.5,4.5,4.5,4.5,exact,0.9,0.9,A股,realtime,verified/daily_star_2022.csv,historic_verified_annual,monthly_verified,,historic_verified,,daily_star_2022_03.csv,4.5星
2022-03-31,4.5,4.5,4.5,4.5,exact,0.9,0.9,A股,realtime,verified/daily_star_2022.csv,historic_verified_annual,monthly_verified,,historic_verified,,daily_star_2022_03.csv,4.5星
2022-04-01,4.5,4.5,4.5,4.5,exact,0.9,0.9,A股,realtime,verified/daily_star_2022.csv,historic_verified_annual,monthly_verified,,historic_verified,,daily_star_2022_04.csv,4.5星
2022-04-06,4.5,4.5,4.5,4.5,exact,0.9,0.9,A股,realtime,verified/daily_star_2022.csv,historic_verified_annual,monthly_verified,,historic_verified,,daily_star_2022_04.csv,4.5星
2022-04-07,4.8,4.8,4.8,4.8,exact,0.9,0.9,A股,realtime,verified/daily_star_2022.csv,historic_verified_annual,monthly_verified,,historic_verified,,daily_star_2022_04.csv,4.8星
2022-04-08,4.5,4.5,4.5,4.5,exact,0.9,0.9,A股,realtime,verified/daily_star_2022.csv,historic_verified_annual,monthly_verified,,historic_verified,,daily_star_2022_04.csv,4.5星
2022-04-11,4.9,4.9,4.9,4.9,exact,0.9,0.9,A股,realtime,verified/daily_star_2022.csv,historic_verified_annual,monthly_verified,,historic_verified,,daily_star_2022_04.csv,4.9星
2022-04-12,4.9,4.9,4.9,4.9,exact,0.9,0.9,A股,realtime,verified/daily_star_2022.csv,historic_verified_annual,monthly_verified,,historic_verified,,daily_star_2022_04.csv,4.9星
2022-04-13,4.9,4.9,4.9,4.9,exact,0.9,0.9,A股,realtime,verified/daily_star_2022.csv,historic_verified_annual,monthly_verified,,historic_verified,,daily_star_2022_04.csv,4.9星
2022-04-14,4.8,4.8,4.8,4.8,approx,0.3,0.6,A股,realtime,verified/daily_star_2022.csv,historic_verified_annual,monthly_verified,,historic_verified,,daily_star_2022_04.csv,4.8星上下
2022-04-15,,4.8,4.9,4.85,range,0.41250000000000003,0.75,A股,realtime,verified/daily_star_2022.csv,historic_verified_annual,monthly_verified,,historic_verified,,daily_star_2022_04.csv,4.8-4.9星上下
2022-04-18,,4.8,4.9,4.85,range,0.41250000000000003,0.75,A股,realtime,verified/daily_star_2022.csv,historic_verified_annual,monthly_verified,,historic_verified,,daily_star_2022_04.csv,4.8-4.9星上下
2022-04-19,,4.8,4.9,4.85,range,0.41250000000000003,0.75,A股,realtime,verified/daily_star_2022.csv,historic_verified_annual,monthly_verified,,historic_verified,,daily_star_2022_04.csv,4.8-4.9星上下
2022-04-20,4.9,4.9,4.9,4.9,exact,0.9,0.9,A股,realtime,verified/daily_star_2022.csv,historic_verified_annual,monthly_verified,,historic_verified,,daily_star_2022_04.csv,4.9星
2022-04-21,5.0,5.0,5.0,5.0,exact,0.9,0.9,A股,realtime,verified/daily_star_2022.csv,historic_verified_annual,monthly_verified,,historic_verified,,daily_star_2022_04.csv,5.0星
2022-04-22,5.0,5.0,5.0,5.0,exact,0.9,0.9,A股,realtime,verified/daily_star_2022.csv,historic_verified_annual,monthly_verified,,historic_verified,,daily_star_2022_04.csv,5.0星
2022-04-25,5.0,5.0,5.0,5.0,exact,0.9,0.9,A股,realtime,verified/daily_star_2022.csv,historic_verified_annual,monthly_verified,,historic_verified,,daily_star_2022_04.csv,5.0星
2022-04-26,5.0,5.0,5.0,5.0,exact,0.9,0.9,A股,realtime,verified/daily_star_2022.csv,historic_verified_annual,monthly_verified,,historic_verified,,daily_star_2022_04.csv,5.0星
2022-04-27,5.0,5.0,5.0,5.0,exact,0.9,0.9,A股,realtime,verified/daily_star_2022.csv,historic_verified_annual,monthly_verified,,historic_verified,,daily_star_2022_04.csv,5.0星
2022-04-28,5.0,5.0,5.0,5.0,exact,0.9,0.9,A股,realtime,verified/daily_star_2022.csv,historic_verified_annual,monthly_verified,,historic_verified,,daily_star_2022_04.csv,5.0星
2022-04-29,5.0,5.0,5.0,5.0,exact,0.9,0.9,A股,realtime,verified/daily_star_2022.csv,historic_verified_annual,monthly_verified,,historic_verified,,daily_star_2022_04.csv,5.0星
2022-05-05,5.0,5.0,5.0,5.0,exact,0.9,0.9,A股,realtime,verified/daily_star_2022.csv,historic_verified_annual,monthly_verified,,historic_verified,,daily_star_2022_05.csv,5.0星
2022-05-06,5.0,5.0,5.0,5.0,exact,0.9,0.9,A股,realtime,verified/daily_star_2022.csv,historic_verified_annual,monthly_verified,,historic_verified,,daily_star_2022_05.csv,5.0星
2022-05-09,5.0,5.0,5.0,5.0,exact,0.9,0.9,A股,realtime,verified/daily_star_2022.csv,historic_verified_annual,monthly_verified,,historic_verified,,daily_star_2022_05.csv,5.0星
2022-05-10,5.0,5.0,5.0,5.0,exact,0.9,0.9,A股,realtime,verified/daily_star_2022.csv,historic_verified_annual,monthly_verified,,historic_verified,,daily_star_2022_05.csv,5.0星
2022-05-11,5.1,5.1,5.1,5.1,approx,0.3,0.6,A股,realtime,verified/daily_star_2022.csv,historic_verified_annual,monthly_verified,,historic_verified,,daily_star_2022_05.csv,5.1星上下
2022-05-12,5.0,5.0,5.0,5.0,exact,0.9,0.9,A股,realtime,verified/daily_star_2022.csv,historic_verified_annual,monthly_verified,,historic_verified,,daily_star_2022_05.csv,5.0星
2022-05-13,5.1,5.1,5.1,5.1,approx,0.3,0.6,A股,realtime,verified/daily_star_2022.csv,historic_verified_annual,monthly_verified,,historic_verified,,daily_star_2022_05.csv,5.1星上下
2022-05-16,5.0,5.0,5.0,5.0,exact,0.9,0.9,A股,realtime,verified/daily_star_2022.csv,historic_verified_annual,monthly_verified,,historic_verified,,daily_star_2022_05.csv,5.0星
2022-05-17,5.1,5.1,5.1,5.1,exact,0.9,0.9,A股,realtime,verified/daily_star_2022.csv,historic_verified_annual,monthly_verified,,historic_verified,,daily_star_2022_05.csv,5.1星
2022-05-18,5.1,5.1,5.1,5.1,exact,0.9,0.9,A股,realtime,verified/daily_star_2022.csv,historic_verified_annual,monthly_verified,,historic_verified,,daily_star_2022_05.csv,5.1星
2022-05-19,5.1,5.1,5.1,5.1,exact,0.9,0.9,A股,realtime,verified/daily_star_2022.csv,historic_verified_annual,monthly_verified,,historic_verified,,daily_star_2022_05.csv,5.1星
2022-05-20,5.0,5.0,5.0,5.0,exact,0.9,0.9,A股,realtime,verified/daily_star_2022.csv,historic_verified_annual,monthly_verified,,historic_verified,,daily_star_2022_05.csv,5.0星
2022-05-23,5.1,5.1,5.1,5.1,exact,0.9,0.9,A股,realtime,verified/daily_star_2022.csv,historic_verified_annual,monthly_verified,,historic_verified,,daily_star_2022_05.csv,5.1星
2022-05-24,,5.1,5.2,5.15,range,0.41250000000000003,0.75,A股,realtime,verified/daily_star_2022.csv,historic_verified_annual,monthly_verified,,historic_verified,,daily_star_2022_05.csv,5.1-5.2星上下
2022-05-25,5.1,5.1,5.1,5.1,exact,0.9,0.9,A股,realtime,verified/daily_star_2022.csv,historic_verified_annual,monthly_verified,,historic_verified,,daily_star_2022_05.csv,5.1星
2022-05-26,5.1,5.1,5.1,5.1,exact,0.9,0.9,A股,realtime,verified/daily_star_2022.csv,historic_verified_annual,monthly_verified,,historic_verified,,daily_star_2022_05.csv,5.1星
2022-05-27,,5.0,5.1,5.05,range,0.41250000000000003,0.75,A股,realtime,verified/daily_star_2022.csv,historic_verified_annual,monthly_verified,,historic_verified,,daily_star_2022_05.csv,5.0-5.1星上下
2022-05-30,5.0,5.0,5.0,5.0,exact,0.9,0.9,A股,realtime,verified/daily_star_2022.csv,historic_verified_annual,monthly_verified,,historic_verified,,daily_star_2022_05.csv,5.0星
2022-05-31,4.9,4.9,4.9,4.9,exact,0.9,0.9,A股,realtime,verified/daily_star_2022.csv,historic_verified_annual,monthly_verified,,historic_verified,,daily_star_2022_05.csv,4.9星
2022-06-01,4.9,4.9,4.9,4.9,exact,0.9,0.9,A股,realtime,verified/daily_star_2022.csv,historic_verified_annual,monthly_verified,,historic_verified,,daily_star_2022_06.csv,4.9星
2022-06-02,4.9,4.9,4.9,4.9,exact,0.9,0.9,A股,realtime,verified/daily_star_2022.csv,historic_verified_annual,monthly_verified,,historic_verified,,daily_star_2022_06.csv,4.9星
2022-06-06,4.8,4.8,4.8,4.8,exact,0.9,0.9,A股,realtime,verified/daily_star_2022.csv,historic_verified_annual,monthly_verified,,historic_verified,,daily_star_2022_06.csv,4.8星
2022-06-07,4.8,4.8,4.8,4.8,exact,0.9,0.9,A股,realtime,verified/daily_star_2022.csv,historic_verified_annual,monthly_verified,,historic_verified,,daily_star_2022_06.csv,4.8星
2022-06-08,4.8,4.8,4.8,4.8,exact,0.9,0.9,A股,realtime,verified/daily_star_2022.csv,historic_verified_annual,monthly_verified,,historic_verified,,daily_star_2022_06.csv,4.8星
2022-06-09,4.9,4.9,4.9,4.9,exact,0.9,0.9,A股,realtime,verified/daily_star_2022.csv,historic_verified_annual,monthly_verified,,historic_verified,,daily_star_2022_06.csv,4.9星
2022-06-10,4.8,4.8,4.8,4.8,exact,0.9,0.9,A股,realtime,verified/daily_star_2022.csv,historic_verified_annual,monthly_verified,,historic_verified,,daily_star_2022_06.csv,4.8星
2022-06-13,4.8,4.8,4.8,4.8,exact,0.9,0.9,A股,realtime,verified/daily_star_2022.csv,historic_verified_annual,monthly_verified,,historic_verified,,daily_star_2022_06.csv,4.8星
2022-06-14,4.8,4.8,4.8,4.8,exact,0.9,0.9,A股,realtime,verified/daily_star_2022.csv,historic_verified_annual,monthly_verified,,historic_verified,,daily_star_2022_06.csv,4.8星
2022-06-15,4.8,4.8,4.8,4.8,exact,0.9,0.9,A股,realtime,verified/daily_star_2022.csv,historic_verified_annual,monthly_verified,,historic_verified,,daily_star_2022_06.csv,4.8星
2022-06-16,4.8,4.8,4.8,4.8,exact,0.9,0.9,A股,realtime,verified/daily_star_2022.csv,historic_verified_annual,monthly_verified,,historic_verified,,daily_star_2022_06.csv,4.8星
2022-06-17,4.7,4.7,4.7,4.7,exact,0.9,0.9,A股,realtime,verified/daily_star_2022.csv,historic_verified_annual,monthly_verified,,historic_verified,,daily_star_2022_06.csv,4.7星
2022-06-20,4.7,4.7,4.7,4.7,exact,0.9,0.9,A股,realtime,verified/daily_star_2022.csv,historic_verified_annual,monthly_verified,,historic_verified,,daily_star_2022_06.csv,4.7星
2022-06-21,4.7,4.7,4.7,4.7,exact,0.9,0.9,A股,realtime,verified/daily_star_2022.csv,historic_verified_annual,monthly_verified,,historic_verified,,daily_star_2022_06.csv,4.7星
2022-06-22,4.8,4.8,4.8,4.8,exact,0.9,0.9,A股,realtime,verified/daily_star_2022.csv,historic_verified_annual,monthly_verified,,historic_verified,,daily_star_2022_06.csv,4.8星
2022-06-23,4.7,4.7,4.7,4.7,exact,0.9,0.9,A股,realtime,verified/daily_star_2022.csv,historic_verified_annual,monthly_verified,,historic_verified,,daily_star_2022_06.csv,4.7星
2022-06-24,4.6,4.6,4.6,4.6,exact,0.9,0.9,A股,realtime,verified/daily_star_2022.csv,historic_verified_annual,monthly_verified,,historic_verified,,daily_star_2022_06.csv,4.6星
2022-06-27,4.6,4.6,4.6,4.6,exact,0.9,0.9,A股,realtime,verified/daily_star_2022.csv,historic_verified_annual,monthly_verified,,historic_verified,,daily_star_2022_06.csv,4.6星
2022-06-28,4.5,4.5,4.5,4.5,exact,0.9,0.9,A股,realtime,verified/daily_star_2022.csv,historic_verified_annual,monthly_verified,,historic_verified,,daily_star_2022_06.csv,4.5星
2022-06-29,4.6,4.6,4.6,4.6,exact,0.9,0.9,A股,realtime,verified/daily_star_2022.csv,historic_verified_annual,monthly_verified,,historic_verified,,daily_star_2022_06.csv,4.6星
2022-06-30,4.5,4.5,4.5,4.5,exact,0.9,0.9,A股,realtime,verified/daily_star_2022.csv,historic_verified_annual,monthly_verified,,historic_verified,,daily_star_2022_06.csv,4.5星
2022-07-01,4.6,4.6,4.6,4.6,exact,0.9,0.9,A股,realtime,verified/daily_star_2022.csv,historic_verified_annual,monthly_verified,,historic_verified,,daily_star_2022_07.csv,4.6星
2022-07-04,4.5,4.5,4.5,4.5,exact,0.9,0.9,A股,realtime,verified/daily_star_2022.csv,historic_verified_annual,monthly_verified,,historic_verified,,daily_star_2022_07.csv,4.5星
2022-07-05,4.6,4.6,4.6,4.6,exact,0.9,0.9,A股,realtime,verified/daily_star_2022.csv,historic_verified_annual,monthly_verified,,historic_verified,,daily_star_2022_07.csv,4.6星
2022-07-06,4.6,4.6,4.6,4.6,exact,0.9,0.9,A股,realtime,verified/daily_star_2022.csv,historic_verified_annual,monthly_verified,,historic_verified,,daily_star_2022_07.csv,4.6星
2022-07-07,4.6,4.6,4.6,4.6,exact,0.9,0.9,A股,realtime,verified/daily_star_2022.csv,historic_verified_annual,monthly_verified,,historic_verified,,daily_star_2022_07.csv,4.6星
2022-07-08,4.6,4.6,4.6,4.6,exact,0.9,0.9,A股,realtime,verified/daily_star_2022.csv,historic_verified_annual,monthly_verified,,historic_verified,,daily_star_2022_07.csv,4.6星
2022-07-11,4.7,4.7,4.7,4.7,exact,0.9,0.9,A股,realtime,verified/daily_star_2022.csv,historic_verified_annual,monthly_verified,,historic_verified,,daily_star_2022_07.csv,4.7星
2022-07-12,4.7,4.7,4.7,4.7,exact,0.9,0.9,A股,realtime,verified/daily_star_2022.csv,historic_verified_annual,monthly_verified,,historic_verified,,daily_star_2022_07.csv,4.7星
2022-07-13,4.7,4.7,4.7,4.7,exact,0.9,0.9,A股,realtime,verified/daily_star_2022.csv,historic_verified_annual,monthly_verified,,historic_verified,,daily_star_2022_07.csv,4.7星
2022-07-14,4.7,4.7,4.7,4.7,exact,0.9,0.9,A股,realtime,verified/daily_star_2022.csv,historic_verified_annual,monthly_verified,,historic_verified,,daily_star_2022_07.csv,4.7星
2022-07-15,4.7,4.7,4.7,4.7,exact,0.9,0.9,A股,realtime,verified/daily_star_2022.csv,historic_verified_annual,monthly_verified,,historic_verified,,daily_star_2022_07.csv,4.7星
2022-07-18,4.7,4.7,4.7,4.7,exact,0.9,0.9,A股,realtime,verified/daily_star_2022.csv,historic_verified_annual,monthly_verified,,historic_verified,,daily_star_2022_07.csv,4.7星
2022-07-19,4.7,4.7,4.7,4.7,exact,0.9,0.9,A股,realtime,verified/daily_star_2022.csv,historic_verified_annual,monthly_verified,,historic_verified,,daily_star_2022_07.csv,4.7星
2022-07-20,4.6,4.6,4.6,4.6,exact,0.9,0.9,A股,realtime,verified/daily_star_2022.csv,historic_verified_annual,monthly_verified,,historic_verified,,daily_star_2022_07.csv,4.6星
2022-07-21,4.7,4.7,4.7,4.7,exact,0.9,0.9,A股,realtime,verified/daily_star_2022.csv,historic_verified_annual,monthly_verified,,historic_verified,,daily_star_2022_07.csv,4.7星
2022-07-22,4.7,4.7,4.7,4.7,exact,0.9,0.9,A股,realtime,verified/daily_star_2022.csv,historic_verified_annual,monthly_verified,,historic_verified,,daily_star_2022_07.csv,4.7星
2022-07-25,4.7,4.7,4.7,4.7,exact,0.9,0.9,A股,realtime,verified/daily_star_2022.csv,historic_verified_annual,monthly_verified,,historic_verified,,daily_star_2022_07.csv,4.7星
2022-07-26,4.7,4.7,4.7,4.7,exact,0.9,0.9,A股,realtime,verified/daily_star_2022.csv,historic_verified_annual,monthly_verified,,historic_verified,,daily_star_2022_07.csv,4.7星
2022-07-27,4.7,4.7,4.7,4.7,exact,0.9,0.9,A股,realtime,verified/daily_star_2022.csv,historic_verified_annual,monthly_verified,,historic_verified,,daily_star_2022_07.csv,4.7星
2022-07-28,4.7,4.7,4.7,4.7,exact,0.9,0.9,A股,realtime,verified/daily_star_2022.csv,historic_verified_annual,monthly_verified,,historic_verified,,daily_star_2022_07.csv,4.7星
2022-07-29,4.7,4.7,4.7,4.7,exact,0.9,0.9,A股,realtime,verified/daily_star_2022.csv,historic_verified_annual,monthly_verified,,historic_verified,,daily_star_2022_07.csv,4.7星
2022-08-01,4.7,4.7,4.7,4.7,exact,0.9,0.9,A股,realtime,verified/daily_star_2022.csv,historic_verified_annual,monthly_verified,,historic_verified,,daily_star_2022_08.csv,4.7星
2022-08-02,4.8,4.8,4.8,4.8,exact,0.9,0.9,A股,realtime,verified/daily_star_2022.csv,historic_verified_annual,monthly_verified,,historic_verified,,daily_star_2022_08.csv,4.8星
2022-08-03,4.8,4.8,4.8,4.8,exact,0.9,0.9,A股,realtime,verified/daily_star_2022.csv,historic_verified_annual,monthly_verified,,historic_verified,,daily_star_2022_08.csv,4.8星
2022-08-04,4.8,4.8,4.8,4.8,exact,0.9,0.9,A股,realtime,verified/daily_star_2022.csv,historic_verified_annual,monthly_verified,,historic_verified,,daily_star_2022_08.csv,4.8星
2022-08-05,4.7,4.7,4.7,4.7,exact,0.9,0.9,A股,realtime,verified/daily_star_2022.csv,historic_verified_annual,monthly_verified,,historic_verified,,daily_star_2022_08.csv,4.7星
2022-08-08,4.7,4.7,4.7,4.7,exact,0.9,0.9,A股,realtime,verified/daily_star_2022.csv,historic_verified_annual,monthly_verified,,historic_verified,,daily_star_2022_08.csv,4.7星
2022-08-09,4.7,4.7,4.7,4.7,exact,0.9,0.9,A股,realtime,verified/daily_star_2022.csv,historic_verified_annual,monthly_verified,,historic_verified,,daily_star_2022_08.csv,4.7星
2022-08-10,4.7,4.7,4.7,4.7,exact,0.9,0.9,A股,realtime,verified/daily_star_2022.csv,historic_verified_annual,monthly_verified,,historic_verified,,daily_star_2022_08.csv,4.7星
2022-08-11,,4.6,4.7,4.65,range,0.41250000000000003,0.75,A股,realtime,verified/daily_star_2022.csv,historic_verified_annual,monthly_verified,,historic_verified,,daily_star_2022_08.csv,4.6-4.7星上下
2022-08-12,4.7,4.7,4.7,4.7,exact,0.9,0.9,A股,realtime,verified/daily_star_2022.csv,historic_verified_annual,monthly_verified,,historic_verified,,daily_star_2022_08.csv,4.7星
2022-08-15,4.7,4.7,4.7,4.7,exact,0.9,0.9,A股,realtime,verified/daily_star_2022.csv,historic_verified_annual,monthly_verified,,historic_verified,,daily_star_2022_08.csv,4.7星
2022-08-16,,4.6,4.7,4.65,range,0.41250000000000003,0.75,A股,realtime,verified/daily_star_2022.csv,historic_verified_annual,monthly_verified,,historic_verified,,daily_star_2022_08.csv,4.6-4.7星上下
2022-08-17,,4.6,4.7,4.65,range,0.41250000000000003,0.75,A股,realtime,verified/daily_star_2022.csv,historic_verified_annual,monthly_verified,,historic_verified,,daily_star_2022_08.csv,4.6-4.7星上下
2022-08-18,,4.6,4.7,4.65,range,0.41250000000000003,0.75,A股,realtime,verified/daily_star_2022.csv,historic_verified_annual,monthly_verified,,historic_verified,,daily_star_2022_08.csv,4.6-4.7星上下
2022-08-19,4.7,4.7,4.7,4.7,exact,0.9,0.9,A股,realtime,verified/daily_star_2022.csv,historic_verified_annual,monthly_verified,,historic_verified,,daily_star_2022_08.csv,4.7星
2022-08-22,,4.6,4.7,4.65,range,0.41250000000000003,0.75,A股,realtime,verified/daily_star_2022.csv,historic_verified_annual,monthly_verified,,historic_verified,,daily_star_2022_08.csv,4.6-4.7星上下
2022-08-23,,4.6,4.7,4.65,range,0.41250000000000003,0.75,A股,realtime,verified/daily_star_2022.csv,historic_verified_annual,monthly_verified,,historic_verified,,daily_star_2022_08.csv,4.6-4.7星上下
2022-08-24,4.8,4.8,4.8,4.8,exact,0.9,0.9,A股,realtime,verified/daily_star_2022.csv,historic_verified_annual,monthly_verified,,historic_verified,,daily_star_2022_08.csv,4.8星
2022-08-25,4.7,4.7,4.7,4.7,exact,0.9,0.9,A股,realtime,verified/daily_star_2022.csv,historic_verified_annual,monthly_verified,,historic_verified,,daily_star_2022_08.csv,4.7星
2022-08-26,4.8,4.8,4.8,4.8,exact,0.9,0.9,A股,realtime,verified/daily_star_2022.csv,historic_verified_annual,monthly_verified,,historic_verified,,daily_star_2022_08.csv,4.8星
2022-08-29,4.8,4.8,4.8,4.8,exact,0.9,0.9,A股,realtime,verified/daily_star_2022.csv,historic_verified_annual,monthly_verified,,historic_verified,,daily_star_2022_08.csv,4.8星
2022-08-30,4.8,4.8,4.8,4.8,exact,0.9,0.9,A股,realtime,verified/daily_star_2022.csv,historic_verified_annual,monthly_verified,,historic_verified,,daily_star_2022_08.csv,4.8星
2022-08-31,4.8,4.8,4.8,4.8,exact,0.9,0.9,A股,realtime,verified/daily_star_2022.csv,historic_verified_annual,monthly_verified,,historic_verified,,daily_star_2022_08.csv,4.8星
2022-09-01,4.9,4.9,4.9,4.9,exact,0.9,0.9,A股,realtime,verified/daily_star_2022.csv,historic_verified_annual,monthly_verified,,historic_verified,,daily_star_2022_09.csv,4.9星
2022-09-02,4.9,4.9,4.9,4.9,exact,0.9,0.9,A股,realtime,verified/daily_star_2022.csv,historic_verified_annual,monthly_verified,,historic_verified,,daily_star_2022_09.csv,4.9星
2022-09-05,4.9,4.9,4.9,4.9,exact,0.9,0.9,A股,realtime,verified/daily_star_2022.csv,historic_verified_annual,monthly_verified,,historic_verified,,daily_star_2022_09.csv,4.9星
2022-09-06,4.8,4.8,4.8,4.8,exact,0.9,0.9,A股,realtime,verified/daily_star_2022.csv,historic_verified_annual,monthly_verified,,historic_verified,,daily_star_2022_09.csv,4.8星
2022-09-07,4.8,4.8,4.8,4.8,exact,0.9,0.9,A股,realtime,verified/daily_star_2022.csv,historic_verified_annual,monthly_verified,,historic_verified,,daily_star_2022_09.csv,4.8星
2022-09-08,4.8,4.8,4.8,4.8,exact,0.9,0.9,A股,realtime,verified/daily_star_2022.csv,historic_verified_annual,monthly_verified,,historic_verified,,daily_star_2022_09.csv,4.8星
2022-09-09,4.8,4.8,4.8,4.8,exact,0.9,0.9,A股,realtime,verified/daily_star_2022.csv,historic_verified_annual,monthly_verified,,historic_verified,,daily_star_2022_09.csv,4.8星
2022-09-13,4.8,4.8,4.8,4.8,exact,0.9,0.9,A股,realtime,verified/daily_star_2022.csv,historic_verified_annual,monthly_verified,,historic_verified,,daily_star_2022_09.csv,4.8星
2022-09-14,4.8,4.8,4.8,4.8,exact,0.9,0.9,A股,realtime,verified/daily_star_2022.csv,historic_verified_annual,monthly_verified,,historic_verified,,daily_star_2022_09.csv,4.8星
2022-09-15,4.9,4.9,4.9,4.9,exact,0.9,0.9,A股,realtime,verified/daily_star_2022.csv,historic_verified_annual,monthly_verified,,historic_verified,,daily_star_2022_09.csv,4.9星
2022-09-16,5.0,5.0,5.0,5.0,exact,0.9,0.9,A股,realtime,verified/daily_star_2022.csv,historic_verified_annual,monthly_verified,,historic_verified,,daily_star_2022_09.csv,5.0星
2022-09-19,5.0,5.0,5.0,5.0,exact,0.9,0.9,A股,realtime,verified/daily_star_2022.csv,historic_verified_annual,monthly_verified,,historic_verified,,daily_star_2022_09.csv,5.0星
2022-09-20,5.0,5.0,5.0,5.0,exact,0.9,0.9,A股,realtime,verified/daily_star_2022.csv,historic_verified_annual,monthly_verified,,historic_verified,,daily_star_2022_09.csv,5.0星
2022-09-21,5.0,5.0,5.0,5.0,exact,0.9,0.9,A股,realtime,verified/daily_star_2022.csv,historic_verified_annual,monthly_verified,,historic_verified,,daily_star_2022_09.csv,5.0星
2022-09-22,5.0,5.0,5.0,5.0,exact,0.9,0.9,A股,realtime,verified/daily_star_2022.csv,historic_verified_annual,monthly_verified,,historic_verified,,daily_star_2022_09.csv,5.0星
2022-09-23,5.1,5.1,5.1,5.1,exact,0.9,0.9,A股,realtime,verified/daily_star_2022.csv,historic_verified_annual,monthly_verified,,historic_verified,,daily_star_2022_09.csv,5.1星
2022-09-26,5.1,5.1,5.1,5.1,exact,0.9,0.9,A股,realtime,verified/daily_star_2022.csv,historic_verified_annual,monthly_verified,,historic_verified,,daily_star_2022_09.csv,5.1星
2022-09-27,5.0,5.0,5.0,5.0,exact,0.9,0.9,A股,realtime,verified/daily_star_2022.csv,historic_verified_annual,monthly_verified,,historic_verified,,daily_star_2022_09.csv,5.0星
2022-09-28,5.1,5.1,5.1,5.1,exact,0.9,0.9,A股,realtime,verified/daily_star_2022.csv,historic_verified_annual,monthly_verified,,historic_verified,,daily_star_2022_09.csv,5.1星
2022-09-29,5.1,5.1,5.1,5.1,exact,0.9,0.9,A股,realtime,verified/daily_star_2022.csv,historic_verified_annual,monthly_verified,,historic_verified,,daily_star_2022_09.csv,5.1星
2022-09-30,5.2,5.2,5.2,5.2,exact,0.9,0.9,A股,realtime,verified/daily_star_2022.csv,historic_verified_annual,monthly_verified,,historic_verified,,daily_star_2022_09.csv,5.2星
2022-10-10,5.2,5.2,5.2,5.2,exact,0.9,0.9,A股,realtime,verified/daily_star_2022.csv,historic_verified_annual,monthly_verified,,historic_verified,,daily_star_2022_10.csv,5.2星
2022-10-11,5.2,5.2,5.2,5.2,exact,0.9,0.9,A股,realtime,verified/daily_star_2022.csv,historic_verified_annual,monthly_verified,,historic_verified,,daily_star_2022_10.csv,5.2星
2022-10-12,5.1,5.1,5.1,5.1,exact,0.9,0.9,A股,realtime,verified/daily_star_2022.csv,historic_verified_annual,monthly_verified,,historic_verified,,daily_star_2022_10.csv,5.1星
2022-10-13,5.1,5.1,5.1,5.1,exact,0.9,0.9,A股,realtime,verified/daily_star_2022.csv,historic_verified_annual,monthly_verified,,historic_verified,,daily_star_2022_10.csv,5.1星
2022-10-14,5.0,5.0,5.0,5.0,exact,0.9,0.9,A股,realtime,verified/daily_star_2022.csv,historic_verified_annual,monthly_verified,,historic_verified,,daily_star_2022_10.csv,5.0星
2022-10-17,5.0,5.0,5.0,5.0,exact,0.9,0.9,A股,realtime,verified/daily_star_2022.csv,historic_verified_annual,monthly_verified,,historic_verified,,daily_star_2022_10.csv,5.0星
2022-10-18,5.0,5.0,5.0,5.0,exact,0.9,0.9,A股,realtime,verified/daily_star_2022.csv,historic_verified_annual,monthly_verified,,historic_verified,,daily_star_2022_10.csv,5.0星
2022-10-19,5.1,5.1,5.1,5.1,exact,0.9,0.9,A股,realtime,verified/daily_star_2022.csv,historic_verified_annual,monthly_verified,,historic_verified,,daily_star_2022_10.csv,5.1星
2022-10-20,5.1,5.1,5.1,5.1,exact,0.9,0.9,A股,realtime,verified/daily_star_2022.csv,historic_verified_annual,monthly_verified,,historic_verified,,daily_star_2022_10.csv,5.1星
2022-10-21,5.1,5.1,5.1,5.1,exact,0.9,0.9,A股,realtime,verified/daily_star_2022.csv,historic_verified_annual,monthly_verified,,historic_verified,,daily_star_2022_10.csv,5.1星
2022-10-24,5.2,5.2,5.2,5.2,exact,0.9,0.9,A股,realtime,verified/daily_star_2022.csv,historic_verified_annual,monthly_verified,,historic_verified,,daily_star_2022_10.csv,5.2星
2022-10-25,5.2,5.2,5.2,5.2,exact,0.9,0.9,A股,realtime,verified/daily_star_2022.csv,historic_verified_annual,monthly_verified,,historic_verified,,daily_star_2022_10.csv,5.2星
2022-10-26,,5.1,5.2,5.15,range,0.41250000000000003,0.75,A股,realtime,verified/daily_star_2022.csv,historic_verified_annual,monthly_verified,,historic_verified,,daily_star_2022_10.csv,5.1-5.2星上下
2022-10-27,,5.1,5.2,5.15,range,0.41250000000000003,0.75,A股,realtime,verified/daily_star_2022.csv,historic_verified_annual,monthly_verified,,historic_verified,,daily_star_2022_10.csv,5.1-5.2星上下
2022-10-28,5.3,5.3,5.3,5.3,exact,0.9,0.9,A股,realtime,verified/daily_star_2022.csv,historic_verified_annual,monthly_verified,,historic_verified,,daily_star_2022_10.csv,5.3星
2022-10-31,5.3,5.3,5.3,5.3,exact,0.9,0.9,A股,realtime,verified/daily_star_2022.csv,historic_verified_annual,monthly_verified,,historic_verified,,daily_star_2022_10.csv,5.3星
2022-11-01,,5.1,5.2,5.15,range,0.41250000000000003,0.75,A股,realtime,verified/daily_star_2022.csv,historic_verified_annual,monthly_verified,,historic_verified,,daily_star_2022_11.csv,5.1-5.2星上下
2022-11-02,5.1,5.1,5.1,5.1,approx,0.3,0.6,A股,realtime,verified/daily_star_2022.csv,historic_verified_annual,monthly_verified,,historic_verified,,daily_star_2022_11.csv,5.1星上下
2022-11-03,5.1,5.1,5.1,5.1,exact,0.9,0.9,A股,realtime,verified/daily_star_2022.csv,historic_verified_annual,monthly_verified,,historic_verified,,daily_star_2022_11.csv,5.1星
2022-11-04,5.0,5.0,5.0,5.0,exact,0.9,0.9,A股,realtime,verified/daily_star_2022.csv,historic_verified_annual,monthly_verified,,historic_verified,,daily_star_2022_11.csv,5.0星
2022-11-07,5.0,5.0,5.0,5.0,exact,0.9,0.9,A股,realtime,verified/daily_star_2022.csv,historic_verified_annual,monthly_verified,,historic_verified,,daily_star_2022_11.csv,5.0星
2022-11-08,5.0,5.0,5.0,5.0,exact,0.9,0.9,A股,realtime,verified/daily_star_2022.csv,historic_verified_annual,monthly_verified,,historic_verified,,daily_star_2022_11.csv,5.0星
2022-11-09,5.0,5.0,5.0,5.0,exact,0.9,0.9,A股,realtime,verified/daily_star_2022.csv,historic_verified_annual,monthly_verified,,historic_verified,,daily_star_2022_11.csv,5.0星
2022-11-10,5.1,5.1,5.1,5.1,exact,0.9,0.9,A股,realtime,verified/daily_star_2022.csv,historic_verified_annual,monthly_verified,,historic_verified,,daily_star_2022_11.csv,5.1星
2022-11-11,5.0,5.0,5.0,5.0,exact,0.9,0.9,A股,realtime,verified/daily_star_2022.csv,historic_verified_annual,monthly_verified,,historic_verified,,daily_star_2022_11.csv,5.0星
2022-11-14,5.0,5.0,5.0,5.0,exact,0.9,0.9,A股,realtime,verified/daily_star_2022.csv,historic_verified_annual,monthly_verified,,historic_verified,,daily_star_2022_11.csv,5.0星
2022-11-15,4.9,4.9,4.9,4.9,exact,0.9,0.9,A股,realtime,verified/daily_star_2022.csv,historic_verified_annual,monthly_verified,,historic_verified,,daily_star_2022_11.csv,4.9星
2022-11-16,5.0,5.0,5.0,5.0,exact,0.9,0.9,A股,realtime,verified/daily_star_2022.csv,historic_verified_annual,monthly_verified,,historic_verified,,daily_star_2022_11.csv,5.0星
2022-11-17,5.0,5.0,5.0,5.0,exact,0.9,0.9,A股,realtime,verified/daily_star_2022.csv,historic_verified_annual,monthly_verified,,historic_verified,,daily_star_2022_11.csv,5.0星
2022-11-18,5.0,5.0,5.0,5.0,exact,0.9,0.9,A股,realtime,verified/daily_star_2022.csv,historic_verified_annual,monthly_verified,,historic_verified,,daily_star_2022_11.csv,5.0星
2022-11-21,5.0,5.0,5.0,5.0,exact,0.9,0.9,A股,realtime,verified/daily_star_2022.csv,historic_verified_annual,monthly_verified,,historic_verified,,daily_star_2022_11.csv,5.0星
2022-11-22,5.0,5.0,5.0,5.0,exact,0.9,0.9,A股,realtime,verified/daily_star_2022.csv,historic_verified_annual,monthly_verified,,historic_verified,,daily_star_2022_11.csv,5.0星
2022-11-23,5.0,5.0,5.0,5.0,exact,0.9,0.9,A股,realtime,verified/daily_star_2022.csv,historic_verified_annual,monthly_verified,,historic_verified,,daily_star_2022_11.csv,5.0星
2022-11-24,5.0,5.0,5.0,5.0,exact,0.9,0.9,A股,realtime,verified/daily_star_2022.csv,historic_verified_annual,monthly_verified,,historic_verified,,daily_star_2022_11.csv,5.0星
2022-11-25,5.0,5.0,5.0,5.0,exact,0.9,0.9,A股,realtime,verified/daily_star_2022.csv,historic_verified_annual,monthly_verified,,historic_verified,,daily_star_2022_11.csv,5.0星
2022-11-28,5.1,5.1,5.1,5.1,exact,0.9,0.9,A股,realtime,verified/daily_star_2022.csv,historic_verified_annual,monthly_verified,,historic_verified,,daily_star_2022_11.csv,5.1星
2022-11-29,5.0,5.0,5.0,5.0,exact,0.9,0.9,A股,realtime,verified/daily_star_2022.csv,historic_verified_annual,monthly_verified,,historic_verified,,daily_star_2022_11.csv,5.0星
2022-11-30,,4.9,5.0,4.95,range,0.41250000000000003,0.75,A股,realtime,verified/daily_star_2022.csv,historic_verified_annual,monthly_verified,,historic_verified,,daily_star_2022_11.csv,4.9-5.0星上下
2022-12-01,4.9,4.9,4.9,4.9,exact,0.9,0.9,A股,realtime,verified/daily_star_2022.csv,historic_verified_annual,monthly_verified,,historic_verified,,daily_star_2022_12.csv,4.9星
2022-12-02,4.9,4.9,4.9,4.9,exact,0.9,0.9,A股,realtime,verified/daily_star_2022.csv,historic_verified_annual,monthly_verified,,historic_verified,,daily_star_2022_12.csv,4.9星
2022-12-05,4.9,4.9,4.9,4.9,exact,0.9,0.9,A股,realtime,verified/daily_star_2022.csv,historic_verified_annual,monthly_verified,,historic_verified,,daily_star_2022_12.csv,4.9星
2022-12-06,4.9,4.9,4.9,4.9,exact,0.9,0.9,A股,realtime,verified/daily_star_2022.csv,historic_verified_annual,monthly_verified,,historic_verified,,daily_star_2022_12.csv,4.9星
2022-12-07,4.9,4.9,4.9,4.9,exact,0.9,0.9,A股,realtime,verified/daily_star_2022.csv,historic_verified_annual,monthly_verified,,historic_verified,,daily_star_2022_12.csv,4.9星
2022-12-08,4.9,4.9,4.9,4.9,exact,0.9,0.9,A股,realtime,verified/daily_star_2022.csv,historic_verified_annual,monthly_verified,,historic_verified,,daily_star_2022_12.csv,4.9星
2022-12-09,4.9,4.9,4.9,4.9,exact,0.9,0.9,A股,realtime,verified/daily_star_2022.csv,historic_verified_annual,monthly_verified,,historic_verified,,daily_star_2022_12.csv,4.9星
2022-12-12,4.9,4.9,4.9,4.9,exact,0.9,0.9,A股,realtime,verified/daily_star_2022.csv,historic_verified_annual,monthly_verified,,historic_verified,,daily_star_2022_12.csv,4.9星
2022-12-13,4.9,4.9,4.9,4.9,exact,0.9,0.9,A股,realtime,verified/daily_star_2022.csv,historic_verified_annual,monthly_verified,,historic_verified,,daily_star_2022_12.csv,4.9星
2022-12-14,4.9,4.9,4.9,4.9,exact,0.9,0.9,A股,realtime,verified/daily_star_2022.csv,historic_verified_annual,monthly_verified,,historic_verified,,daily_star_2022_12.csv,4.9星
2022-12-15,4.9,4.9,4.9,4.9,exact,0.9,0.9,A股,realtime,verified/daily_star_2022.csv,historic_verified_annual,monthly_verified,,historic_verified,,daily_star_2022_12.csv,4.9星
2022-12-16,4.9,4.9,4.9,4.9,exact,0.9,0.9,A股,realtime,verified/daily_star_2022.csv,historic_verified_annual,monthly_verified,,historic_verified,,daily_star_2022_12.csv,4.9星
2022-12-19,5.0,5.0,5.0,5.0,exact,0.9,0.9,A股,realtime,verified/daily_star_2022.csv,historic_verified_annual,monthly_verified,,historic_verified,,daily_star_2022_12.csv,5.0星
2022-12-20,,5.0,5.1,5.05,range,0.41250000000000003,0.75,A股,realtime,verified/daily_star_2022.csv,historic_verified_annual,monthly_verified,,historic_verified,,daily_star_2022_12.csv,5.0-5.1星上下
2022-12-21,,5.0,5.1,5.05,range,0.41250000000000003,0.75,A股,realtime,verified/daily_star_2022.csv,historic_verified_annual,monthly_verified,,historic_verified,,daily_star_2022_12.csv,5.0-5.1星上下
2022-12-22,5.1,5.1,5.1,5.1,exact,0.9,0.9,A股,realtime,verified/daily_star_2022.csv,historic_verified_annual,monthly_verified,,historic_verified,,daily_star_2022_12.csv,5.1星
2022-12-23,5.1,5.1,5.1,5.1,exact,0.9,0.9,A股,realtime,verified/daily_star_2022.csv,historic_verified_annual,monthly_verified,,historic_verified,,daily_star_2022_12.csv,5.1星
2022-12-26,5.1,5.1,5.1,5.1,exact,0.9,0.9,A股,realtime,verified/daily_star_2022.csv,historic_verified_annual,monthly_verified,,historic_verified,,daily_star_2022_12.csv,5.1星
2022-12-27,5.0,5.0,5.0,5.0,exact,0.9,0.9,A股,realtime,verified/daily_star_2022.csv,historic_verified_annual,monthly_verified,,historic_verified,,daily_star_2022_12.csv,5.0星
2022-12-28,,5.0,5.1,5.05,range,0.41250000000000003,0.75,A股,realtime,verified/daily_star_2022.csv,historic_verified_annual,monthly_verified,,historic_verified,,daily_star_2022_12.csv,5.0-5.1星上下
2022-12-29,,5.0,5.1,5.05,range,0.41250000000000003,0.75,A股,realtime,verified/daily_star_2022.csv,historic_verified_annual,monthly_verified,,historic_verified,,daily_star_2022_12.csv,5.0-5.1星上下
2022-12-30,,5.0,5.1,5.05,range,0.41250000000000003,0.75,A股,realtime,verified/daily_star_2022.csv,historic_verified_annual,monthly_verified,,historic_verified,,daily_star_2022_12.csv,5.0-5.1星上下
2023-01-03,5.0,5.0,5.0,5.0,exact,0.9,0.9,A股,realtime,verified/daily_star_2023.csv,historic_verified_annual,,,historic_verified,,,
2023-01-04,5.0,5.0,5.0,5.0,exact,0.9,0.9,A股,realtime,verified/daily_star_2023.csv,historic_verified_annual,,,historic_verified,,,
2023-01-05,4.9,4.9,4.9,4.9,exact,0.9,0.9,A股,realtime,verified/daily_star_2023.csv,historic_verified_annual,,,historic_verified,,,
2023-01-06,4.9,4.9,4.9,4.9,exact,0.9,0.9,A股,realtime,verified/daily_star_2023.csv,historic_verified_annual,,,historic_verified,,,
2023-01-09,4.9,4.9,4.9,4.9,exact,0.9,0.9,A股,realtime,verified/daily_star_2023.csv,historic_verified_annual,,,historic_verified,,,
2023-01-10,4.9,4.9,4.9,4.9,exact,0.9,0.9,A股,realtime,verified/daily_star_2023.csv,historic_verified_annual,,,historic_verified,,,
2023-01-11,4.9,4.9,4.9,4.9,exact,0.9,0.9,A股,realtime,verified/daily_star_2023.csv,historic_verified_annual,,,historic_verified,,,
2023-01-12,4.9,4.9,4.9,4.9,exact,0.9,0.9,A股,realtime,verified/daily_star_2023.csv,historic_verified_annual,,,historic_verified,,,
2023-01-13,4.9,4.9,4.9,4.9,exact,0.9,0.9,A股,realtime,verified/daily_star_2023.csv,historic_verified_annual,,,historic_verified,,,
2023-01-16,4.8,4.8,4.8,4.8,exact,0.9,0.9,A股,realtime,verified/daily_star_2023.csv,historic_verified_annual,,,historic_verified,,,
2023-01-17,4.8,4.8,4.8,4.8,exact,0.9,0.9,A股,realtime,verified/daily_star_2023.csv,historic_verified_annual,,,historic_verified,,,
2023-01-18,4.8,4.8,4.8,4.8,exact,0.9,0.9,A股,realtime,verified/daily_star_2023.csv,historic_verified_annual,,,historic_verified,,,
2023-01-19,4.8,4.8,4.8,4.8,exact,0.9,0.9,A股,realtime,verified/daily_star_2023.csv,historic_verified_annual,,,historic_verified,,,
2023-01-20,4.8,4.8,4.8,4.8,exact,0.9,0.9,A股,realtime,verified/daily_star_2023.csv,historic_verified_annual,,,historic_verified,,,
2023-01-30,4.7,4.7,4.7,4.7,exact,0.9,0.9,A股,realtime,verified/daily_star_2023.csv,historic_verified_annual,,,historic_verified,,,
2023-01-31,4.8,4.8,4.8,4.8,exact,0.9,0.9,A股,realtime,verified/daily_star_2023.csv,historic_verified_annual,,,historic_verified,,,
2023-02-01,4.7,4.7,4.7,4.7,exact,0.9,0.9,A股,realtime,verified/daily_star_2023.csv,historic_verified_annual,,,historic_verified,,,
2023-02-02,4.7,4.7,4.7,4.7,exact,0.9,0.9,A股,realtime,verified/daily_star_2023.csv,historic_verified_annual,,,historic_verified,,,
2023-02-03,4.7,4.7,4.7,4.7,exact,0.9,0.9,A股,realtime,verified/daily_star_2023.csv,historic_verified_annual,,,historic_verified,,,
2023-02-06,4.8,4.8,4.8,4.8,exact,0.9,0.9,A股,realtime,verified/daily_star_2023.csv,historic_verified_annual,,,historic_verified,,,
2023-02-07,,4.7,4.8,4.75,range,0.41250000000000003,0.75,A股,realtime,verified/daily_star_2023.csv,historic_verified_annual,,,historic_verified,,,
2023-02-08,4.8,4.8,4.8,4.8,exact,0.9,0.9,A股,realtime,verified/daily_star_2023.csv,historic_verified_annual,,,historic_verified,,,
2023-02-09,4.7,4.7,4.7,4.7,exact,0.9,0.9,A股,realtime,verified/daily_star_2023.csv,historic_verified_annual,,,historic_verified,,,
2023-02-10,4.8,4.8,4.8,4.8,exact,0.9,0.9,A股,realtime,verified/daily_star_2023.csv,historic_verified_annual,,,historic_verified,,,
2023-02-13,4.7,4.7,4.7,4.7,exact,0.9,0.9,A股,realtime,verified/daily_star_2023.csv,historic_verified_annual,,,historic_verified,,,
2023-02-14,4.7,4.7,4.7,4.7,exact,0.9,0.9,A股,realtime,verified/daily_star_2023.csv,historic_verified_annual,,,historic_verified,,,
2023-02-15,4.7,4.7,4.7,4.7,exact,0.9,0.9,A股,realtime,verified/daily_star_2023.csv,historic_verified_annual,,,historic_verified,,,
2023-02-16,4.8,4.8,4.8,4.8,exact,0.9,0.9,A股,realtime,verified/daily_star_2023.csv,historic_verified_annual,,,historic_verified,,,
2023-02-17,4.8,4.8,4.8,4.8,exact,0.9,0.9,A股,realtime,verified/daily_star_2023.csv,historic_verified_annual,,,historic_verified,,,
2023-02-20,4.7,4.7,4.7,4.7,exact,0.9,0.9,A股,realtime,verified/daily_star_2023.csv,historic_verified_annual,,,historic_verified,,,
2023-02-21,4.7,4.7,4.7,4.7,exact,0.9,0.9,A股,realtime,verified/daily_star_2023.csv,historic_verified_annual,,,historic_verified,,,
2023-02-22,4.7,4.7,4.7,4.7,exact,0.9,0.9,A股,realtime,verified/daily_star_2023.csv,historic_verified_annual,,,historic_verified,,,
2023-02-23,4.7,4.7,4.7,4.7,exact,0.9,0.9,A股,realtime,verified/daily_star_2023.csv,historic_verified_annual,,,historic_verified,,,
2023-02-24,4.8,4.8,4.8,4.8,exact,0.9,0.9,A股,realtime,verified/daily_star_2023.csv,historic_verified_annual,,,historic_verified,,,
2023-02-27,4.8,4.8,4.8,4.8,exact,0.9,0.9,A股,realtime,verified/daily_star_2023.csv,historic_verified_annual,,,historic_verified,,,
2023-02-28,4.8,4.8,4.8,4.8,exact,0.9,0.9,A股,realtime,verified/daily_star_2023.csv,historic_verified_annual,,,historic_verified,,,
2023-03-01,4.7,4.7,4.7,4.7,exact,0.9,0.9,A股,realtime,verified/daily_star_2023.csv,historic_verified_annual,,,historic_verified,,,
2023-03-02,4.7,4.7,4.7,4.7,exact,0.9,0.9,A股,realtime,verified/daily_star_2023.csv,historic_verified_annual,,,historic_verified,,,
2023-03-03,4.7,4.7,4.7,4.7,exact,0.9,0.9,A股,realtime,verified/daily_star_2023.csv,historic_verified_annual,,,historic_verified,,,
2023-03-06,4.7,4.7,4.7,4.7,exact,0.9,0.9,A股,realtime,verified/daily_star_2023.csv,historic_verified_annual,,,historic_verified,,,
2023-03-07,4.8,4.8,4.8,4.8,exact,0.9,0.9,A股,realtime,verified/daily_star_2023.csv,historic_verified_annual,,,historic_verified,,,
2023-03-08,4.8,4.8,4.8,4.8,exact,0.9,0.9,A股,realtime,verified/daily_star_2023.csv,historic_verified_annual,,,historic_verified,,,
2023-03-09,4.8,4.8,4.8,4.8,exact,0.9,0.9,A股,realtime,verified/daily_star_2023.csv,historic_verified_annual,,,historic_verified,,,
2023-03-10,,4.8,4.9,4.85,range,0.41250000000000003,0.75,A股,realtime,verified/daily_star_2023.csv,historic_verified_annual,,,historic_verified,,,
2023-03-13,4.8,4.8,4.8,4.8,exact,0.9,0.9,A股,realtime,verified/daily_star_2023.csv,historic_verified_annual,,,historic_verified,,,
2023-03-14,4.9,4.9,4.9,4.9,exact,0.9,0.9,A股,realtime,verified/daily_star_2023.csv,historic_verified_annual,,,historic_verified,,,
2023-03-15,4.8,4.8,4.8,4.8,exact,0.9,0.9,A股,realtime,verified/daily_star_2023.csv,historic_verified_annual,,,historic_verified,,,
2023-03-16,4.9,4.9,4.9,4.9,exact,0.9,0.9,A股,realtime,verified/daily_star_2023.csv,historic_verified_annual,,,historic_verified,,,
2023-03-17,4.9,4.9,4.9,4.9,exact,0.9,0.9,A股,realtime,verified/daily_star_2023.csv,historic_verified_annual,,,historic_verified,,,
2023-03-20,4.9,4.9,4.9,4.9,exact,0.9,0.9,A股,realtime,verified/daily_star_2023.csv,historic_verified_annual,,,historic_verified,,,
2023-03-21,,4.8,4.9,4.85,range,0.41250000000000003,0.75,A股,realtime,verified/daily_star_2023.csv,historic_verified_annual,,,historic_verified,,,
2023-03-22,4.8,4.8,4.8,4.8,exact,0.9,0.9,A股,realtime,verified/daily_star_2023.csv,historic_verified_annual,,,historic_verified,,,
2023-03-23,4.8,4.8,4.8,4.8,exact,0.9,0.9,A股,realtime,verified/daily_star_2023.csv,historic_verified_annual,,,historic_verified,,,
2023-03-24,4.8,4.8,4.8,4.8,exact,0.9,0.9,A股,realtime,verified/daily_star_2023.csv,historic_verified_annual,,,historic_verified,,,
2023-03-27,4.8,4.8,4.8,4.8,exact,0.9,0.9,A股,realtime,verified/daily_star_2023.csv,historic_verified_annual,,,historic_verified,,,
2023-03-28,4.8,4.8,4.8,4.8,exact,0.9,0.9,A股,realtime,verified/daily_star_2023.csv,historic_verified_annual,,,historic_verified,,,
2023-03-29,4.8,4.8,4.8,4.8,exact,0.9,0.9,A股,realtime,verified/daily_star_2023.csv,historic_verified_annual,,,historic_verified,,,
2023-03-30,4.8,4.8,4.8,4.8,exact,0.9,0.9,A股,realtime,verified/daily_star_2023.csv,historic_verified_annual,,,historic_verified,,,
2023-03-31,4.8,4.8,4.8,4.8,exact,0.9,0.9,A股,realtime,verified/daily_star_2023.csv,historic_verified_annual,,,historic_verified,,,
2023-04-03,,4.7,4.8,4.75,range,0.41250000000000003,0.75,A股,realtime,verified/daily_star_2023.csv,historic_verified_annual,,,historic_verified,,,
2023-04-04,,4.7,4.8,4.75,range,0.41250000000000003,0.75,A股,realtime,verified/daily_star_2023.csv,historic_verified_annual,,,historic_verified,,,
2023-04-06,4.8,4.8,4.8,4.8,exact,0.9,0.9,A股,realtime,verified/daily_star_2023.csv,historic_verified_annual,,,historic_verified,,,
2023-04-07,,4.7,4.8,4.75,range,0.41250000000000003,0.75,A股,realtime,verified/daily_star_2023.csv,historic_verified_annual,,,historic_verified,,,
2023-04-10,,4.7,4.8,4.75,range,0.41250000000000003,0.75,A股,realtime,verified/daily_star_2023.csv,historic_verified_annual,,,historic_verified,,,
2023-04-11,,4.7,4.8,4.75,range,0.41250000000000003,0.75,A股,realtime,verified/daily_star_2023.csv,historic_verified_annual,,,historic_verified,,,
2023-04-12,,4.7,4.8,4.75,range,0.41250000000000003,0.75,A股,realtime,verified/daily_star_2023.csv,historic_verified_annual,,,historic_verified,,,
2023-04-13,4.8,4.8,4.8,4.8,approx,0.3,0.6,A股,realtime,verified/daily_star_2023.csv,historic_verified_annual,,,historic_verified,,,
2023-04-14,,4.7,4.8,4.75,range,0.41250000000000003,0.75,A股,realtime,verified/daily_star_2023.csv,historic_verified_annual,,,historic_verified,,,
2023-04-17,,4.7,4.8,4.75,range,0.41250000000000003,0.75,A股,realtime,verified/daily_star_2023.csv,historic_verified_annual,,,historic_verified,,,
2023-04-18,,4.7,4.8,4.75,range,0.41250000000000003,0.75,A股,realtime,verified/daily_star_2023.csv,historic_verified_annual,,,historic_verified,,,
2023-04-19,,4.7,4.8,4.75,range,0.41250000000000003,0.75,A股,realtime,verified/daily_star_2023.csv,historic_verified_annual,,,historic_verified,,,
2023-04-20,,4.7,4.8,4.75,range,0.41250000000000003,0.75,A股,realtime,verified/daily_star_2023.csv,historic_verified_annual,,,historic_verified,,,
2023-04-21,4.8,4.8,4.8,4.8,exact,0.9,0.9,A股,realtime,verified/daily_star_2023.csv,historic_verified_annual,,,historic_verified,,,
2023-04-24,4.9,4.9,4.9,4.9,exact,0.9,0.9,A股,realtime,verified/daily_star_2023.csv,historic_verified_annual,,,historic_verified,,,
2023-04-25,4.9,4.9,4.9,4.9,exact,0.9,0.9,A股,realtime,verified/daily_star_2023.csv,historic_verified_annual,,,historic_verified,,,
2023-04-26,4.9,4.9,4.9,4.9,exact,0.9,0.9,A股,realtime,verified/daily_star_2023.csv,historic_verified_annual,,,historic_verified,,,
2023-04-27,4.9,4.9,4.9,4.9,exact,0.9,0.9,A股,realtime,verified/daily_star_2023.csv,historic_verified_annual,,,historic_verified,,,
2023-04-28,4.9,4.9,4.9,4.9,exact,0.9,0.9,A股,realtime,verified/daily_star_2023.csv,historic_verified_annual,,,historic_verified,,,
2023-05-04,,4.8,4.9,4.85,range,0.41250000000000003,0.75,A股,realtime,verified/daily_star_2023.csv,historic_verified_annual,,,historic_verified,,,
2023-05-05,4.9,4.9,4.9,4.9,exact,0.9,0.9,A股,realtime,verified/daily_star_2023.csv,historic_verified_annual,,,historic_verified,,,
2023-05-08,,4.8,4.9,4.85,range,0.41250000000000003,0.75,A股,realtime,verified/daily_star_2023.csv,historic_verified_annual,,,historic_verified,,,
2023-05-09,4.9,4.9,4.9,4.9,exact,0.9,0.9,A股,realtime,verified/daily_star_2023.csv,historic_verified_annual,,,historic_verified,,,
2023-05-10,4.9,4.9,4.9,4.9,exact,0.9,0.9,A股,realtime,verified/daily_star_2023.csv,historic_verified_annual,,,historic_verified,,,
2023-05-11,4.9,4.9,4.9,4.9,exact,0.9,0.9,A股,realtime,verified/daily_star_2023.csv,historic_verified_annual,,,historic_verified,,,
2023-05-12,4.9,4.9,4.9,4.9,exact,0.9,0.9,A股,realtime,verified/daily_star_2023.csv,historic_verified_annual,,,historic_verified,,,
2023-05-15,4.9,4.9,4.9,4.9,exact,0.9,0.9,A股,realtime,verified/daily_star_2023.csv,historic_verified_annual,,,historic_verified,,,
2023-05-16,4.9,4.9,4.9,4.9,exact,0.9,0.9,A股,realtime,verified/daily_star_2023.csv,historic_verified_annual,,,historic_verified,,,
2023-05-17,4.9,4.9,4.9,4.9,exact,0.9,0.9,A股,realtime,verified/daily_star_2023.csv,historic_verified_annual,,,historic_verified,,,
2023-05-18,4.9,4.9,4.9,4.9,exact,0.9,0.9,A股,realtime,verified/daily_star_2023.csv,historic_verified_annual,,,historic_verified,,,
2023-05-19,4.9,4.9,4.9,4.9,exact,0.9,0.9,A股,realtime,verified/daily_star_2023.csv,historic_verified_annual,,,historic_verified,,,
2023-05-22,4.9,4.9,4.9,4.9,exact,0.9,0.9,A股,realtime,verified/daily_star_2023.csv,historic_verified_annual,,,historic_verified,,,
2023-05-23,5.0,5.0,5.0,5.0,exact,0.9,0.9,A股,realtime,verified/daily_star_2023.csv,historic_verified_annual,,,historic_verified,,,
2023-05-24,5.0,5.0,5.0,5.0,exact,0.9,0.9,A股,realtime,verified/daily_star_2023.csv,historic_verified_annual,,,historic_verified,,,
2023-05-25,5.0,5.0,5.0,5.0,exact,0.9,0.9,A股,realtime,verified/daily_star_2023.csv,historic_verified_annual,,,historic_verified,,,
2023-05-26,5.0,5.0,5.0,5.0,exact,0.9,0.9,A股,realtime,verified/daily_star_2023.csv,historic_verified_annual,,,historic_verified,,,
2023-05-29,5.0,5.0,5.0,5.0,exact,0.9,0.9,A股,realtime,verified/daily_star_2023.csv,historic_verified_annual,,,historic_verified,,,
2023-05-30,5.0,5.0,5.0,5.0,exact,0.9,0.9,A股,realtime,verified/daily_star_2023.csv,historic_verified_annual,,,historic_verified,,,
2023-05-31,5.0,5.0,5.0,5.0,exact,0.9,0.9,A股,realtime,verified/daily_star_2023.csv,historic_verified_annual,,,historic_verified,,,
2023-06-01,5.0,5.0,5.0,5.0,exact,0.9,0.9,A股,realtime,verified/daily_star_2023.csv,historic_verified_annual,,,historic_verified,,,
2023-06-02,5.0,5.0,5.0,5.0,exact,0.9,0.9,A股,realtime,verified/daily_star_2023.csv,historic_verified_annual,,,historic_verified,,,
2023-06-05,5.0,5.0,5.0,5.0,exact,0.9,0.9,A股,realtime,verified/daily_star_2023.csv,historic_verified_annual,,,historic_verified,,,
2023-06-06,5.0,5.0,5.0,5.0,exact,0.9,0.9,A股,realtime,verified/daily_star_2023.csv,historic_verified_annual,,,historic_verified,,,
2023-06-07,5.0,5.0,5.0,5.0,exact,0.9,0.9,A股,realtime,verified/daily_star_2023.csv,historic_verified_annual,,,historic_verified,,,
2023-06-08,5.0,5.0,5.0,5.0,exact,0.9,0.9,A股,realtime,verified/daily_star_2023.csv,historic_verified_annual,,,historic_verified,,,
2023-06-09,5.0,5.0,5.0,5.0,exact,0.9,0.9,A股,realtime,verified/daily_star_2023.csv,historic_verified_annual,,,historic_verified,,,
2023-06-12,5.0,5.0,5.0,5.0,exact,0.9,0.9,A股,realtime,verified/daily_star_2023.csv,historic_verified_annual,,,historic_verified,,,
2023-06-13,5.0,5.0,5.0,5.0,exact,0.9,0.9,A股,realtime,verified/daily_star_2023.csv,historic_verified_annual,,,historic_verified,,,
2023-06-14,5.0,5.0,5.0,5.0,exact,0.9,0.9,A股,realtime,verified/daily_star_2023.csv,historic_verified_annual,,,historic_verified,,,
2023-06-15,4.9,4.9,4.9,4.9,exact,0.9,0.9,A股,realtime,verified/daily_star_2023.csv,historic_verified_annual,,,historic_verified,,,
2023-06-16,4.9,4.9,4.9,4.9,exact,0.9,0.9,A股,realtime,verified/daily_star_2023.csv,historic_verified_annual,,,historic_verified,,,
2023-06-19,4.9,4.9,4.9,4.9,exact,0.9,0.9,A股,realtime,verified/daily_star_2023.csv,historic_verified_annual,,,historic_verified,,,
2023-06-20,4.9,4.9,4.9,4.9,exact,0.9,0.9,A股,realtime,verified/daily_star_2023.csv,historic_verified_annual,,,historic_verified,,,
2023-06-21,5.0,5.0,5.0,5.0,exact,0.9,0.9,A股,realtime,verified/daily_star_2023.csv,historic_verified_annual,,,historic_verified,,,
2023-06-26,5.0,5.0,5.0,5.0,exact,0.9,0.9,A股,realtime,verified/daily_star_2023.csv,historic_verified_annual,,,historic_verified,,,
2023-06-27,5.0,5.0,5.0,5.0,exact,0.9,0.9,A股,realtime,verified/daily_star_2023.csv,historic_verified_annual,,,historic_verified,,,
2023-06-28,5.0,5.0,5.0,5.0,exact,0.9,0.9,A股,realtime,verified/daily_star_2023.csv,historic_verified_annual,,,historic_verified,,,
2023-06-29,5.0,5.0,5.0,5.0,exact,0.9,0.9,A股,realtime,verified/daily_star_2023.csv,historic_verified_annual,,,historic_verified,,,
2023-06-30,5.0,5.0,5.0,5.0,exact,0.9,0.9,A股,realtime,verified/daily_star_2023.csv,historic_verified_annual,,,historic_verified,,,
2023-07-03,4.9,4.9,4.9,4.9,exact,0.9,0.9,A股,realtime,verified/daily_star_2023.csv,historic_verified_annual,,,historic_verified,,,
2023-07-04,4.9,4.9,4.9,4.9,exact,0.9,0.9,A股,realtime,verified/daily_star_2023.csv,historic_verified_annual,,,historic_verified,,,
2023-07-05,,4.9,5.0,4.95,range,0.41250000000000003,0.75,A股,realtime,verified/daily_star_2023.csv,historic_verified_annual,,,historic_verified,,,
2023-07-06,5.0,5.0,5.0,5.0,exact,0.9,0.9,A股,realtime,verified/daily_star_2023.csv,historic_verified_annual,,,historic_verified,,,
2023-07-07,5.0,5.0,5.0,5.0,exact,0.9,0.9,A股,realtime,verified/daily_star_2023.csv,historic_verified_annual,,,historic_verified,,,
2023-07-10,5.0,5.0,5.0,5.0,exact,0.9,0.9,A股,realtime,verified/daily_star_2023.csv,historic_verified_annual,,,historic_verified,,,
2023-07-11,,4.9,5.0,4.95,range,0.41250000000000003,0.75,A股,realtime,verified/daily_star_2023.csv,historic_verified_annual,,,historic_verified,,,
2023-07-12,5.0,5.0,5.0,5.0,exact,0.9,0.9,A股,realtime,verified/daily_star_2023.csv,historic_verified_annual,,,historic_verified,,,
2023-07-13,,4.9,5.0,4.95,range,0.41250000000000003,0.75,A股,realtime,verified/daily_star_2023.csv,historic_verified_annual,,,historic_verified,,,
2023-07-14,4.9,4.9,4.9,4.9,exact,0.9,0.9,A股,realtime,verified/daily_star_2023.csv,historic_verified_annual,,,historic_verified,,,
2023-07-17,5.0,5.0,5.0,5.0,exact,0.9,0.9,A股,realtime,verified/daily_star_2023.csv,historic_verified_annual,,,historic_verified,,,
2023-07-18,5.0,5.0,5.0,5.0,exact,0.9,0.9,A股,realtime,verified/daily_star_2023.csv,historic_verified_annual,,,historic_verified,,,
2023-07-19,5.0,5.0,5.0,5.0,exact,0.9,0.9,A股,realtime,verified/daily_star_2023.csv,historic_verified_annual,,,historic_verified,,,
2023-07-20,5.0,5.0,5.0,5.0,exact,0.9,0.9,A股,realtime,verified/daily_star_2023.csv,historic_verified_annual,,,historic_verified,,,
2023-07-21,5.0,5.0,5.0,5.0,exact,0.9,0.9,A股,realtime,verified/daily_star_2023.csv,historic_verified_annual,,,historic_verified,,,
2023-07-24,5.0,5.0,5.0,5.0,exact,0.9,0.9,A股,realtime,verified/daily_star_2023.csv,historic_verified_annual,,,historic_verified,,,
2023-07-25,4.9,4.9,4.9,4.9,exact,0.9,0.9,A股,realtime,verified/daily_star_2023.csv,historic_verified_annual,,,historic_verified,,,
2023-07-26,,4.9,5.0,4.95,range,0.41250000000000003,0.75,A股,realtime,verified/daily_star_2023.csv,historic_verified_annual,,,historic_verified,,,
2023-07-27,5.0,5.0,5.0,5.0,exact,0.9,0.9,A股,realtime,verified/daily_star_2023.csv,historic_verified_annual,,,historic_verified,,,
2023-07-28,4.9,4.9,4.9,4.9,exact,0.9,0.9,A股,realtime,verified/daily_star_2023.csv,historic_verified_annual,,,historic_verified,,,
2023-07-31,4.9,4.9,4.9,4.9,exact,0.9,0.9,A股,realtime,verified/daily_star_2023.csv,historic_verified_annual,,,historic_verified,,,
2023-08-01,4.9,4.9,4.9,4.9,exact,0.9,0.9,A股,realtime,verified/daily_star_2023.csv,historic_verified_annual,,,historic_verified,,,
2023-08-02,4.9,4.9,4.9,4.9,exact,0.9,0.9,A股,realtime,verified/daily_star_2023.csv,historic_verified_annual,,,historic_verified,,,
2023-08-03,4.9,4.9,4.9,4.9,exact,0.9,0.9,A股,realtime,verified/daily_star_2023.csv,historic_verified_annual,,,historic_verified,,,
2023-08-04,4.9,4.9,4.9,4.9,exact,0.9,0.9,A股,realtime,verified/daily_star_2023.csv,historic_verified_annual,,,historic_verified,,,
2023-08-07,4.9,4.9,4.9,4.9,exact,0.9,0.9,A股,realtime,verified/daily_star_2023.csv,historic_verified_annual,,,historic_verified,,,
2023-08-08,4.9,4.9,4.9,4.9,exact,0.9,0.9,A股,realtime,verified/daily_star_2023.csv,historic_verified_annual,,,historic_verified,,,
2023-08-09,4.9,4.9,4.9,4.9,exact,0.9,0.9,A股,realtime,verified/daily_star_2023.csv,historic_verified_annual,,,historic_verified,,,
2023-08-10,4.9,4.9,4.9,4.9,exact,0.9,0.9,A股,realtime,verified/daily_star_2023.csv,historic_verified_annual,,,historic_verified,,,
2023-08-11,5.0,5.0,5.0,5.0,exact,0.9,0.9,A股,realtime,verified/daily_star_2023.csv,historic_verified_annual,,,historic_verified,,,
2023-08-14,5.0,5.0,5.0,5.0,exact,0.9,0.9,A股,realtime,verified/daily_star_2023.csv,historic_verified_annual,,,historic_verified,,,
2023-08-15,5.0,5.0,5.0,5.0,exact,0.9,0.9,A股,realtime,verified/daily_star_2023.csv,historic_verified_annual,,,historic_verified,,,
2023-08-16,5.1,5.1,5.1,5.1,exact,0.9,0.9,A股,realtime,verified/daily_star_2023.csv,historic_verified_annual,,,historic_verified,,,
2023-08-17,,5.0,5.1,5.05,range,0.41250000000000003,0.75,A股,realtime,verified/daily_star_2023.csv,historic_verified_annual,,,historic_verified,,,
2023-08-18,5.1,5.1,5.1,5.1,exact,0.9,0.9,A股,realtime,verified/daily_star_2023.csv,historic_verified_annual,,,historic_verified,,,
2023-08-21,,5.1,5.2,5.15,range,0.41250000000000003,0.75,A股,realtime,verified/daily_star_2023.csv,historic_verified_annual,,,historic_verified,,,
2023-08-22,5.1,5.1,5.1,5.1,exact,0.9,0.9,A股,realtime,verified/daily_star_2023.csv,historic_verified_annual,,,historic_verified,,,
2023-08-23,5.2,5.2,5.2,5.2,exact,0.9,0.9,A股,realtime,verified/daily_star_2023.csv,historic_verified_annual,,,historic_verified,,,
2023-08-24,5.2,5.2,5.2,5.2,exact,0.9,0.9,A股,realtime,verified/daily_star_2023.csv,historic_verified_annual,,,historic_verified,,,
2023-08-25,5.2,5.2,5.2,5.2,exact,0.9,0.9,A股,realtime,verified/daily_star_2023.csv,historic_verified_annual,,,historic_verified,,,
2023-08-28,5.2,5.2,5.2,5.2,exact,0.9,0.9,A股,realtime,verified/daily_star_2023.csv,historic_verified_annual,,,historic_verified,,,
2023-08-29,5.1,5.1,5.1,5.1,exact,0.9,0.9,A股,realtime,verified/daily_star_2023.csv,historic_verified_annual,,,historic_verified,,,
2023-08-30,5.1,5.1,5.1,5.1,exact,0.9,0.9,A股,realtime,verified/daily_star_2023.csv,historic_verified_annual,,,historic_verified,,,
2023-08-31,5.1,5.1,5.1,5.1,exact,0.9,0.9,A股,realtime,verified/daily_star_2023.csv,historic_verified_annual,,,historic_verified,,,
2023-09-01,5.1,5.1,5.1,5.1,exact,0.9,0.9,A股,realtime,verified/daily_star_2023.csv,historic_verified_annual,,,historic_verified,,,
2023-09-04,,5.0,5.1,5.05,range,0.41250000000000003,0.75,A股,realtime,verified/daily_star_2023.csv,historic_verified_annual,,,historic_verified,,,
2023-09-05,,5.0,5.1,5.05,range,0.41250000000000003,0.75,A股,realtime,verified/daily_star_2023.csv,historic_verified_annual,,,historic_verified,,,
2023-09-06,,5.0,5.1,5.05,range,0.41250000000000003,0.75,A股,realtime,verified/daily_star_2023.csv,historic_verified_annual,,,historic_verified,,,
2023-09-07,5.1,5.1,5.1,5.1,exact,0.9,0.9,A股,realtime,verified/daily_star_2023.csv,historic_verified_annual,,,historic_verified,,,
2023-09-08,5.1,5.1,5.1,5.1,exact,0.9,0.9,A股,realtime,verified/daily_star_2023.csv,historic_verified_annual,,,historic_verified,,,
2023-09-11,5.1,5.1,5.1,5.1,exact,0.9,0.9,A股,realtime,verified/daily_star_2023.csv,historic_verified_annual,,,historic_verified,,,
2023-09-12,5.1,5.1,5.1,5.1,exact,0.9,0.9,A股,realtime,verified/daily_star_2023.csv,historic_verified_annual,,,historic_verified,,,
2023-09-13,5.1,5.1,5.1,5.1,exact,0.9,0.9,A股,realtime,verified/daily_star_2023.csv,historic_verified_annual,,,historic_verified,,,
2023-09-14,5.1,5.1,5.1,5.1,exact,0.9,0.9,A股,realtime,verified/daily_star_2023.csv,historic_verified_annual,,,historic_verified,,,
2023-09-15,,5.1,5.2,5.15,range,0.41250000000000003,0.75,A股,realtime,verified/daily_star_2023.csv,historic_verified_annual,,,historic_verified,,,
2023-09-18,5.1,5.1,5.1,5.1,exact,0.9,0.9,A股,realtime,verified/daily_star_2023.csv,historic_verified_annual,,,historic_verified,,,
2023-09-19,,5.1,5.2,5.15,range,0.41250000000000003,0.75,A股,realtime,verified/daily_star_2023.csv,historic_verified_annual,,,historic_verified,,,
2023-09-20,5.2,5.2,5.2,5.2,exact,0.9,0.9,A股,realtime,verified/daily_star_2023.csv,historic_verified_annual,,,historic_verified,,,
2023-09-21,5.2,5.2,5.2,5.2,exact,0.9,0.9,A股,realtime,verified/daily_star_2023.csv,historic_verified_annual,,,historic_verified,,,
2023-09-22,5.1,5.1,5.1,5.1,exact,0.9,0.9,A股,realtime,verified/daily_star_2023.csv,historic_verified_annual,,,historic_verified,,,
2023-09-25,5.2,5.2,5.2,5.2,approx,0.3,0.6,A股,realtime,verified/daily_star_2023.csv,historic_verified_annual,,,historic_verified,,,
2023-09-26,5.2,5.2,5.2,5.2,exact,0.9,0.9,A股,realtime,verified/daily_star_2023.csv,historic_verified_annual,,,historic_verified,,,
2023-09-27,5.2,5.2,5.2,5.2,exact,0.9,0.9,A股,realtime,verified/daily_star_2023.csv,historic_verified_annual,,,historic_verified,,,
2023-09-28,5.2,5.2,5.2,5.2,exact,0.9,0.9,A股,realtime,verified/daily_star_2023.csv,historic_verified_annual,,,historic_verified,,,
2023-10-09,5.2,5.2,5.2,5.2,exact,0.9,0.9,A股,realtime,verified/daily_star_2023.csv,historic_verified_annual,,,historic_verified,,,
2023-10-10,5.2,5.2,5.2,5.2,exact,0.9,0.9,A股,realtime,verified/daily_star_2023.csv,historic_verified_annual,,,historic_verified,,,
2023-10-11,5.2,5.2,5.2,5.2,exact,0.9,0.9,A股,realtime,verified/daily_star_2023.csv,historic_verified_annual,,,historic_verified,,,
2023-10-12,5.2,5.2,5.2,5.2,exact,0.9,0.9,A股,realtime,verified/daily_star_2023.csv,historic_verified_annual,,,historic_verified,,,
2023-10-13,5.2,5.2,5.2,5.2,exact,0.9,0.9,A股,realtime,verified/daily_star_2023.csv,historic_verified_annual,,,historic_verified,,,
2023-10-16,5.2,5.2,5.2,5.2,exact,0.9,0.9,A股,realtime,verified/daily_star_2023.csv,historic_verified_annual,,,historic_verified,,,
2023-10-17,5.2,5.2,5.2,5.2,exact,0.9,0.9,A股,realtime,verified/daily_star_2023.csv,historic_verified_annual,,,historic_verified,,,
2023-10-18,5.3,5.3,5.3,5.3,exact,0.9,0.9,A股,realtime,verified/daily_star_2023.csv,historic_verified_annual,,,historic_verified,,,
2023-10-19,5.3,5.3,5.3,5.3,exact,0.9,0.9,A股,realtime,verified/daily_star_2023.csv,historic_verified_annual,,,historic_verified,,,
2023-10-20,5.3,5.3,5.3,5.3,exact,0.9,0.9,A股,realtime,verified/daily_star_2023.csv,historic_verified_annual,,,historic_verified,,,
2023-10-23,5.4,5.4,5.4,5.4,exact,0.9,0.9,A股,realtime,verified/daily_star_2023.csv,historic_verified_annual,,,historic_verified,,,
2023-10-24,5.4,5.4,5.4,5.4,exact,0.9,0.9,A股,realtime,verified/daily_star_2023.csv,historic_verified_annual,,,historic_verified,,,
2023-10-25,5.3,5.3,5.3,5.3,exact,0.9,0.9,A股,realtime,verified/daily_star_2023.csv,historic_verified_annual,,,historic_verified,,,
2023-10-26,5.3,5.3,5.3,5.3,exact,0.9,0.9,A股,realtime,verified/daily_star_2023.csv,historic_verified_annual,,,historic_verified,,,
2023-10-27,5.3,5.3,5.3,5.3,exact,0.9,0.9,A股,realtime,verified/daily_star_2023.csv,historic_verified_annual,,,historic_verified,,,
2023-10-30,5.2,5.2,5.2,5.2,exact,0.9,0.9,A股,realtime,verified/daily_star_2023.csv,historic_verified_annual,,,historic_verified,,,
2023-10-31,,5.2,5.3,5.25,range,0.41250000000000003,0.75,A股,realtime,verified/daily_star_2023.csv,historic_verified_annual,,,historic_verified,,,
2023-11-01,,5.2,5.3,5.25,range,0.41250000000000003,0.75,A股,realtime,verified/daily_star_2023.csv,historic_verified_annual,,,historic_verified,,,
2023-11-02,5.3,5.3,5.3,5.3,exact,0.9,0.9,A股,realtime,verified/daily_star_2023.csv,historic_verified_annual,,,historic_verified,,,
2023-11-03,5.2,5.2,5.2,5.2,exact,0.9,0.9,A股,realtime,verified/daily_star_2023.csv,historic_verified_annual,,,historic_verified,,,
2023-11-06,5.2,5.2,5.2,5.2,exact,0.9,0.9,A股,realtime,verified/daily_star_2023.csv,historic_verified_annual,,,historic_verified,,,
2023-11-07,5.2,5.2,5.2,5.2,exact,0.9,0.9,A股,realtime,verified/daily_star_2023.csv,historic_verified_annual,,,historic_verified,,,
2023-11-08,5.2,5.2,5.2,5.2,exact,0.9,0.9,A股,realtime,verified/daily_star_2023.csv,historic_verified_annual,,,historic_verified,,,
2023-11-09,5.2,5.2,5.2,5.2,exact,0.9,0.9,A股,realtime,verified/daily_star_2023.csv,historic_verified_annual,,,historic_verified,,,
2023-11-10,5.2,5.2,5.2,5.2,exact,0.9,0.9,A股,realtime,verified/daily_star_2023.csv,historic_verified_annual,,,historic_verified,,,
2023-11-13,5.2,5.2,5.2,5.2,exact,0.9,0.9,A股,realtime,verified/daily_star_2023.csv,historic_verified_annual,,,historic_verified,,,
2023-11-14,5.2,5.2,5.2,5.2,exact,0.9,0.9,A股,realtime,verified/daily_star_2023.csv,historic_verified_annual,,,historic_verified,,,
2023-11-15,5.2,5.2,5.2,5.2,exact,0.9,0.9,A股,realtime,verified/daily_star_2023.csv,historic_verified_annual,,,historic_verified,,,
2023-11-16,5.2,5.2,5.2,5.2,exact,0.9,0.9,A股,realtime,verified/daily_star_2023.csv,historic_verified_annual,,,historic_verified,,,
2023-11-17,5.2,5.2,5.2,5.2,exact,0.9,0.9,A股,realtime,verified/daily_star_2023.csv,historic_verified_annual,,,historic_verified,,,
2023-11-20,5.2,5.2,5.2,5.2,exact,0.9,0.9,A股,realtime,verified/daily_star_2023.csv,historic_verified_annual,,,historic_verified,,,
2023-11-21,5.2,5.2,5.2,5.2,exact,0.9,0.9,A股,realtime,verified/daily_star_2023.csv,historic_verified_annual,,,historic_verified,,,
2023-11-22,5.2,5.2,5.2,5.2,exact,0.9,0.9,A股,realtime,verified/daily_star_2023.csv,historic_verified_annual,,,historic_verified,,,
2023-11-23,5.2,5.2,5.2,5.2,exact,0.9,0.9,A股,realtime,verified/daily_star_2023.csv,historic_verified_annual,,,historic_verified,,,
2023-11-24,5.2,5.2,5.2,5.2,exact,0.9,0.9,A股,realtime,verified/daily_star_2023.csv,historic_verified_annual,,,historic_verified,,,
2023-11-27,5.2,5.2,5.2,5.2,exact,0.9,0.9,A股,realtime,verified/daily_star_2023.csv,historic_verified_annual,,,historic_verified,,,
2023-11-28,5.2,5.2,5.2,5.2,exact,0.9,0.9,A股,realtime,verified/daily_star_2023.csv,historic_verified_annual,,,historic_verified,,,
2023-11-29,5.2,5.2,5.2,5.2,exact,0.9,0.9,A股,realtime,verified/daily_star_2023.csv,historic_verified_annual,,,historic_verified,,,
2023-11-30,5.2,5.2,5.2,5.2,exact,0.9,0.9,A股,realtime,verified/daily_star_2023.csv,historic_verified_annual,,,historic_verified,,,
2023-12-01,5.2,5.2,5.2,5.2,exact,0.9,0.9,A股,realtime,verified/daily_star_2023.csv,historic_verified_annual,,,historic_verified,,,
2023-12-04,5.3,5.3,5.3,5.3,approx,0.3,0.6,A股,realtime,verified/daily_star_2023.csv,historic_verified_annual,,,historic_verified,,,
2023-12-05,5.3,5.3,5.3,5.3,exact,0.9,0.9,A股,realtime,verified/daily_star_2023.csv,historic_verified_annual,,,historic_verified,,,
2023-12-06,5.3,5.3,5.3,5.3,exact,0.9,0.9,A股,realtime,verified/daily_star_2023.csv,historic_verified_annual,,,historic_verified,,,
2023-12-07,5.3,5.3,5.3,5.3,exact,0.9,0.9,A股,realtime,verified/daily_star_2023.csv,historic_verified_annual,,,historic_verified,,,
2023-12-08,5.3,5.3,5.3,5.3,exact,0.9,0.9,A股,realtime,verified/daily_star_2023.csv,historic_verified_annual,,,historic_verified,,,
2023-12-11,5.3,5.3,5.3,5.3,exact,0.9,0.9,A股,realtime,verified/daily_star_2023.csv,historic_verified_annual,,,historic_verified,,,
2023-12-12,5.3,5.3,5.3,5.3,exact,0.9,0.9,A股,realtime,verified/daily_star_2023.csv,historic_verified_annual,,,historic_verified,,,
2023-12-13,5.3,5.3,5.3,5.3,exact,0.9,0.9,A股,realtime,verified/daily_star_2023.csv,historic_verified_annual,,,historic_verified,,,
2023-12-14,5.3,5.3,5.3,5.3,exact,0.9,0.9,A股,realtime,verified/daily_star_2023.csv,historic_verified_annual,,,historic_verified,,,
2023-12-15,,5.3,5.4,5.35,range,0.41250000000000003,0.75,A股,realtime,verified/daily_star_2023.csv,historic_verified_annual,,,historic_verified,,,
2023-12-18,5.4,5.4,5.4,5.4,exact,0.9,0.9,A股,realtime,verified/daily_star_2023.csv,historic_verified_annual,,,historic_verified,,,
2023-12-19,5.4,5.4,5.4,5.4,exact,0.9,0.9,A股,realtime,verified/daily_star_2023.csv,historic_verified_annual,,,historic_verified,,,
2023-12-20,5.4,5.4,5.4,5.4,exact,0.9,0.9,A股,realtime,verified/daily_star_2023.csv,historic_verified_annual,,,historic_verified,,,
2023-12-21,5.4,5.4,5.4,5.4,exact,0.9,0.9,A股,realtime,verified/daily_star_2023.csv,historic_verified_annual,,,historic_verified,,,
2023-12-22,5.4,5.4,5.4,5.4,exact,0.9,0.9,A股,realtime,verified/daily_star_2023.csv,historic_verified_annual,,,historic_verified,,,
2023-12-25,5.4,5.4,5.4,5.4,exact,0.9,0.9,A股,realtime,verified/daily_star_2023.csv,historic_verified_annual,,,historic_verified,,,
2023-12-26,5.4,5.4,5.4,5.4,exact,0.9,0.9,A股,realtime,verified/daily_star_2023.csv,historic_verified_annual,,,historic_verified,,,
2023-12-27,5.4,5.4,5.4,5.4,exact,0.9,0.9,A股,realtime,verified/daily_star_2023.csv,historic_verified_annual,,,historic_verified,,,
2023-12-28,5.4,5.4,5.4,5.4,exact,0.9,0.9,A股,realtime,verified/daily_star_2023.csv,historic_verified_annual,,,historic_verified,,,
2023-12-29,5.3,5.3,5.3,5.3,exact,0.9,0.9,A股,realtime,verified/daily_star_2023.csv,historic_verified_annual,,,historic_verified,,,
2024-01-02,5.3,5.3,5.3,5.3,exact,0.9,0.9,A股,realtime,verified/daily_star_2024.csv,historic_verified_annual,monthly_verified,,historic_verified,,daily_star_2024_01.csv,5.3星
2024-01-03,5.4,5.4,5.4,5.4,exact,0.9,0.9,A股,realtime,verified/daily_star_2024.csv,historic_verified_annual,monthly_verified,,historic_verified,,daily_star_2024_01.csv,5.4星
2024-01-04,5.4,5.4,5.4,5.4,exact,0.9,0.9,A股,realtime,verified/daily_star_2024.csv,historic_verified_annual,monthly_verified,,historic_verified,,daily_star_2024_01.csv,5.4星
2024-01-05,5.4,5.4,5.4,5.4,exact,0.9,0.9,A股,realtime,verified/daily_star_2024.csv,historic_verified_annual,monthly_verified,,historic_verified,,daily_star_2024_01.csv,5.4星
2024-01-08,5.5,5.5,5.5,5.5,exact,0.9,0.9,A股,realtime,verified/daily_star_2024.csv,historic_verified_annual,monthly_verified,,historic_verified,,daily_star_2024_01.csv,5.5星
2024-01-09,5.5,5.5,5.5,5.5,exact,0.9,0.9,A股,realtime,verified/daily_star_2024.csv,historic_verified_annual,monthly_verified,,historic_verified,,daily_star_2024_01.csv,5.5星
2024-01-10,5.5,5.5,5.5,5.5,exact,0.9,0.9,A股,realtime,verified/daily_star_2024.csv,historic_verified_annual,monthly_verified,,historic_verified,,daily_star_2024_01.csv,5.5星
2024-01-11,5.5,5.5,5.5,5.5,exact,0.9,0.9,A股,realtime,verified/daily_star_2024.csv,historic_verified_annual,monthly_verified,,historic_verified,,daily_star_2024_01.csv,5.5星
2024-01-12,5.5,5.5,5.5,5.5,exact,0.9,0.9,A股,realtime,verified/daily_star_2024.csv,historic_verified_annual,monthly_verified,,historic_verified,,daily_star_2024_01.csv,5.5星
2024-01-15,5.5,5.5,5.5,5.5,exact,0.9,0.9,A股,realtime,verified/daily_star_2024.csv,historic_verified_annual,monthly_verified,,historic_verified,,daily_star_2024_01.csv,5.5星
2024-01-16,5.5,5.5,5.5,5.5,exact,0.9,0.9,A股,realtime,verified/daily_star_2024.csv,historic_verified_annual,monthly_verified,,historic_verified,,daily_star_2024_01.csv,5.5星
2024-01-17,5.6,5.6,5.6,5.6,exact,0.9,0.9,A股,realtime,verified/daily_star_2024.csv,historic_verified_annual,monthly_verified,,historic_verified,,daily_star_2024_01.csv,5.6星
2024-01-18,5.5,5.5,5.5,5.5,exact,0.9,0.9,A股,realtime,verified/daily_star_2024.csv,historic_verified_annual,monthly_verified,,historic_verified,,daily_star_2024_01.csv,5.5星
2024-01-19,5.6,5.6,5.6,5.6,exact,0.9,0.9,A股,realtime,verified/daily_star_2024.csv,historic_verified_annual,monthly_verified,,historic_verified,,daily_star_2024_01.csv,5.6星
2024-01-22,5.7,5.7,5.7,5.7,exact,0.9,0.9,A股,realtime,verified/daily_star_2024.csv,historic_verified_annual,monthly_verified,,historic_verified,,daily_star_2024_01.csv,5.7星
2024-01-23,5.7,5.7,5.7,5.7,exact,0.9,0.9,A股,realtime,verified/daily_star_2024.csv,historic_verified_annual,monthly_verified,,historic_verified,,daily_star_2024_01.csv,5.7星
2024-01-24,5.6,5.6,5.6,5.6,exact,0.9,0.9,A股,realtime,verified/daily_star_2024.csv,historic_verified_annual,monthly_verified,,historic_verified,,daily_star_2024_01.csv,5.6星
2024-01-25,5.5,5.5,5.5,5.5,exact,0.9,0.9,A股,realtime,verified/daily_star_2024.csv,historic_verified_annual,monthly_verified,,historic_verified,,daily_star_2024_01.csv,5.5星
2024-01-26,5.6,5.6,5.6,5.6,exact,0.9,0.9,A股,realtime,verified/daily_star_2024.csv,historic_verified_annual,monthly_verified,,historic_verified,,daily_star_2024_01.csv,5.6星
2024-01-29,5.6,5.6,5.6,5.6,exact,0.9,0.9,A股,realtime,verified/daily_star_2024.csv,historic_verified_annual,monthly_verified,,historic_verified,,daily_star_2024_01.csv,5.6星
2024-01-30,5.7,5.7,5.7,5.7,exact,0.9,0.9,A股,realtime,verified/daily_star_2024.csv,historic_verified_annual,monthly_verified,,historic_verified,,daily_star_2024_01.csv,5.7星
2024-01-31,5.8,5.8,5.8,5.8,exact,0.9,0.9,A股,realtime,verified/daily_star_2024.csv,historic_verified_annual,monthly_verified,,historic_verified,,daily_star_2024_01.csv,5.8星
2024-02-01,5.8,5.8,5.8,5.8,exact,0.9,0.9,A股,realtime,verified/daily_star_2024.csv,historic_verified_annual,monthly_verified,,historic_verified,,daily_star_2024_02.csv,5.8星
2024-02-02,5.9,5.9,5.9,5.9,exact,0.9,0.9,A股,realtime,verified/daily_star_2024.csv,historic_verified_annual,monthly_verified,,historic_verified,,daily_star_2024_02.csv,5.9星
2024-02-05,5.9,5.9,5.9,5.9,exact,0.9,0.9,A股,realtime,verified/daily_star_2024.csv,historic_verified_annual,monthly_verified,,historic_verified,,daily_star_2024_02.csv,5.9星
2024-02-06,5.8,5.8,5.8,5.8,exact,0.9,0.9,A股,realtime,verified/daily_star_2024.csv,historic_verified_annual,monthly_verified,,historic_verified,,daily_star_2024_02.csv,5.8星
2024-02-07,5.8,5.8,5.8,5.8,exact,0.9,0.9,A股,realtime,verified/daily_star_2024.csv,historic_verified_annual,monthly_verified,,historic_verified,,daily_star_2024_02.csv,5.8星
2024-02-08,5.7,5.7,5.7,5.7,exact,0.9,0.9,A股,realtime,verified/daily_star_2024.csv,historic_verified_annual,monthly_verified,,historic_verified,,daily_star_2024_02.csv,5.7星
2024-02-19,5.6,5.6,5.6,5.6,exact,0.9,0.9,A股,realtime,verified/daily_star_2024.csv,historic_verified_annual,monthly_verified,,historic_verified,,daily_star_2024_02.csv,5.6星
2024-02-20,5.6,5.6,5.6,5.6,exact,0.9,0.9,A股,realtime,verified/daily_star_2024.csv,historic_verified_annual,monthly_verified,,historic_verified,,daily_star_2024_02.csv,5.6星
2024-02-21,5.6,5.6,5.6,5.6,exact,0.9,0.9,A股,realtime,verified/daily_star_2024.csv,historic_verified_annual,monthly_verified,,historic_verified,,daily_star_2024_02.csv,5.6星
2024-02-22,5.5,5.5,5.5,5.5,exact,0.9,0.9,A股,realtime,verified/daily_star_2024.csv,historic_verified_annual,monthly_verified,,historic_verified,,daily_star_2024_02.csv,5.5星
2024-02-23,5.5,5.5,5.5,5.5,exact,0.9,0.9,A股,realtime,verified/daily_star_2024.csv,historic_verified_annual,monthly_verified,,historic_verified,,daily_star_2024_02.csv,5.5星
2024-02-26,5.5,5.5,5.5,5.5,exact,0.9,0.9,A股,realtime,verified/daily_star_2024.csv,historic_verified_annual,monthly_verified,,historic_verified,,daily_star_2024_02.csv,5.5星
2024-02-27,5.5,5.5,5.5,5.5,exact,0.9,0.9,A股,realtime,verified/daily_star_2024.csv,historic_verified_annual,monthly_verified,,historic_verified,,daily_star_2024_02.csv,5.5星
2024-02-28,5.6,5.6,5.6,5.6,exact,0.9,0.9,A股,realtime,verified/daily_star_2024.csv,historic_verified_annual,monthly_verified,,historic_verified,,daily_star_2024_02.csv,5.6星
2024-02-29,5.5,5.5,5.5,5.5,exact,0.9,0.9,A股,realtime,verified/daily_star_2024.csv,historic_verified_annual,monthly_verified,,historic_verified,,daily_star_2024_02.csv,5.5星
2024-03-01,5.4,5.4,5.4,5.4,exact,0.9,0.9,A股,realtime,verified/daily_star_2024.csv,historic_verified_annual,monthly_verified,,historic_verified,,daily_star_2024_03.csv,5.4星
2024-03-04,5.4,5.4,5.4,5.4,exact,0.9,0.9,A股,realtime,verified/daily_star_2024.csv,historic_verified_annual,monthly_verified,,historic_verified,,daily_star_2024_03.csv,5.4星
2024-03-05,5.4,5.4,5.4,5.4,exact,0.9,0.9,A股,realtime,verified/daily_star_2024.csv,historic_verified_annual,monthly_verified,,historic_verified,,daily_star_2024_03.csv,5.4星
2024-03-06,5.4,5.4,5.4,5.4,exact,0.9,0.9,A股,realtime,verified/daily_star_2024.csv,historic_verified_annual,monthly_verified,,historic_verified,,daily_star_2024_03.csv,5.4星
2024-03-07,5.5,5.5,5.5,5.5,exact,0.9,0.9,A股,realtime,verified/daily_star_2024.csv,historic_verified_annual,monthly_verified,,historic_verified,,daily_star_2024_03.csv,5.5星
2024-03-08,5.4,5.4,5.4,5.4,exact,0.9,0.9,A股,realtime,verified/daily_star_2024.csv,historic_verified_annual,monthly_verified,,historic_verified,,daily_star_2024_03.csv,5.4星
2024-03-11,5.4,5.4,5.4,5.4,exact,0.9,0.9,A股,realtime,verified/daily_star_2024.csv,historic_verified_annual,monthly_verified,,historic_verified,,daily_star_2024_03.csv,5.4星
2024-03-12,5.4,5.4,5.4,5.4,exact,0.9,0.9,A股,realtime,verified/daily_star_2024.csv,historic_verified_annual,monthly_verified,,historic_verified,,daily_star_2024_03.csv,5.4星
2024-03-13,5.4,5.4,5.4,5.4,exact,0.9,0.9,A股,realtime,verified/daily_star_2024.csv,historic_verified_annual,monthly_verified,,historic_verified,,daily_star_2024_03.csv,5.4星
2024-03-14,5.4,5.4,5.4,5.4,exact,0.9,0.9,A股,realtime,verified/daily_star_2024.csv,historic_verified_annual,monthly_verified,,historic_verified,,daily_star_2024_03.csv,5.4星
2024-03-15,5.4,5.4,5.4,5.4,exact,0.9,0.9,A股,realtime,verified/daily_star_2024.csv,historic_verified_annual,monthly_verified,,historic_verified,,daily_star_2024_03.csv,5.4星
2024-03-18,5.3,5.3,5.3,5.3,exact,0.9,0.9,A股,realtime,verified/daily_star_2024.csv,historic_verified_annual,monthly_verified,,historic_verified,,daily_star_2024_03.csv,5.3星
2024-03-19,5.3,5.3,5.3,5.3,exact,0.9,0.9,A股,realtime,verified/daily_star_2024.csv,historic_verified_annual,monthly_verified,,historic_verified,,daily_star_2024_03.csv,5.3星
2024-03-20,5.3,5.3,5.3,5.3,exact,0.9,0.9,A股,realtime,verified/daily_star_2024.csv,historic_verified_annual,monthly_verified,,historic_verified,,daily_star_2024_03.csv,5.3星
2024-03-21,5.3,5.3,5.3,5.3,exact,0.9,0.9,A股,realtime,verified/daily_star_2024.csv,historic_verified_annual,monthly_verified,,historic_verified,,daily_star_2024_03.csv,5.3星
2024-03-22,5.4,5.4,5.4,5.4,exact,0.9,0.9,A股,realtime,verified/daily_star_2024.csv,historic_verified_annual,monthly_verified,,historic_verified,,daily_star_2024_03.csv,5.4星
2024-03-25,5.4,5.4,5.4,5.4,exact,0.9,0.9,A股,realtime,verified/daily_star_2024.csv,historic_verified_annual,monthly_verified,,historic_verified,,daily_star_2024_03.csv,5.4星
2024-03-26,5.4,5.4,5.4,5.4,exact,0.9,0.9,A股,realtime,verified/daily_star_2024.csv,historic_verified_annual,monthly_verified,,historic_verified,,daily_star_2024_03.csv,5.4星
2024-03-27,5.5,5.5,5.5,5.5,exact,0.9,0.9,A股,realtime,verified/daily_star_2024.csv,historic_verified_annual,monthly_verified,,historic_verified,,daily_star_2024_03.csv,5.5星
2024-03-28,5.4,5.4,5.4,5.4,exact,0.9,0.9,A股,realtime,verified/daily_star_2024.csv,historic_verified_annual,monthly_verified,,historic_verified,,daily_star_2024_03.csv,5.4星
2024-03-29,5.4,5.4,5.4,5.4,exact,0.9,0.9,A股,realtime,verified/daily_star_2024.csv,historic_verified_annual,monthly_verified,,historic_verified,,daily_star_2024_03.csv,5.4星
2024-04-01,5.3,5.3,5.3,5.3,exact,0.9,0.9,A股,realtime,verified/daily_star_2024.csv,historic_verified_annual,monthly_verified,,historic_verified,,daily_star_2024_04.csv,5.3星
2024-04-02,,5.3,5.4,5.35,range,0.41250000000000003,0.75,A股,realtime,verified/daily_star_2024.csv,historic_verified_annual,monthly_verified,,historic_verified,,daily_star_2024_04.csv,5.3-5.4星上下
2024-04-03,5.4,5.4,5.4,5.4,exact,0.9,0.9,A股,realtime,verified/daily_star_2024.csv,historic_verified_annual,monthly_verified,,historic_verified,,daily_star_2024_04.csv,5.4星
2024-04-08,5.4,5.4,5.4,5.4,exact,0.9,0.9,A股,realtime,verified/daily_star_2024.csv,historic_verified_annual,monthly_verified,,historic_verified,,daily_star_2024_04.csv,5.4星
2024-04-09,5.4,5.4,5.4,5.4,exact,0.9,0.9,A股,realtime,verified/daily_star_2024.csv,historic_verified_annual,monthly_verified,,historic_verified,,daily_star_2024_04.csv,5.4星
2024-04-10,,5.4,5.5,5.45,range,0.41250000000000003,0.75,A股,realtime,verified/daily_star_2024.csv,historic_verified_annual,monthly_verified,,historic_verified,,daily_star_2024_04.csv,5.4-5.5星上下
2024-04-11,,5.4,5.5,5.45,range,0.41250000000000003,0.75,A股,realtime,verified/daily_star_2024.csv,historic_verified_annual,monthly_verified,,historic_verified,,daily_star_2024_04.csv,5.4-5.5星上下
2024-04-12,5.5,5.5,5.5,5.5,exact,0.9,0.9,A股,realtime,verified/daily_star_2024.csv,historic_verified_annual,monthly_verified,,historic_verified,,daily_star_2024_04.csv,5.5星
2024-04-15,,5.4,5.5,5.45,range,0.41250000000000003,0.75,A股,realtime,verified/daily_star_2024.csv,historic_verified_annual,monthly_verified,,historic_verified,,daily_star_2024_04.csv,5.4-5.5星上下
2024-04-16,5.6,5.6,5.6,5.6,exact,0.9,0.9,A股,realtime,verified/daily_star_2024.csv,historic_verified_annual,monthly_verified,,historic_verified,,daily_star_2024_04.csv,5.6星
2024-04-17,5.5,5.5,5.5,5.5,exact,0.9,0.9,A股,realtime,verified/daily_star_2024.csv,historic_verified_annual,monthly_verified,,historic_verified,,daily_star_2024_04.csv,5.5星
2024-04-18,5.5,5.5,5.5,5.5,exact,0.9,0.9,A股,realtime,verified/daily_star_2024.csv,historic_verified_annual,monthly_verified,,historic_verified,,daily_star_2024_04.csv,5.5星
2024-04-19,5.5,5.5,5.5,5.5,exact,0.9,0.9,A股,realtime,verified/daily_star_2024.csv,historic_verified_annual,monthly_verified,,historic_verified,,daily_star_2024_04.csv,5.5星
2024-04-22,5.5,5.5,5.5,5.5,exact,0.9,0.9,A股,realtime,verified/daily_star_2024.csv,historic_verified_annual,monthly_verified,,historic_verified,,daily_star_2024_04.csv,5.5星
2024-04-23,5.5,5.5,5.5,5.5,exact,0.9,0.9,A股,realtime,verified/daily_star_2024.csv,historic_verified_annual,monthly_verified,,historic_verified,,daily_star_2024_04.csv,5.5星
2024-04-24,5.5,5.5,5.5,5.5,exact,0.9,0.9,A股,realtime,verified/daily_star_2024.csv,historic_verified_annual,monthly_verified,,historic_verified,,daily_star_2024_04.csv,5.5星
2024-04-25,5.5,5.5,5.5,5.5,exact,0.9,0.9,A股,realtime,verified/daily_star_2024.csv,historic_verified_annual,monthly_verified,,historic_verified,,daily_star_2024_04.csv,5.5星
2024-04-26,5.4,5.4,5.4,5.4,exact,0.9,0.9,A股,realtime,verified/daily_star_2024.csv,historic_verified_annual,monthly_verified,,historic_verified,,daily_star_2024_04.csv,5.4星
2024-04-29,5.4,5.4,5.4,5.4,exact,0.9,0.9,A股,realtime,verified/daily_star_2024.csv,historic_verified_annual,monthly_verified,,historic_verified,,daily_star_2024_04.csv,5.4星
2024-04-30,5.4,5.4,5.4,5.4,exact,0.9,0.9,A股,realtime,verified/daily_star_2024.csv,historic_verified_annual,monthly_verified,,historic_verified,,daily_star_2024_04.csv,5.4星
2024-05-06,5.3,5.3,5.3,5.3,exact,0.9,0.9,A股,realtime,verified/daily_star_2024.csv,historic_verified_annual,monthly_verified,,historic_verified,,daily_star_2024_05.csv,5.3星
2024-05-07,5.3,5.3,5.3,5.3,exact,0.9,0.9,A股,realtime,verified/daily_star_2024.csv,historic_verified_annual,monthly_verified,,historic_verified,,daily_star_2024_05.csv,5.3星
2024-05-08,,5.3,5.4,5.35,range,0.41250000000000003,0.75,A股,realtime,verified/daily_star_2024.csv,historic_verified_annual,monthly_verified,,historic_verified,,daily_star_2024_05.csv,5.3-5.4星上下
2024-05-09,5.3,5.3,5.3,5.3,exact,0.9,0.9,A股,realtime,verified/daily_star_2024.csv,historic_verified_annual,monthly_verified,,historic_verified,,daily_star_2024_05.csv,5.3星
2024-05-10,5.3,5.3,5.3,5.3,exact,0.9,0.9,A股,realtime,verified/daily_star_2024.csv,historic_verified_annual,monthly_verified,,historic_verified,,daily_star_2024_05.csv,5.3星
2024-05-13,5.3,5.3,5.3,5.3,exact,0.9,0.9,A股,realtime,verified/daily_star_2024.csv,historic_verified_annual,monthly_verified,,historic_verified,,daily_star_2024_05.csv,5.3星
2024-05-14,5.3,5.3,5.3,5.3,exact,0.9,0.9,A股,realtime,verified/daily_star_2024.csv,historic_verified_annual,monthly_verified,,historic_verified,,daily_star_2024_05.csv,5.3星
2024-05-15,,5.3,5.4,5.35,range,0.41250000000000003,0.75,A股,realtime,verified/daily_star_2024.csv,historic_verified_annual,monthly_verified,,historic_verified,,daily_star_2024_05.csv,5.3-5.4星上下
2024-05-16,,5.3,5.4,5.35,range,0.41250000000000003,0.75,A股,realtime,verified/daily_star_2024.csv,historic_verified_annual,monthly_verified,,historic_verified,,daily_star_2024_05.csv,5.3-5.4星上下
2024-05-17,5.3,5.3,5.3,5.3,exact,0.9,0.9,A股,realtime,verified/daily_star_2024.csv,historic_verified_annual,monthly_verified,,historic_verified,,daily_star_2024_05.csv,5.3星
2024-05-20,5.3,5.3,5.3,5.3,exact,0.9,0.9,A股,realtime,verified/daily_star_2024.csv,historic_verified_annual,monthly_verified,,historic_verified,,daily_star_2024_05.csv,5.3星
2024-05-21,5.3,5.3,5.3,5.3,exact,0.9,0.9,A股,realtime,verified/daily_star_2024.csv,historic_verified_annual,monthly_verified,,historic_verified,,daily_star_2024_05.csv,5.3星
2024-05-22,5.3,5.3,5.3,5.3,exact,0.9,0.9,A股,realtime,verified/daily_star_2024.csv,historic_verified_annual,monthly_verified,,historic_verified,,daily_star_2024_05.csv,5.3星
2024-05-23,5.4,5.4,5.4,5.4,exact,0.9,0.9,A股,realtime,verified/daily_star_2024.csv,historic_verified_annual,monthly_verified,,historic_verified,,daily_star_2024_05.csv,5.4星
2024-05-24,5.4,5.4,5.4,5.4,exact,0.9,0.9,A股,realtime,verified/daily_star_2024.csv,historic_verified_annual,monthly_verified,,historic_verified,,daily_star_2024_05.csv,5.4星
2024-05-27,5.4,5.4,5.4,5.4,exact,0.9,0.9,A股,realtime,verified/daily_star_2024.csv,historic_verified_annual,monthly_verified,,historic_verified,,daily_star_2024_05.csv,5.4星
2024-05-28,5.4,5.4,5.4,5.4,exact,0.9,0.9,A股,realtime,verified/daily_star_2024.csv,historic_verified_annual,monthly_verified,,historic_verified,,daily_star_2024_05.csv,5.4星
2024-05-29,5.4,5.4,5.4,5.4,exact,0.9,0.9,A股,realtime,verified/daily_star_2024.csv,historic_verified_annual,monthly_verified,,historic_verified,,daily_star_2024_05.csv,5.4星
2024-05-30,5.4,5.4,5.4,5.4,exact,0.9,0.9,A股,realtime,verified/daily_star_2024.csv,historic_verified_annual,monthly_verified,,historic_verified,,daily_star_2024_05.csv,5.4星
2024-05-31,5.4,5.4,5.4,5.4,exact,0.9,0.9,A股,realtime,verified/daily_star_2024.csv,historic_verified_annual,monthly_verified,,historic_verified,,daily_star_2024_05.csv,5.4星
2024-06-03,,5.4,5.5,5.45,range,0.41250000000000003,0.75,A股,realtime,verified/daily_star_2024.csv,historic_verified_annual,monthly_verified,,historic_verified,,daily_star_2024_06.csv,5.4-5.5星上下
2024-06-04,5.4,5.4,5.4,5.4,exact,0.9,0.9,A股,realtime,verified/daily_star_2024.csv,historic_verified_annual,monthly_verified,,historic_verified,,daily_star_2024_06.csv,5.4星
2024-06-05,,5.4,5.5,5.45,range,0.41250000000000003,0.75,A股,realtime,verified/daily_star_2024.csv,historic_verified_annual,monthly_verified,,historic_verified,,daily_star_2024_06.csv,5.4-5.5星上下
2024-06-06,5.5,5.5,5.5,5.5,exact,0.9,0.9,A股,realtime,verified/daily_star_2024.csv,historic_verified_annual,monthly_verified,,historic_verified,,daily_star_2024_06.csv,5.5星
2024-06-07,5.5,5.5,5.5,5.5,exact,0.9,0.9,A股,realtime,verified/daily_star_2024.csv,historic_verified_annual,monthly_verified,,historic_verified,,daily_star_2024_06.csv,5.5星
2024-06-11,5.5,5.5,5.5,5.5,exact,0.9,0.9,A股,realtime,verified/daily_star_2024.csv,historic_verified_annual,monthly_verified,,historic_verified,,daily_star_2024_06.csv,5.5星
2024-06-12,5.5,5.5,5.5,5.5,exact,0.9,0.9,A股,realtime,verified/daily_star_2024.csv,historic_verified_annual,monthly_verified,,historic_verified,,daily_star_2024_06.csv,5.5星
2024-06-13,5.5,5.5,5.5,5.5,exact,0.9,0.9,A股,realtime,verified/daily_star_2024.csv,historic_verified_annual,monthly_verified,,historic_verified,,daily_star_2024_06.csv,5.5星
2024-06-14,5.5,5.5,5.5,5.5,exact,0.9,0.9,A股,realtime,verified/daily_star_2024.csv,historic_verified_annual,monthly_verified,,historic_verified,,daily_star_2024_06.csv,5.5星
2024-06-17,5.5,5.5,5.5,5.5,exact,0.9,0.9,A股,realtime,verified/daily_star_2024.csv,historic_verified_annual,monthly_verified,,historic_verified,,daily_star_2024_06.csv,5.5星
2024-06-18,5.5,5.5,5.5,5.5,exact,0.9,0.9,A股,realtime,verified/daily_star_2024.csv,historic_verified_annual,monthly_verified,,historic_verified,,daily_star_2024_06.csv,5.5星
2024-06-19,5.5,5.5,5.5,5.5,exact,0.9,0.9,A股,realtime,verified/daily_star_2024.csv,historic_verified_annual,monthly_verified,,historic_verified,,daily_star_2024_06.csv,5.5星
2024-06-20,5.6,5.6,5.6,5.6,exact,0.9,0.9,A股,realtime,verified/daily_star_2024.csv,historic_verified_annual,monthly_verified,,historic_verified,,daily_star_2024_06.csv,5.6星
2024-06-21,5.6,5.6,5.6,5.6,exact,0.9,0.9,A股,realtime,verified/daily_star_2024.csv,historic_verified_annual,monthly_verified,,historic_verified,,daily_star_2024_06.csv,5.6星
2024-06-24,5.6,5.6,5.6,5.6,exact,0.9,0.9,A股,realtime,verified/daily_star_2024.csv,historic_verified_annual,monthly_verified,,historic_verified,,daily_star_2024_06.csv,5.6星
2024-06-25,5.7,5.7,5.7,5.7,exact,0.9,0.9,A股,realtime,verified/daily_star_2024.csv,historic_verified_annual,monthly_verified,,historic_verified,,daily_star_2024_06.csv,5.7星
2024-06-26,5.6,5.6,5.6,5.6,exact,0.9,0.9,A股,realtime,verified/daily_star_2024.csv,historic_verified_annual,monthly_verified,,historic_verified,,daily_star_2024_06.csv,5.6星
2024-06-27,,5.6,5.7,5.65,range,0.41250000000000003,0.75,A股,realtime,verified/daily_star_2024.csv,historic_verified_annual,monthly_verified,,historic_verified,,daily_star_2024_06.csv,5.6-5.7星上下
2024-06-28,5.6,5.6,5.6,5.6,exact,0.9,0.9,A股,realtime,verified/daily_star_2024.csv,historic_verified_annual,monthly_verified,,historic_verified,,daily_star_2024_06.csv,5.6星
2024-07-01,5.6,5.6,5.6,5.6,exact,0.9,0.9,A股,realtime,verified/daily_star_2024.csv,historic_verified_annual,monthly_verified,,historic_verified,,daily_star_2024_07.csv,5.6星
2024-07-02,5.6,5.6,5.6,5.6,exact,0.9,0.9,A股,realtime,verified/daily_star_2024.csv,historic_verified_annual,monthly_verified,,historic_verified,,daily_star_2024_07.csv,5.6星
2024-07-03,5.6,5.6,5.6,5.6,exact,0.9,0.9,A股,realtime,verified/daily_star_2024.csv,historic_verified_annual,monthly_verified,,historic_verified,,daily_star_2024_07.csv,5.6星
2024-07-04,5.7,5.7,5.7,5.7,exact,0.9,0.9,A股,realtime,verified/daily_star_2024.csv,historic_verified_annual,monthly_verified,,historic_verified,,daily_star_2024_07.csv,5.7星
2024-07-05,5.7,5.7,5.7,5.7,exact,0.9,0.9,A股,realtime,verified/daily_star_2024.csv,historic_verified_annual,monthly_verified,,historic_verified,,daily_star_2024_07.csv,5.7星
2024-07-08,5.7,5.7,5.7,5.7,exact,0.9,0.9,A股,realtime,verified/daily_star_2024.csv,historic_verified_annual,monthly_verified,,historic_verified,,daily_star_2024_07.csv,5.7星
2024-07-09,5.7,5.7,5.7,5.7,exact,0.9,0.9,A股,realtime,verified/daily_star_2024.csv,historic_verified_annual,monthly_verified,,historic_verified,,daily_star_2024_07.csv,5.7星
2024-07-10,5.7,5.7,5.7,5.7,exact,0.9,0.9,A股,realtime,verified/daily_star_2024.csv,historic_verified_annual,monthly_verified,,historic_verified,,daily_star_2024_07.csv,5.7星
2024-07-11,5.6,5.6,5.6,5.6,exact,0.9,0.9,A股,realtime,verified/daily_star_2024.csv,historic_verified_annual,monthly_verified,,historic_verified,,daily_star_2024_07.csv,5.6星
2024-07-12,5.6,5.6,5.6,5.6,exact,0.9,0.9,A股,realtime,verified/daily_star_2024.csv,historic_verified_annual,monthly_verified,,historic_verified,,daily_star_2024_07.csv,5.6星
2024-07-15,5.7,5.7,5.7,5.7,exact,0.9,0.9,A股,realtime,verified/daily_star_2024.csv,historic_verified_annual,monthly_verified,,historic_verified,,daily_star_2024_07.csv,5.7星
2024-07-16,,5.6,5.7,5.65,range,0.41250000000000003,0.75,A股,realtime,verified/daily_star_2024.csv,historic_verified_annual,monthly_verified,,historic_verified,,daily_star_2024_07.csv,5.6-5.7星上下
2024-07-17,5.7,5.7,5.7,5.7,exact,0.9,0.9,A股,realtime,verified/daily_star_2024.csv,historic_verified_annual,monthly_verified,,historic_verified,,daily_star_2024_07.csv,5.7星
2024-07-18,,5.6,5.7,5.65,range,0.41250000000000003,0.75,A股,realtime,verified/daily_star_2024.csv,historic_verified_annual,monthly_verified,,historic_verified,,daily_star_2024_07.csv,5.6-5.7星上下
2024-07-19,5.6,5.6,5.6,5.6,exact,0.9,0.9,A股,realtime,verified/daily_star_2024.csv,historic_verified_annual,monthly_verified,,historic_verified,,daily_star_2024_07.csv,5.6星
2024-07-22,5.6,5.6,5.6,5.6,exact,0.9,0.9,A股,realtime,verified/daily_star_2024.csv,historic_verified_annual,monthly_verified,,historic_verified,,daily_star_2024_07.csv,5.6星
2024-07-23,5.7,5.7,5.7,5.7,exact,0.9,0.9,A股,realtime,verified/daily_star_2024.csv,historic_verified_annual,monthly_verified,,historic_verified,,daily_star_2024_07.csv,5.7星
2024-07-24,5.8,5.8,5.8,5.8,exact,0.9,0.9,A股,realtime,verified/daily_star_2024.csv,historic_verified_annual,monthly_verified,,historic_verified,,daily_star_2024_07.csv,5.8星
2024-07-25,5.8,5.8,5.8,5.8,approx,0.3,0.6,A股,realtime,verified/daily_star_2024.csv,historic_verified_annual,monthly_verified,,historic_verified,,daily_star_2024_07.csv,5.8星上下
2024-07-26,5.7,5.7,5.7,5.7,exact,0.9,0.9,A股,realtime,verified/daily_star_2024.csv,historic_verified_annual,monthly_verified,,historic_verified,,daily_star_2024_07.csv,5.7星
2024-07-29,5.7,5.7,5.7,5.7,exact,0.9,0.9,A股,realtime,verified/daily_star_2024.csv,historic_verified_annual,monthly_verified,,historic_verified,,daily_star_2024_07.csv,5.7星
2024-07-30,,5.7,5.8,5.75,range,0.41250000000000003,0.75,A股,realtime,verified/daily_star_2024.csv,historic_verified_annual,monthly_verified,,historic_verified,,daily_star_2024_07.csv,5.7-5.8星上下
2024-07-31,5.7,5.7,5.7,5.7,exact,0.9,0.9,A股,realtime,verified/daily_star_2024.csv,historic_verified_annual,monthly_verified,,historic_verified,,daily_star_2024_07.csv,5.7星
2024-08-01,5.7,5.7,5.7,5.7,exact,0.9,0.9,A股,realtime,verified/daily_star_2024.csv,historic_verified_annual,monthly_verified,,historic_verified,,daily_star_2024_08.csv,5.7星
2024-08-02,5.7,5.7,5.7,5.7,exact,0.9,0.9,A股,realtime,verified/daily_star_2024.csv,historic_verified_annual,monthly_verified,,historic_verified,,daily_star_2024_08.csv,5.7星
2024-08-05,,5.7,5.8,5.75,range,0.41250000000000003,0.75,A股,realtime,verified/daily_star_2024.csv,historic_verified_annual,monthly_verified,,historic_verified,,daily_star_2024_08.csv,5.7-5.8星上下
2024-08-06,5.7,5.7,5.7,5.7,exact,0.9,0.9,A股,realtime,verified/daily_star_2024.csv,historic_verified_annual,monthly_verified,,historic_verified,,daily_star_2024_08.csv,5.7星
2024-08-07,5.7,5.7,5.7,5.7,exact,0.9,0.9,A股,realtime,verified/daily_star_2024.csv,historic_verified_annual,monthly_verified,,historic_verified,,daily_star_2024_08.csv,5.7星
2024-08-08,5.7,5.7,5.7,5.7,exact,0.9,0.9,A股,realtime,verified/daily_star_2024.csv,historic_verified_annual,monthly_verified,,historic_verified,,daily_star_2024_08.csv,5.7星
2024-08-09,,5.7,5.8,5.75,range,0.41250000000000003,0.75,A股,realtime,verified/daily_star_2024.csv,historic_verified_annual,monthly_verified,,historic_verified,,daily_star_2024_08.csv,5.7-5.8星上下
2024-08-12,,5.7,5.8,5.75,range,0.41250000000000003,0.75,A股,realtime,verified/daily_star_2024.csv,historic_verified_annual,monthly_verified,,historic_verified,,daily_star_2024_08.csv,5.7-5.8星上下
2024-08-13,5.8,5.8,5.8,5.8,exact,0.9,0.9,A股,realtime,verified/daily_star_2024.csv,historic_verified_annual,monthly_verified,,historic_verified,,daily_star_2024_08.csv,5.8星
2024-08-14,5.8,5.8,5.8,5.8,exact,0.9,0.9,A股,realtime,verified/daily_star_2024.csv,historic_verified_annual,monthly_verified,,historic_verified,,daily_star_2024_08.csv,5.8星
2024-08-15,5.8,5.8,5.8,5.8,exact,0.9,0.9,A股,realtime,verified/daily_star_2024.csv,historic_verified_annual,monthly_verified,,historic_verified,,daily_star_2024_08.csv,5.8星
2024-08-16,5.8,5.8,5.8,5.8,exact,0.9,0.9,A股,realtime,verified/daily_star_2024.csv,historic_verified_annual,monthly_verified,,historic_verified,,daily_star_2024_08.csv,5.8星
2024-08-19,5.8,5.8,5.8,5.8,exact,0.9,0.9,A股,realtime,verified/daily_star_2024.csv,historic_verified_annual,monthly_verified,,historic_verified,,daily_star_2024_08.csv,5.8星
2024-08-20,5.8,5.8,5.8,5.8,exact,0.9,0.9,A股,realtime,verified/daily_star_2024.csv,historic_verified_annual,monthly_verified,,historic_verified,,daily_star_2024_08.csv,5.8星
2024-08-21,5.8,5.8,5.8,5.8,exact,0.9,0.9,A股,realtime,verified/daily_star_2024.csv,historic_verified_annual,monthly_verified,,historic_verified,,daily_star_2024_08.csv,5.8星
2024-08-22,5.8,5.8,5.8,5.8,exact,0.9,0.9,A股,realtime,verified/daily_star_2024.csv,historic_verified_annual,monthly_verified,,historic_verified,,daily_star_2024_08.csv,5.8星
2024-08-23,5.8,5.8,5.8,5.8,exact,0.9,0.9,A股,realtime,verified/daily_star_2024.csv,historic_verified_annual,monthly_verified,,historic_verified,,daily_star_2024_08.csv,5.8星
2024-08-26,5.8,5.8,5.8,5.8,exact,0.9,0.9,A股,realtime,verified/daily_star_2024.csv,historic_verified_annual,monthly_verified,,historic_verified,,daily_star_2024_08.csv,5.8星
2024-08-27,5.9,5.9,5.9,5.9,exact,0.9,0.9,A股,realtime,verified/daily_star_2024.csv,historic_verified_annual,monthly_verified,,historic_verified,,daily_star_2024_08.csv,5.9星
2024-08-28,5.9,5.9,5.9,5.9,exact,0.9,0.9,A股,realtime,verified/daily_star_2024.csv,historic_verified_annual,monthly_verified,,historic_verified,,daily_star_2024_08.csv,5.9星
2024-08-29,5.8,5.8,5.8,5.8,exact,0.9,0.9,A股,realtime,verified/daily_star_2024.csv,historic_verified_annual,monthly_verified,,historic_verified,,daily_star_2024_08.csv,5.8星
2024-08-30,5.8,5.8,5.8,5.8,exact,0.9,0.9,A股,realtime,verified/daily_star_2024.csv,historic_verified_annual,monthly_verified,,historic_verified,,daily_star_2024_08.csv,5.8星
2024-09-02,5.8,5.8,5.8,5.8,exact,0.9,0.9,A股,realtime,verified/daily_star_2024.csv,historic_verified_annual,monthly_verified,,historic_verified,,daily_star_2024_09.csv,5.8星
2024-09-03,5.8,5.8,5.8,5.8,exact,0.9,0.9,A股,realtime,verified/daily_star_2024.csv,historic_verified_annual,monthly_verified,,historic_verified,,daily_star_2024_09.csv,5.8星
2024-09-04,5.8,5.8,5.8,5.8,exact,0.9,0.9,A股,realtime,verified/daily_star_2024.csv,historic_verified_annual,monthly_verified,,historic_verified,,daily_star_2024_09.csv,5.8星
2024-09-05,5.8,5.8,5.8,5.8,exact,0.9,0.9,A股,realtime,verified/daily_star_2024.csv,historic_verified_annual,monthly_verified,,historic_verified,,daily_star_2024_09.csv,5.8星
2024-09-06,5.9,5.9,5.9,5.9,exact,0.9,0.9,A股,realtime,verified/daily_star_2024.csv,historic_verified_annual,monthly_verified,,historic_verified,,daily_star_2024_09.csv,5.9星
2024-09-09,5.9,5.9,5.9,5.9,exact,0.9,0.9,A股,realtime,verified/daily_star_2024.csv,historic_verified_annual,monthly_verified,,historic_verified,,daily_star_2024_09.csv,5.9星
2024-09-10,5.9,5.9,5.9,5.9,exact,0.9,0.9,A股,realtime,verified/daily_star_2024.csv,historic_verified_annual,monthly_verified,,historic_verified,,daily_star_2024_09.csv,5.9星
2024-09-11,5.9,5.9,5.9,5.9,exact,0.9,0.9,A股,realtime,verified/daily_star_2024.csv,historic_verified_annual,monthly_verified,,historic_verified,,daily_star_2024_09.csv,5.9星
2024-09-12,5.9,5.9,5.9,5.9,exact,0.9,0.9,A股,realtime,verified/daily_star_2024.csv,historic_verified_annual,monthly_verified,,historic_verified,,daily_star_2024_09.csv,5.9星
2024-09-13,5.9,5.9,5.9,5.9,exact,0.9,0.9,A股,realtime,verified/daily_star_2024.csv,historic_verified_annual,monthly_verified,,historic_verified,,daily_star_2024_09.csv,5.9星
2024-09-18,5.9,5.9,5.9,5.9,exact,0.9,0.9,A股,realtime,verified/daily_star_2024.csv,historic_verified_annual,monthly_verified,,historic_verified,,daily_star_2024_09.csv,5.9星
2024-09-19,5.9,5.9,5.9,5.9,exact,0.9,0.9,A股,realtime,verified/daily_star_2024.csv,historic_verified_annual,monthly_verified,,historic_verified,,daily_star_2024_09.csv,5.9星
2024-09-20,5.9,5.9,5.9,5.9,exact,0.9,0.9,A股,realtime,verified/daily_star_2024.csv,historic_verified_annual,monthly_verified,,historic_verified,,daily_star_2024_09.csv,5.9星
2024-09-23,5.9,5.9,5.9,5.9,exact,0.9,0.9,A股,realtime,verified/daily_star_2024.csv,historic_verified_annual,monthly_verified,,historic_verified,,daily_star_2024_09.csv,5.9星
2024-09-24,5.8,5.8,5.8,5.8,exact,0.9,0.9,A股,realtime,verified/daily_star_2024.csv,historic_verified_annual,monthly_verified,,historic_verified,,daily_star_2024_09.csv,5.8星
2024-09-25,5.7,5.7,5.7,5.7,exact,0.9,0.9,A股,realtime,verified/daily_star_2024.csv,historic_verified_annual,monthly_verified,,historic_verified,,daily_star_2024_09.csv,5.7星
2024-09-26,5.6,5.6,5.6,5.6,exact,0.9,0.9,A股,realtime,verified/daily_star_2024.csv,historic_verified_annual,monthly_verified,,historic_verified,,daily_star_2024_09.csv,5.6星
2024-09-27,5.4,5.4,5.4,5.4,exact,0.9,0.9,A股,realtime,verified/daily_star_2024.csv,historic_verified_annual,monthly_verified,,historic_verified,,daily_star_2024_09.csv,5.4星
2024-09-30,5.1,5.1,5.1,5.1,exact,0.9,0.9,A股,realtime,verified/daily_star_2024.csv,historic_verified_annual,monthly_verified,,historic_verified,,daily_star_2024_09.csv,5.1星
2024-10-08,4.8,4.8,4.8,4.8,exact,0.9,0.9,A股,realtime,verified/daily_star_2024.csv,historic_verified_annual,monthly_verified,,historic_verified,,daily_star_2024_10.csv,4.8星
2024-10-09,5.1,5.1,5.1,5.1,exact,0.9,0.9,A股,realtime,verified/daily_star_2024.csv,historic_verified_annual,monthly_verified,,historic_verified,,daily_star_2024_10.csv,5.1星
2024-10-10,5.1,5.1,5.1,5.1,exact,0.9,0.9,A股,realtime,verified/daily_star_2024.csv,historic_verified_annual,monthly_verified,,historic_verified,,daily_star_2024_10.csv,5.1星
2024-10-11,5.2,5.2,5.2,5.2,exact,0.9,0.9,A股,realtime,verified/daily_star_2024.csv,historic_verified_annual,monthly_verified,,historic_verified,,daily_star_2024_10.csv,5.2星
2024-10-14,5.2,5.2,5.2,5.2,exact,0.9,0.9,A股,realtime,verified/daily_star_2024.csv,historic_verified_annual,monthly_verified,,historic_verified,,daily_star_2024_10.csv,5.2星
2024-10-15,5.2,5.2,5.2,5.2,exact,0.9,0.9,A股,realtime,verified/daily_star_2024.csv,historic_verified_annual,monthly_verified,,historic_verified,,daily_star_2024_10.csv,5.2星
2024-10-16,5.2,5.2,5.2,5.2,exact,0.9,0.9,A股,realtime,verified/daily_star_2024.csv,historic_verified_annual,monthly_verified,,historic_verified,,daily_star_2024_10.csv,5.2星
2024-10-17,5.3,5.3,5.3,5.3,exact,0.9,0.9,A股,realtime,verified/daily_star_2024.csv,historic_verified_annual,monthly_verified,,historic_verified,,daily_star_2024_10.csv,5.3星
2024-10-18,5.1,5.1,5.1,5.1,exact,0.9,0.9,A股,realtime,verified/daily_star_2024.csv,historic_verified_annual,monthly_verified,,historic_verified,,daily_star_2024_10.csv,5.1星
2024-10-21,5.1,5.1,5.1,5.1,exact,0.9,0.9,A股,realtime,verified/daily_star_2024.csv,historic_verified_annual,monthly_verified,,historic_verified,,daily_star_2024_10.csv,5.1星
2024-10-22,5.1,5.1,5.1,5.1,exact,0.9,0.9,A股,realtime,verified/daily_star_2024.csv,historic_verified_annual,monthly_verified,,historic_verified,,daily_star_2024_10.csv,5.1星
2024-10-23,5.1,5.1,5.1,5.1,exact,0.9,0.9,A股,realtime,verified/daily_star_2024.csv,historic_verified_annual,monthly_verified,,historic_verified,,daily_star_2024_10.csv,5.1星
2024-10-24,5.1,5.1,5.1,5.1,exact,0.9,0.9,A股,realtime,verified/daily_star_2024.csv,historic_verified_annual,monthly_verified,,historic_verified,,daily_star_2024_10.csv,5.1星
2024-10-25,5.0,5.0,5.0,5.0,exact,0.9,0.9,A股,realtime,verified/daily_star_2024.csv,historic_verified_annual,monthly_verified,,historic_verified,,daily_star_2024_10.csv,5.0星
2024-10-28,5.0,5.0,5.0,5.0,exact,0.9,0.9,A股,realtime,verified/daily_star_2024.csv,historic_verified_annual,monthly_verified,,historic_verified,,daily_star_2024_10.csv,5.0星
2024-10-29,,5.0,5.1,5.05,range,0.41250000000000003,0.75,A股,realtime,verified/daily_star_2024.csv,historic_verified_annual,monthly_verified,,historic_verified,,daily_star_2024_10.csv,5-5.1星上下
2024-10-30,5.1,5.1,5.1,5.1,exact,0.9,0.9,A股,realtime,verified/daily_star_2024.csv,historic_verified_annual,monthly_verified,,historic_verified,,daily_star_2024_10.csv,5.1星
2024-10-31,5.0,5.0,5.0,5.0,approx,0.3,0.6,A股,realtime,verified/daily_star_2024.csv,historic_verified_annual,monthly_verified,,historic_verified,,daily_star_2024_10.csv,5星上下
2024-11-01,5.1,5.1,5.1,5.1,exact,0.9,0.9,A股,realtime,verified/daily_star_2024.csv,historic_verified_annual,monthly_verified,,historic_verified,,daily_star_2024_11.csv,5.1星
2024-11-04,5.0,5.0,5.0,5.0,approx,0.3,0.6,A股,realtime,verified/daily_star_2024.csv,historic_verified_annual,monthly_verified,,historic_verified,,daily_star_2024_11.csv,5.0星上下
2024-11-05,,4.9,5.0,4.95,range,0.41250000000000003,0.75,A股,realtime,verified/daily_star_2024.csv,historic_verified_annual,monthly_verified,,historic_verified,,daily_star_2024_11.csv,4.9-5.0星上下
2024-11-06,,4.9,5.0,4.95,range,0.41250000000000003,0.75,A股,realtime,verified/daily_star_2024.csv,historic_verified_annual,monthly_verified,,historic_verified,,daily_star_2024_11.csv,4.9-5.0星上下
2024-11-07,,4.8,4.9,4.85,range,0.41250000000000003,0.75,A股,realtime,verified/daily_star_2024.csv,historic_verified_annual,monthly_verified,,historic_verified,,daily_star_2024_11.csv,4.8-4.9星上下
2024-11-08,,4.8,4.9,4.85,range,0.41250000000000003,0.75,A股,realtime,verified/daily_star_2024.csv,historic_verified_annual,monthly_verified,,historic_verified,,daily_star_2024_11.csv,4.8-4.9星上下
2024-11-11,4.8,4.8,4.8,4.8,exact,0.9,0.9,A股,realtime,verified/daily_star_2024.csv,historic_verified_annual,monthly_verified,,historic_verified,,daily_star_2024_11.csv,4.8星
2024-11-12,4.8,4.8,4.8,4.8,exact,0.9,0.9,A股,realtime,verified/daily_star_2024.csv,historic_verified_annual,monthly_verified,,historic_verified,,daily_star_2024_11.csv,4.8星
2024-11-13,4.8,4.8,4.8,4.8,exact,0.9,0.9,A股,realtime,verified/daily_star_2024.csv,historic_verified_annual,monthly_verified,,historic_verified,,daily_star_2024_11.csv,4.8星
2024-11-14,4.9,4.9,4.9,4.9,exact,0.9,0.9,A股,realtime,verified/daily_star_2024.csv,historic_verified_annual,monthly_verified,,historic_verified,,daily_star_2024_11.csv,4.9星
2024-11-15,5.0,5.0,5.0,5.0,approx,0.3,0.6,A股,realtime,verified/daily_star_2024.csv,historic_verified_annual,monthly_verified,,historic_verified,,daily_star_2024_11.csv,5.0星上下
2024-11-18,5.0,5.0,5.0,5.0,exact,0.9,0.9,A股,realtime,verified/daily_star_2024.csv,historic_verified_annual,monthly_verified,,historic_verified,,daily_star_2024_11.csv,5.0星
2024-11-19,5.0,5.0,5.0,5.0,exact,0.9,0.9,A股,realtime,verified/daily_star_2024.csv,historic_verified_annual,monthly_verified,,historic_verified,,daily_star_2024_11.csv,5.0星
2024-11-20,4.9,4.9,4.9,4.9,exact,0.9,0.9,A股,realtime,verified/daily_star_2024.csv,historic_verified_annual,monthly_verified,,historic_verified,,daily_star_2024_11.csv,4.9星
2024-11-21,4.9,4.9,4.9,4.9,exact,0.9,0.9,A股,realtime,verified/daily_star_2024.csv,historic_verified_annual,monthly_verified,,historic_verified,,daily_star_2024_11.csv,4.9星
2024-11-22,5.1,5.1,5.1,5.1,exact,0.9,0.9,A股,realtime,verified/daily_star_2024.csv,historic_verified_annual,monthly_verified,,historic_verified,,daily_star_2024_11.csv,5.1星
2024-11-25,5.1,5.1,5.1,5.1,exact,0.9,0.9,A股,realtime,verified/daily_star_2024.csv,historic_verified_annual,monthly_verified,,historic_verified,,daily_star_2024_11.csv,5.1星
2024-11-26,5.1,5.1,5.1,5.1,exact,0.9,0.9,A股,realtime,verified/daily_star_2024.csv,historic_verified_annual,monthly_verified,,historic_verified,,daily_star_2024_11.csv,5.1星
2024-11-27,5.0,5.0,5.0,5.0,exact,0.9,0.9,A股,realtime,verified/daily_star_2024.csv,historic_verified_annual,monthly_verified,,historic_verified,,daily_star_2024_11.csv,5.0星
2024-11-28,5.0,5.0,5.0,5.0,exact,0.9,0.9,A股,realtime,verified/daily_star_2024.csv,historic_verified_annual,monthly_verified,,historic_verified,,daily_star_2024_11.csv,5.0星
2024-11-29,5.0,5.0,5.0,5.0,exact,0.9,0.9,A股,realtime,verified/daily_star_2024.csv,historic_verified_annual,monthly_verified,,historic_verified,,daily_star_2024_11.csv,5.0星
2024-12-02,4.9,4.9,4.9,4.9,exact,0.9,0.9,A股,realtime,verified/daily_star_2024.csv,historic_verified_annual,monthly_verified,,historic_verified,,daily_star_2024_12.csv,4.9星
2024-12-03,,4.9,5.0,4.95,range,0.41250000000000003,0.75,A股,realtime,verified/daily_star_2024.csv,historic_verified_annual,monthly_verified,,historic_verified,,daily_star_2024_12.csv,4.9-5星上下
2024-12-04,,4.9,5.0,4.95,range,0.41250000000000003,0.75,A股,realtime,verified/daily_star_2024.csv,historic_verified_annual,monthly_verified,,historic_verified,,daily_star_2024_12.csv,4.9-5星上下
2024-12-05,,4.9,5.0,4.95,range,0.41250000000000003,0.75,A股,realtime,verified/daily_star_2024.csv,historic_verified_annual,monthly_verified,,historic_verified,,daily_star_2024_12.csv,4.9-5星上下
2024-12-06,4.9,4.9,4.9,4.9,exact,0.9,0.9,A股,realtime,verified/daily_star_2024.csv,historic_verified_annual,monthly_verified,,historic_verified,,daily_star_2024_12.csv,4.9星
2024-12-09,4.9,4.9,4.9,4.9,exact,0.9,0.9,A股,realtime,verified/daily_star_2024.csv,historic_verified_annual,monthly_verified,,historic_verified,,daily_star_2024_12.csv,4.9星
2024-12-10,4.9,4.9,4.9,4.9,approx,0.3,0.6,A股,realtime,verified/daily_star_2024.csv,historic_verified_annual,monthly_verified,,historic_verified,,daily_star_2024_12.csv,在4.9星上下
2024-12-11,,4.8,4.9,4.85,range,0.41250000000000003,0.75,A股,realtime,verified/daily_star_2024.csv,historic_verified_annual,monthly_verified,,historic_verified,,daily_star_2024_12.csv,4.8-4.9星上下
2024-12-12,4.8,4.8,4.8,4.8,exact,0.9,0.9,A股,realtime,verified/daily_star_2024.csv,historic_verified_annual,monthly_verified,,historic_verified,,daily_star_2024_12.csv,4.8星
2024-12-13,4.9,4.9,4.9,4.9,exact,0.9,0.9,A股,realtime,verified/daily_star_2024.csv,historic_verified_annual,monthly_verified,,historic_verified,,daily_star_2024_12.csv,4.9星
2024-12-16,4.9,4.9,4.9,4.9,exact,0.9,0.9,A股,realtime,verified/daily_star_2024.csv,historic_verified_annual,monthly_verified,,historic_verified,,daily_star_2024_12.csv,4.9星
2024-12-17,5.0,5.0,5.0,5.0,exact,0.9,0.9,A股,realtime,verified/daily_star_2024.csv,historic_verified_annual,monthly_verified,,historic_verified,,daily_star_2024_12.csv,5.0星
2024-12-18,,4.9,5.0,4.95,range,0.41250000000000003,0.75,A股,realtime,verified/daily_star_2024.csv,historic_verified_annual,monthly_verified,,historic_verified,,daily_star_2024_12.csv,4.9-5星上下
2024-12-19,,4.9,5.0,4.95,range,0.41250000000000003,0.75,A股,realtime,verified/daily_star_2024.csv,historic_verified_annual,monthly_verified,,historic_verified,,daily_star_2024_12.csv,4.9-5星上下
2024-12-20,4.9,4.9,4.9,4.9,exact,0.9,0.9,A股,realtime,verified/daily_star_2024.csv,historic_verified_annual,monthly_verified,,historic_verified,,daily_star_2024_12.csv,4.9星
2024-12-23,5.0,5.0,5.0,5.0,approx,0.3,0.6,A股,realtime,verified/daily_star_2024.csv,historic_verified_annual,monthly_verified,,historic_verified,,daily_star_2024_12.csv,回到5星上下
2024-12-24,,4.9,5.0,4.95,range,0.41250000000000003,0.75,A股,realtime,verified/daily_star_2024.csv,historic_verified_annual,monthly_verified,,historic_verified,,daily_star_2024_12.csv,在4.9-5星上下
2024-12-25,5.0,5.0,5.0,5.0,exact,0.9,0.9,A股,realtime,verified/daily_star_2024.csv,historic_verified_annual,monthly_verified,,historic_verified,,daily_star_2024_12.csv,5.0星
2024-12-26,5.0,5.0,5.0,5.0,exact,0.9,0.9,A股,realtime,verified/daily_star_2024.csv,historic_verified_annual,monthly_verified,,historic_verified,,daily_star_2024_12.csv,5.0星
2024-12-27,,4.9,5.0,4.95,range,0.41250000000000003,0.75,A股,realtime,verified/daily_star_2024.csv,historic_verified_annual,monthly_verified,,historic_verified,,daily_star_2024_12.csv,还在4.9-5星上下
2024-12-30,5.0,5.0,5.0,5.0,exact,0.9,0.9,A股,realtime,verified/daily_star_2024.csv,historic_verified_annual,monthly_verified,,historic_verified,,daily_star_2024_12.csv,5.0星
2024-12-31,5.1,5.1,5.1,5.1,exact,0.9,0.9,A股,realtime,verified/daily_star_2024.csv,historic_verified_annual,monthly_verified,,historic_verified,,daily_star_2024_12.csv,5.1星
2025-01-02,5.2,5.2,5.2,5.2,exact,1.0,1.0,A股,realtime,derived/star_target_2025_2026.csv,direct_article_evidence,closing_statement,截止到收盘，回到5.2星,auto_high_confidence,https://drive.google.com/file/d/13ERqmF-quaos1t3uwIFRKAnik3NPLqgc/view?usp=drivesdk,13ERqmF-quaos1t3uwIFRKAnik3NPLqgc,
2025-01-03,5.2,5.2,5.2,5.2,exact,1.0,1.0,A股,realtime,derived/star_target_2025_2026.csv,direct_article_evidence,closing_statement,截止到收盘，还在5.2星,auto_high_confidence,https://drive.google.com/file/d/1myCkuClIFPpxBo-idmk1IBqqmo8LRxoq/view?usp=drivesdk,1myCkuClIFPpxBo-idmk1IBqqmo8LRxoq,
2025-01-06,,5.2,5.3,5.25,range,0.41250000000000003,0.75,A股,realtime,derived/star_target_review_queue_2025_2026.csv,direct_article_interval_or_threshold,approximate_range,5.2-5.3星,pending_manual_or_image_review,https://drive.google.com/file/d/1ccKfxsOvJ0qJ5FxGV0osbzhA03hVIz0t/view?usp=drivesdk,1ccKfxsOvJ0qJ5FxGV0osbzhA03hVIz0t,exact decimal intentionally not inferred from interval
2025-01-07,5.2,5.2,5.2,5.2,exact,0.995,0.995,A股,realtime,derived/star_target_2025_2026.csv,direct_article_evidence,today_market_statement,今天大盘低开高走，全天整体上涨，回到5.2星,auto_high_confidence,https://drive.google.com/file/d/1Z0AB4mv1v9WZm1ZXzZOfUIFWqJw6NRiZ/view?usp=drivesdk,1Z0AB4mv1v9WZm1ZXzZOfUIFWqJw6NRiZ,
2025-01-08,5.2,5.2,5.2,5.2,exact,0.99,0.99,A股,realtime,derived/star_target_2025_2026.csv,direct_article_evidence,opening_state_statement,还在5.2星,auto_high_confidence,https://drive.google.com/file/d/1Grou9FdQ3AvFmJc_yselg_uQMvUu8yXe/view?usp=drivesdk,1Grou9FdQ3AvFmJc_yselg_uQMvUu8yXe,
2025-01-09,5.2,5.2,5.2,5.2,exact,1.0,1.0,A股,realtime,derived/star_target_2025_2026.csv,direct_article_evidence,closing_statement,截止到收盘，还在5.2星,auto_high_confidence,https://drive.google.com/file/d/1Df7RqjImR7nhwdlPnLdRA22jFVdIzDED/view?usp=drivesdk,1Df7RqjImR7nhwdlPnLdRA22jFVdIzDED,
2025-01-10,5.3,5.3,5.3,5.3,exact,1.0,1.0,A股,realtime,derived/star_target_2025_2026.csv,direct_article_evidence,closing_statement,截止到收盘，大盘回到5.3星,auto_high_confidence,https://drive.google.com/file/d/17IO1sDp_d77A7Td42Fhrv2xHzkOYc2Jh/view?usp=drivesdk,17IO1sDp_d77A7Td42Fhrv2xHzkOYc2Jh,
2025-01-13,5.3,5.3,5.3,5.3,exact,1.0,1.0,A股,realtime,derived/star_target_2025_2026.csv,direct_article_evidence,closing_statement,截止到收盘，还在5.3星,auto_high_confidence,https://drive.google.com/file/d/1OitBHY9-LeAoxnlLf0B4Tj-1TSjylNXF/view?usp=drivesdk,1OitBHY9-LeAoxnlLf0B4Tj-1TSjylNXF,
2025-01-14,5.2,5.2,5.2,5.2,exact,0.995,0.995,A股,realtime,derived/star_target_2025_2026.csv,direct_article_evidence,today_market_statement,今天大盘低开高走，整体上涨，回到5.2星,auto_high_confidence,https://drive.google.com/file/d/1keYsupoIlKWBrZJtL_ucf4sjtAW1ujm5/view?usp=drivesdk,1keYsupoIlKWBrZJtL_ucf4sjtAW1ujm5,
2025-01-15,5.2,5.2,5.2,5.2,exact,1.0,1.0,A股,realtime,derived/star_target_2025_2026.csv,direct_article_evidence,closing_statement,截止到收盘，还在5.2星,auto_high_confidence,https://drive.google.com/file/d/1LydqK2JJ8CCq54Jn3qgThb8E-NuIDJ_X/view?usp=drivesdk,1LydqK2JJ8CCq54Jn3qgThb8E-NuIDJ_X,
2025-01-16,5.2,5.2,5.2,5.2,exact,0.995,0.995,A股,realtime,derived/star_target_2025_2026.csv,direct_article_evidence,today_market_statement,今天大盘整体微涨，还在5.2星,auto_high_confidence,https://drive.google.com/file/d/19O67EQn9ZPRw3g9vVdYIZpBTmFLwgdpt/view?usp=drivesdk,19O67EQn9ZPRw3g9vVdYIZpBTmFLwgdpt,
2025-01-17,,5.1,5.2,5.15,range,0.41250000000000003,0.75,A股,realtime,derived/star_target_review_queue_2025_2026.csv,direct_article_interval_or_threshold,approximate_range,5.1-5.2星,pending_manual_or_image_review,https://drive.google.com/file/d/13PS7SJxK4VdSGUovqmZXn0JjJv_1la2h/view?usp=drivesdk,13PS7SJxK4VdSGUovqmZXn0JjJv_1la2h,exact decimal intentionally not inferred from interval
2025-01-20,5.1,5.1,5.1,5.1,exact,1.0,1.0,A股,realtime,derived/star_target_2025_2026.csv,direct_article_evidence,closing_statement,截止到收盘，回到5.1星,auto_high_confidence,https://drive.google.com/file/d/102FABcO4xSbsU8pYfWsEefhtARRIsAPU/view?usp=drivesdk,102FABcO4xSbsU8pYfWsEefhtARRIsAPU,
2025-01-21,5.1,5.1,5.1,5.1,exact,0.99,0.99,A股,realtime,derived/star_target_2025_2026.csv,direct_article_evidence,opening_state_statement,还在5.1星,auto_high_confidence,https://drive.google.com/file/d/1Llg0C1b_Cb6ssotvK96pzPBQFPZjNPLe/view?usp=drivesdk,1Llg0C1b_Cb6ssotvK96pzPBQFPZjNPLe,
2025-01-22,5.2,5.2,5.2,5.2,exact,1.0,1.0,A股,realtime,derived/star_target_2025_2026.csv,direct_article_evidence,closing_statement,截止到收盘，回到5.2星,auto_high_confidence,https://drive.google.com/file/d/1vYUu5TWD_BcogpQ1fwSYldcXTr6St3Bh/view?usp=drivesdk,1vYUu5TWD_BcogpQ1fwSYldcXTr6St3Bh,
2025-01-23,5.2,5.2,5.2,5.2,exact,0.995,0.995,A股,realtime,derived/star_target_2025_2026.csv,direct_article_evidence,today_market_statement,今天大盘开盘上涨，不过之后回落，全天下来微涨微跌，还在5.2星,auto_high_confidence,https://drive.google.com/file/d/1PA2YBJCFz5WFp_H6QBk46WfBWHzkXsrm/view?usp=drivesdk,1PA2YBJCFz5WFp_H6QBk46WfBWHzkXsrm,
2025-01-24,5.1,5.1,5.1,5.1,exact,1.0,1.0,A股,realtime,derived/star_target_2025_2026.csv,direct_article_evidence,closing_statement,截止到收盘，回到5.1星,auto_high_confidence,https://drive.google.com/file/d/1bQeCdDPbtrIMw9BwmOnOwQnAt7vlsRSH/view?usp=drivesdk,1bQeCdDPbtrIMw9BwmOnOwQnAt7vlsRSH,
2025-01-27,5.2,5.2,5.2,5.2,exact,0.99,0.99,A股,realtime,derived/star_target_2025_2026.csv,direct_article_evidence,opening_state_statement,回到5.2星,auto_high_confidence,https://drive.google.com/file/d/1mv1LmTbnRzbaW6eCALRglLPe-XbGkPgu/view?usp=drivesdk,1mv1LmTbnRzbaW6eCALRglLPe-XbGkPgu,
2025-02-05,5.1,5.1,5.1,5.1,exact,1.0,1.0,A股,realtime,derived/star_target_2025_2026.csv,direct_article_evidence,closing_statement,截止到收盘，还在5.1星,auto_high_confidence,https://drive.google.com/file/d/1-0ojzt8GpqmLtMi6Ww_w8Q4toBNL6WpG/view?usp=drivesdk,1-0ojzt8GpqmLtMi6Ww_w8Q4toBNL6WpG,
2025-02-06,5.1,5.1,5.1,5.1,exact,1.0,1.0,A股,realtime,derived/star_target_2025_2026.csv,direct_article_evidence,closing_statement,截止到收盘，大盘整体上涨，还在5.1星,auto_high_confidence,https://drive.google.com/file/d/1bytvtstPhvPvmHBOa70JrZ6JzFVYeNqL/view?usp=drivesdk,1bytvtstPhvPvmHBOa70JrZ6JzFVYeNqL,
2025-02-07,5.0,5.0,5.0,5.0,exact,0.99,0.99,A股,realtime,derived/star_target_2025_2026.csv,direct_article_evidence,opening_state_statement,回到5星,auto_high_confidence,https://drive.google.com/file/d/1-LI4uSX5GOhgfYYiydUxzk27bfsZSAnF/view?usp=drivesdk,1-LI4uSX5GOhgfYYiydUxzk27bfsZSAnF,
2025-02-10,5.0,5.0,5.0,5.0,exact,1.0,1.0,A股,realtime,derived/star_target_2025_2026.csv,direct_article_evidence,closing_statement,截止到收盘，还在5星,auto_high_confidence,https://drive.google.com/file/d/1BRX8hNb5tTcl08VDFgAOTqkCWFzmdEwD/view?usp=drivesdk,1BRX8hNb5tTcl08VDFgAOTqkCWFzmdEwD,
2025-02-11,5.0,5.0,5.0,5.0,exact,1.0,1.0,A股,realtime,derived/star_target_2025_2026.csv,direct_article_evidence,closing_statement,截止到收盘，还在5星,auto_high_confidence,https://drive.google.com/file/d/1kPK9un37YbX66wfv9p2zHrfd3d5z9_Xu/view?usp=drivesdk,1kPK9un37YbX66wfv9p2zHrfd3d5z9_Xu,
2025-02-12,5.0,5.0,5.0,5.0,exact,1.0,1.0,A股,realtime,derived/star_target_2025_2026.csv,direct_article_evidence,closing_statement,截止到收盘，还在5星,auto_high_confidence,https://drive.google.com/file/d/1ZxtYYvFhyZpxXVhiHmYvIlwV5ZAQO5bq/view?usp=drivesdk,1ZxtYYvFhyZpxXVhiHmYvIlwV5ZAQO5bq,
2025-02-13,5.0,5.0,5.0,5.0,exact,0.99,0.99,A股,realtime,derived/star_target_2025_2026.csv,direct_article_evidence,opening_state_statement,还在5星,auto_high_confidence,https://drive.google.com/file/d/114EVe43zrKwhBD-LvGJdzw7XcSK1J8sO/view?usp=drivesdk,114EVe43zrKwhBD-LvGJdzw7XcSK1J8sO,
2025-02-14,5.0,5.0,5.0,5.0,exact,1.0,1.0,A股,realtime,derived/star_target_2025_2026.csv,direct_article_evidence,closing_statement,截止到收盘，还在5星,auto_high_confidence,https://drive.google.com/file/d/1TH1fndCqzf5vFgnTKju0Lwlj9SqTAaFc/view?usp=drivesdk,1TH1fndCqzf5vFgnTKju0Lwlj9SqTAaFc,
2025-02-17,4.9,4.9,4.9,4.9,exact,0.985,0.985,A股,realtime,derived/star_target_2025_2026.csv,direct_article_evidence,dated_current_statement,目前2025年2月17日，市场在4.9星级,auto_high_confidence,https://drive.google.com/file/d/1EKW1MV0BC-mdr3YK7NF5wkxks7TRNhSo/view?usp=drivesdk,1EKW1MV0BC-mdr3YK7NF5wkxks7TRNhSo,
2025-02-18,5.0,5.0,5.0,5.0,exact,1.0,1.0,A股,realtime,derived/star_target_2025_2026.csv,direct_article_evidence,closing_statement,到收盘回到5星,auto_high_confidence,https://drive.google.com/file/d/1OHTp0dWotyfd8mc1bP8B6oIIKecrAWFk/view?usp=drivesdk,1OHTp0dWotyfd8mc1bP8B6oIIKecrAWFk,
2025-02-19,4.9,4.9,4.9,4.9,exact,1.0,1.0,A股,realtime,derived/star_target_2025_2026.csv,direct_article_evidence,manual_verification,今天大盘整体上涨，截止到收盘，又回到4.9星。,verified_manual,https://drive.google.com/file/d/1efHhNEj-gZ5xltGmGzUwS3EVa_e2rrPO/view?usp=drivesdk,1efHhNEj-gZ5xltGmGzUwS3EVa_e2rrPO,正文明确给出当日收盘星级
2025-02-20,4.9,4.9,4.9,4.9,exact,0.995,0.995,A股,realtime,derived/star_target_2025_2026.csv,direct_article_evidence,today_market_statement,今天大盘微涨微跌，波动不大，还在4.9星,auto_high_confidence,https://drive.google.com/file/d/1y0e-eejoln-Y8k1jf9oIgniFVXQogCPx/view?usp=drivesdk,1y0e-eejoln-Y8k1jf9oIgniFVXQogCPx,
2025-02-21,4.9,4.9,4.9,4.9,exact,1.0,1.0,A股,realtime,derived/star_target_2025_2026.csv,direct_article_evidence,closing_statement,截止到收盘，还在4.9星,auto_high_confidence,https://drive.google.com/file/d/1_lGURxopHk9RU_PFxzSO1KafY6zoKVVC/view?usp=drivesdk,1_lGURxopHk9RU_PFxzSO1KafY6zoKVVC,
2025-02-24,4.9,4.9,4.9,4.9,exact,0.995,0.995,A股,realtime,derived/star_target_2025_2026.csv,direct_article_evidence,today_market_statement,今天大盘微涨微跌，波动不大，还在4.9星,auto_high_confidence,https://drive.google.com/file/d/1NZ0ELwncqDg4kXAd9d8ZI2oHtfxQbPxo/view?usp=drivesdk,1NZ0ELwncqDg4kXAd9d8ZI2oHtfxQbPxo,
2025-02-25,4.9,4.9,4.9,4.9,exact,1.0,1.0,A股,realtime,derived/star_target_2025_2026.csv,direct_article_evidence,closing_statement,截止到收盘，还在4.9星,auto_high_confidence,https://drive.google.com/file/d/1hLrznvxYeFoHl7QAquvGUBrPqtB2faai/view?usp=drivesdk,1hLrznvxYeFoHl7QAquvGUBrPqtB2faai,
2025-02-26,4.9,4.9,4.9,4.9,exact,1.0,1.0,A股,realtime,derived/star_target_2025_2026.csv,direct_article_evidence,closing_statement,截止到收盘，还在4.9星,auto_high_confidence,https://drive.google.com/file/d/1rPjUN--5dpYC4-As0lLeNPMKpuIUNJ0Q/view?usp=drivesdk,1rPjUN--5dpYC4-As0lLeNPMKpuIUNJ0Q,
2025-02-27,4.9,4.9,4.9,4.9,exact,0.99,0.99,A股,realtime,derived/star_target_2025_2026.csv,direct_article_evidence,opening_state_statement,还在4.9星,auto_high_confidence,https://drive.google.com/file/d/1efnW7dYEVo8ASVfI38Ku7AeAY9YyQ182/view?usp=drivesdk,1efnW7dYEVo8ASVfI38Ku7AeAY9YyQ182,
2025-02-28,5.0,5.0,5.0,5.0,exact,1.0,1.0,A股,realtime,derived/star_target_2025_2026.csv,direct_article_evidence,closing_statement,截止到收盘，回到5星,auto_high_confidence,https://drive.google.com/file/d/1fHTkJmfFYiBbf4ghG5q5u2euquiol7Lh/view?usp=drivesdk,1fHTkJmfFYiBbf4ghG5q5u2euquiol7Lh,
2025-03-03,5.0,5.0,5.0,5.0,exact,0.985,0.985,A股,realtime,derived/star_target_2025_2026.csv,direct_article_evidence,dated_current_statement,目前2025年3月3日，市场在5.0星级,auto_high_confidence,https://drive.google.com/file/d/1lUzUzS94OllGymB179Tf-WkDjpjD7gM7/view?usp=drivesdk,1lUzUzS94OllGymB179Tf-WkDjpjD7gM7,
2025-03-04,4.9,4.9,4.9,4.9,exact,1.0,1.0,A股,realtime,derived/star_target_2025_2026.csv,direct_article_evidence,closing_statement,到收盘大盘微涨，回到4.9星,auto_high_confidence,https://drive.google.com/file/d/10VWZd8haIzdm6vFdQ-ckadXOPe8Q4Xhk/view?usp=drivesdk,10VWZd8haIzdm6vFdQ-ckadXOPe8Q4Xhk,
2025-03-05,4.9,4.9,4.9,4.9,exact,0.995,0.995,A股,realtime,derived/star_target_2025_2026.csv,direct_article_evidence,today_market_statement,今天大盘低开高走，全天上涨，还在4.9星,auto_high_confidence,https://drive.google.com/file/d/1DByj2hdd75lkc_Lyp9q6c7aiTJ9g0_ys/view?usp=drivesdk,1DByj2hdd75lkc_Lyp9q6c7aiTJ9g0_ys,
2025-03-06,4.9,4.9,4.9,4.9,exact,1.0,1.0,A股,realtime,derived/star_target_2025_2026.csv,direct_article_evidence,closing_statement,截止到收盘，还在4.9星,auto_high_confidence,https://drive.google.com/file/d/1NA12Nfnkw3L1V71tL0kT4yUgsgW-d5U_/view?usp=drivesdk,1NA12Nfnkw3L1V71tL0kT4yUgsgW-d5U_,
2025-03-07,4.9,4.9,4.9,4.9,exact,1.0,1.0,A股,realtime,derived/star_target_2025_2026.csv,direct_article_evidence,closing_statement,截止到收盘还在4.9星,auto_high_confidence,https://drive.google.com/file/d/146f2SlFYaR8frIPdwUdNbMXJDNb9aLz7/view?usp=drivesdk,146f2SlFYaR8frIPdwUdNbMXJDNb9aLz7,
2025-03-10,4.9,4.9,4.9,4.9,exact,1.0,1.0,A股,realtime,derived/star_target_2025_2026.csv,direct_article_evidence,closing_statement,收盘的时候反弹了起来，全天微跌，还在4.9星,auto_high_confidence,https://drive.google.com/file/d/10q27bWKqK5I4idArWyLBzn-06xfe0loE/view?usp=drivesdk,10q27bWKqK5I4idArWyLBzn-06xfe0loE,
2025-03-11,4.9,4.9,4.9,4.9,exact,0.99,0.99,A股,realtime,derived/star_target_2025_2026.csv,direct_article_evidence,opening_state_statement,还在4.9星,auto_high_confidence,https://drive.google.com/file/d/1wMm_SfGbyGLeZLyRS4K_4iD_Q-44YjIk/view?usp=drivesdk,1wMm_SfGbyGLeZLyRS4K_4iD_Q-44YjIk,
2025-03-12,4.9,4.9,4.9,4.9,exact,0.995,0.995,A股,realtime,derived/star_target_2025_2026.csv,direct_article_evidence,today_market_statement,今天大盘微跌，波动不大，还在4.9星,auto_high_confidence,https://drive.google.com/file/d/1uPwH_TP0zKlF1gZebXrSMk5Re7vWL4yi/view?usp=drivesdk,1uPwH_TP0zKlF1gZebXrSMk5Re7vWL4yi,
2025-03-13,4.9,4.9,4.9,4.9,exact,0.995,0.995,A股,realtime,derived/star_target_2025_2026.csv,direct_article_evidence,today_market_statement,今天大盘整体下跌，到下午跌幅缩小，还在4.9星,auto_high_confidence,https://drive.google.com/file/d/1CFMi7OOI3SqAF2kQoz8mz2U_NJhobHW2/view?usp=drivesdk,1CFMi7OOI3SqAF2kQoz8mz2U_NJhobHW2,
2025-03-14,4.8,4.8,4.8,4.8,exact,1.0,1.0,A股,realtime,derived/star_target_2025_2026.csv,direct_article_evidence,closing_statement,截止到收盘，回到4.8星,auto_high_confidence,https://drive.google.com/file/d/10Jxh2AMcLVE3nSbmlTze-E7MVAQDuz2y/view?usp=drivesdk,10Jxh2AMcLVE3nSbmlTze-E7MVAQDuz2y,
2025-03-17,4.8,4.8,4.8,4.8,exact,0.995,0.995,A股,realtime,derived/star_target_2025_2026.csv,direct_article_evidence,today_market_statement,今天大盘微涨微跌，还在4.8星,auto_high_confidence,https://drive.google.com/file/d/1_a9LSkAy5jTFAVy28sOi8cSm_dIZrHRf/view?usp=drivesdk,1_a9LSkAy5jTFAVy28sOi8cSm_dIZrHRf,
2025-03-18,4.8,4.8,4.8,4.8,exact,0.995,0.995,A股,realtime,derived/star_target_2025_2026.csv,direct_article_evidence,today_market_statement,今天大盘整体微涨，波动不大，还在4.8星,auto_high_confidence,https://drive.google.com/file/d/1xjozAf9q6JnJKDiOl6HRRUdijzddJju8/view?usp=drivesdk,1xjozAf9q6JnJKDiOl6HRRUdijzddJju8,
2025-03-19,4.8,4.8,4.8,4.8,exact,0.995,0.995,A股,realtime,derived/star_target_2025_2026.csv,direct_article_evidence,today_market_statement,今天A股港股微涨微跌，波动不大，还在4.8星,auto_high_confidence,https://drive.google.com/file/d/1FHX3eQl_SL0DMFwlb48a7tWgVoRbXqgx/view?usp=drivesdk,1FHX3eQl_SL0DMFwlb48a7tWgVoRbXqgx,
2025-03-20,4.8,4.8,4.8,4.8,exact,1.0,1.0,A股,realtime,derived/star_target_2025_2026.csv,direct_article_evidence,closing_statement,截止到收盘，还在4.8星,auto_high_confidence,https://drive.google.com/file/d/1E08oxboYFKlgBS_eGHK4XWTBm6lPlAJx/view?usp=drivesdk,1E08oxboYFKlgBS_eGHK4XWTBm6lPlAJx,
2025-03-21,4.9,4.9,4.9,4.9,exact,0.99,0.99,A股,realtime,derived/star_target_2025_2026.csv,direct_article_evidence,opening_state_statement,回到4.9星,auto_high_confidence,https://drive.google.com/file/d/1ifWQSCwYh6I9cmDmRBgXS89Pi0wVcR-k/view?usp=drivesdk,1ifWQSCwYh6I9cmDmRBgXS89Pi0wVcR-k,
2025-03-24,4.9,4.9,4.9,4.9,exact,1.0,1.0,A股,realtime,derived/star_target_2025_2026.csv,direct_article_evidence,closing_statement,到收盘的时候还在4.9星,auto_high_confidence,https://drive.google.com/file/d/1LBnkUxDtrVgdYk6_sk6REIgHcg6PMHXr/view?usp=drivesdk,1LBnkUxDtrVgdYk6_sk6REIgHcg6PMHXr,
2025-03-25,4.9,4.9,4.9,4.9,exact,0.995,0.995,A股,realtime,derived/star_target_2025_2026.csv,direct_article_evidence,today_market_statement,今天大盘整体微跌，波动不大，还在4.9星,auto_high_confidence,https://drive.google.com/file/d/1FOfblp81yHrxbfyX6xw1TPtoQ3RUxrSm/view?usp=drivesdk,1FOfblp81yHrxbfyX6xw1TPtoQ3RUxrSm,
2025-03-26,4.9,4.9,4.9,4.9,exact,1.0,1.0,A股,realtime,derived/star_target_2025_2026.csv,direct_article_evidence,closing_statement,收盘，还在4.9星,auto_high_confidence,https://drive.google.com/file/d/1AYZuzS5ukukI0yI3IfUsRdwCS_o6yTTA/view?usp=drivesdk,1AYZuzS5ukukI0yI3IfUsRdwCS_o6yTTA,
2025-03-27,4.9,4.9,4.9,4.9,exact,1.0,1.0,A股,realtime,derived/star_target_2025_2026.csv,direct_article_evidence,closing_statement,截止到收盘，还在4.9星,auto_high_confidence,https://drive.google.com/file/d/1NbvzvRqQ1UAsLx7AxE4iFg60PUZ-QYRN/view?usp=drivesdk,1NbvzvRqQ1UAsLx7AxE4iFg60PUZ-QYRN,
2025-03-28,,4.9,5.0,4.95,range,0.41250000000000003,0.75,A股,realtime,derived/star_target_review_queue_2025_2026.csv,direct_article_interval_or_threshold,approximate_range,4.9-5星,pending_manual_or_image_review,https://drive.google.com/file/d/1XrtAWsBVzV16T7Hl7MNs4yZC4O8PfDlL/view?usp=drivesdk,1XrtAWsBVzV16T7Hl7MNs4yZC4O8PfDlL,exact decimal intentionally not inferred from interval
2025-03-31,5.0,5.0,5.0,5.0,exact,1.0,1.0,A股,realtime,derived/star_target_2025_2026.csv,direct_article_evidence,closing_statement,截止到收盘，回到5星,auto_high_confidence,https://drive.google.com/file/d/116KZg19DX--fjZe1k5WSe4JC4YeZp2F7/view?usp=drivesdk,116KZg19DX--fjZe1k5WSe4JC4YeZp2F7,
2025-04-01,5.0,5.0,5.0,5.0,exact,1.0,1.0,A股,realtime,derived/star_target_2025_2026.csv,direct_article_evidence,closing_statement,截止到收盘，还在5星,auto_high_confidence,https://drive.google.com/file/d/19dkYWxzFjHqoOGX2vr_ym1L_ZB9Td-lN/view?usp=drivesdk,19dkYWxzFjHqoOGX2vr_ym1L_ZB9Td-lN,
2025-04-02,5.0,5.0,5.0,5.0,exact,1.0,1.0,A股,realtime,derived/star_target_2025_2026.csv,direct_article_evidence,closing_statement,截止到收盘，还在5星,auto_high_confidence,https://drive.google.com/file/d/1dzxFx5N-_iT1HlVWFzsNyg5erU-nQtwq/view?usp=drivesdk,1dzxFx5N-_iT1HlVWFzsNyg5erU-nQtwq,
2025-04-03,5.0,5.0,5.0,5.0,exact,1.0,1.0,A股,realtime,derived/star_target_2025_2026.csv,direct_article_evidence,closing_statement,截止到收盘，还在5星,auto_high_confidence,https://drive.google.com/file/d/1xs49it6SJw1PWa-Gcox_cZegPeQ1lAXx/view?usp=drivesdk,1xs49it6SJw1PWa-Gcox_cZegPeQ1lAXx,
2025-04-07,5.4,5.4,5.4,5.4,exact,0.99,0.99,A股,realtime,derived/star_target_2025_2026.csv,direct_article_evidence,opening_state_statement,重回5.4星,auto_high_confidence,https://drive.google.com/file/d/1ipVBto1fm0_kCClIDYNfrqOE95aPPDbj/view?usp=drivesdk,1ipVBto1fm0_kCClIDYNfrqOE95aPPDbj,
2025-04-08,5.3,5.3,5.3,5.3,exact,1.0,1.0,A股,realtime,derived/star_target_2025_2026.csv,direct_article_evidence,closing_statement,到收盘变成上涨，回到5.3星,auto_high_confidence,https://drive.google.com/file/d/1AHLUvT-UxObukH-PjTTyrsHauVkNfmXG/view?usp=drivesdk,1AHLUvT-UxObukH-PjTTyrsHauVkNfmXG,
2025-04-09,5.3,5.3,5.3,5.3,exact,0.99,0.99,A股,realtime,derived/star_target_2025_2026.csv,direct_article_evidence,opening_state_statement,回到5.3星,auto_high_confidence,https://drive.google.com/file/d/1wTr7xR7B4Qerldw80e6028q18VwKtpqa/view?usp=drivesdk,1wTr7xR7B4Qerldw80e6028q18VwKtpqa,
2025-04-10,5.2,5.2,5.2,5.2,exact,0.99,0.99,A股,realtime,derived/star_target_2025_2026.csv,direct_article_evidence,opening_state_statement,回到5.2星,auto_high_confidence,https://drive.google.com/file/d/1T2k7xoNIzxKLmGAMfm9vA47WMVyEMVBA/view?usp=drivesdk,1T2k7xoNIzxKLmGAMfm9vA47WMVyEMVBA,
2025-04-11,5.2,5.2,5.2,5.2,exact,1.0,1.0,A股,realtime,derived/star_target_2025_2026.csv,direct_article_evidence,closing_statement,到收盘变成上涨，还在5.2星,auto_high_confidence,https://drive.google.com/file/d/17FHbFk9MBdwzJkMNtbjittZjyqHCM7T3/view?usp=drivesdk,17FHbFk9MBdwzJkMNtbjittZjyqHCM7T3,
2025-04-14,5.1,5.1,5.1,5.1,exact,1.0,1.0,A股,realtime,derived/star_target_2025_2026.csv,direct_article_evidence,closing_statement,截止到收盘，回到5.1星,auto_high_confidence,https://drive.google.com/file/d/1kkdx68aOKQ3HfIegGNvJYoNrxL-f9FKd/view?usp=drivesdk,1kkdx68aOKQ3HfIegGNvJYoNrxL-f9FKd,
2025-04-15,5.1,5.1,5.1,5.1,exact,0.99,0.99,A股,realtime,derived/star_target_2025_2026.csv,direct_article_evidence,opening_state_statement,还在5.1星,auto_high_confidence,https://drive.google.com/file/d/1JxJN4CbwTH1VkLq-zpShzKhTofqjH3Se/view?usp=drivesdk,1JxJN4CbwTH1VkLq-zpShzKhTofqjH3Se,
2025-04-16,5.2,5.2,5.2,5.2,exact,0.99,0.99,A股,realtime,derived/star_target_2025_2026.csv,direct_article_evidence,opening_state_statement,回到5.2星,auto_high_confidence,https://drive.google.com/file/d/12lsayY7Zg0lFwOhHgCZTkuFsgKo4F3B6/view?usp=drivesdk,12lsayY7Zg0lFwOhHgCZTkuFsgKo4F3B6,
2025-04-17,,5.1,5.2,5.15,range,0.41250000000000003,0.75,A股,realtime,derived/star_target_review_queue_2025_2026.csv,direct_article_interval_or_threshold,approximate_range,5.1-5.2星,pending_manual_or_image_review,https://drive.google.com/file/d/1OpG6g2VDcIKoUhz9n2_36XYEc98npS8z/view?usp=drivesdk,1OpG6g2VDcIKoUhz9n2_36XYEc98npS8z,exact decimal intentionally not inferred from interval
2025-04-18,5.2,5.2,5.2,5.2,exact,1.0,1.0,A股,realtime,derived/star_target_2025_2026.csv,direct_article_evidence,closing_statement,截止到收盘，还在5.2星,auto_high_confidence,https://drive.google.com/file/d/1ZY2UBZbY1zPY-rKVTMZSySg5LedFcM2R/view?usp=drivesdk,1ZY2UBZbY1zPY-rKVTMZSySg5LedFcM2R,
2025-04-21,5.1,5.1,5.1,5.1,exact,1.0,1.0,A股,realtime,derived/star_target_2025_2026.csv,direct_article_evidence,closing_statement,截止到收盘，回到5.1星,auto_high_confidence,https://drive.google.com/file/d/16ZclwmqRVK5P5xjkEYVp-gnYRvMJVitp/view?usp=drivesdk,16ZclwmqRVK5P5xjkEYVp-gnYRvMJVitp,
2025-04-22,5.1,5.1,5.1,5.1,exact,1.0,1.0,A股,realtime,derived/star_target_2025_2026.csv,direct_article_evidence,closing_statement,到收盘微涨微跌，波动不大，还在5.1星,auto_high_confidence,https://drive.google.com/file/d/1CnUL7fST6vXG13M9ryXjdDRYrdztZGcZ/view?usp=drivesdk,1CnUL7fST6vXG13M9ryXjdDRYrdztZGcZ,
2025-04-23,5.1,5.1,5.1,5.1,exact,1.0,1.0,A股,realtime,derived/star_target_2025_2026.csv,direct_article_evidence,closing_statement,截止到收盘，还在5.1星,auto_high_confidence,https://drive.google.com/file/d/1YXc5WrCWWuWwoJ6Idz7hdnarxmjUx8x2/view?usp=drivesdk,1YXc5WrCWWuWwoJ6Idz7hdnarxmjUx8x2,
2025-04-24,5.1,5.1,5.1,5.1,exact,1.0,1.0,A股,realtime,derived/star_target_2025_2026.csv,direct_article_evidence,closing_statement,截止到收盘，还在5.1星,auto_high_confidence,https://drive.google.com/file/d/1uYzQeFh1mSevb31QEndNsIwhXOwpjBnW/view?usp=drivesdk,1uYzQeFh1mSevb31QEndNsIwhXOwpjBnW,
2025-04-25,5.1,5.1,5.1,5.1,exact,0.995,0.995,A股,realtime,derived/star_target_2025_2026.csv,direct_article_evidence,today_market_statement,今天大盘微涨微跌，波动不大，还在5.1星,auto_high_confidence,https://drive.google.com/file/d/10gmTIf5alHN5O_x5TsRsS_VdSWwm8GAE/view?usp=drivesdk,10gmTIf5alHN5O_x5TsRsS_VdSWwm8GAE,
2025-04-28,5.1,5.1,5.1,5.1,exact,1.0,1.0,A股,realtime,derived/star_target_2025_2026.csv,direct_article_evidence,closing_statement,截止到收盘，还在5.1星,auto_high_confidence,https://drive.google.com/file/d/1E4ZK7RzilX619mAW4B4-vnlW0IpAt4UH/view?usp=drivesdk,1E4ZK7RzilX619mAW4B4-vnlW0IpAt4UH,
2025-04-29,5.1,5.1,5.1,5.1,exact,1.0,1.0,A股,realtime,derived/star_target_2025_2026.csv,direct_article_evidence,closing_statement,截止到收盘，还在5.1星,auto_high_confidence,https://drive.google.com/file/d/1x9Ljig2j1fbt1V9MviUGWwnrazVr4MFO/view?usp=drivesdk,1x9Ljig2j1fbt1V9MviUGWwnrazVr4MFO,
2025-04-30,5.1,5.1,5.1,5.1,exact,1.0,1.0,A股,realtime,derived/star_target_2025_2026.csv,direct_article_evidence,closing_statement,截止到收盘，还在5.1星,auto_high_confidence,https://drive.google.com/file/d/1rq2jOGhABv_PdTJnKG06ZJSaVK4t5Hdl/view?usp=drivesdk,1rq2jOGhABv_PdTJnKG06ZJSaVK4t5Hdl,
2025-05-06,5.1,5.1,5.1,5.1,exact,1.0,1.0,A股,realtime,derived/star_target_2025_2026.csv,direct_article_evidence,closing_statement,截止到收盘，在5.1星,auto_high_confidence,https://drive.google.com/file/d/1wbfeDha-oPHrrdRDv6A3t8F_Y5WlKixN/view?usp=drivesdk,1wbfeDha-oPHrrdRDv6A3t8F_Y5WlKixN,
2025-05-07,5.0,5.0,5.0,5.0,exact,0.995,0.995,A股,realtime,derived/star_target_2025_2026.csv,direct_article_evidence,today_market_statement,今天大盘高开低走，整体上涨，回到5星,auto_high_confidence,https://drive.google.com/file/d/1A3oAOPvG43i4Srv4ybiC1s8Pm9QseF7g/view?usp=drivesdk,1A3oAOPvG43i4Srv4ybiC1s8Pm9QseF7g,
2025-05-08,5.0,5.0,5.0,5.0,exact,1.0,1.0,A股,realtime,derived/star_target_2025_2026.csv,direct_article_evidence,closing_statement,截止到收盘，回到5星,auto_high_confidence,https://drive.google.com/file/d/1tHzbifXcdS7q4olpj06tMNafyEYOzbmz/view?usp=drivesdk,1tHzbifXcdS7q4olpj06tMNafyEYOzbmz,
2025-05-09,5.0,5.0,5.0,5.0,exact,0.995,0.995,A股,realtime,derived/star_target_2025_2026.csv,direct_article_evidence,today_market_statement,今天大盘整体微跌，中证全指下跌0.7%，波动不大，还在5星,auto_high_confidence,https://drive.google.com/file/d/1Px8UulfriiB-t8_VK9wjIvu5nid-nKjv/view?usp=drivesdk,1Px8UulfriiB-t8_VK9wjIvu5nid-nKjv,
2025-05-12,5.0,5.0,5.0,5.0,exact,1.0,1.0,A股,realtime,derived/star_target_2025_2026.csv,direct_article_evidence,closing_statement,截止到收盘，还在5星,auto_high_confidence,https://drive.google.com/file/d/1_-nIiuBz4LNvMO0rFN5QIz4tmvUBIL3C/view?usp=drivesdk,1_-nIiuBz4LNvMO0rFN5QIz4tmvUBIL3C,
2025-05-13,5.0,5.0,5.0,5.0,exact,1.0,1.0,A股,realtime,derived/star_target_2025_2026.csv,direct_article_evidence,closing_statement,到收盘大盘略微下跌，还在5星,auto_high_confidence,https://drive.google.com/file/d/1kSAvCKJfSyMNRz2B1rWF8godqJSvvVCL/view?usp=drivesdk,1kSAvCKJfSyMNRz2B1rWF8godqJSvvVCL,
2025-05-14,4.9,4.9,4.9,4.9,exact,0.995,0.995,A股,realtime,derived/star_target_2025_2026.csv,direct_article_evidence,today_market_statement,今天大盘一度下跌，不过到下午拉涨，一度摸到4.9星,auto_high_confidence,https://drive.google.com/file/d/1wRmy1PBqDyRr3G8y92J26A9sB00i5ZbO/view?usp=drivesdk,1wRmy1PBqDyRr3G8y92J26A9sB00i5ZbO,
2025-05-15,5.0,5.0,5.0,5.0,exact,1.0,1.0,A股,realtime,derived/star_target_2025_2026.csv,direct_article_evidence,closing_statement,截止到收盘，还在5星,auto_high_confidence,https://drive.google.com/file/d/1K3OFNSMr4_rHFGqEqen-9tB0E_IvpWDA/view?usp=drivesdk,1K3OFNSMr4_rHFGqEqen-9tB0E_IvpWDA,
2025-05-16,5.0,5.0,5.0,5.0,exact,1.0,1.0,A股,realtime,derived/star_target_2025_2026.csv,direct_article_evidence,closing_statement,截止到收盘，还在5星,auto_high_confidence,https://drive.google.com/file/d/1oujoLilcuI3SNEd4LKK6fTMrRRJbUcIU/view?usp=drivesdk,1oujoLilcuI3SNEd4LKK6fTMrRRJbUcIU,
2025-05-19,5.0,5.0,5.0,5.0,exact,0.995,0.995,A股,realtime,derived/star_target_2025_2026.csv,direct_article_evidence,today_market_statement,今天大盘微涨微跌，波动不大，还在5星,auto_high_confidence,https://drive.google.com/file/d/1T2h-LILUBT6B4t2hBnBdFNHoMjgMtqoV/view?usp=drivesdk,1T2h-LILUBT6B4t2hBnBdFNHoMjgMtqoV,
2025-05-20,5.0,5.0,5.0,5.0,exact,1.0,1.0,A股,realtime,derived/star_target_2025_2026.csv,direct_article_evidence,closing_statement,截止到收盘，大中小盘股都上涨，还在5星,auto_high_confidence,https://drive.google.com/file/d/1Q4zEsgaKAsGc_8wJtMk42voRqsqkc9IB/view?usp=drivesdk,1Q4zEsgaKAsGc_8wJtMk42voRqsqkc9IB,
2025-05-21,5.0,5.0,5.0,5.0,exact,1.0,1.0,A股,realtime,derived/star_target_2025_2026.csv,direct_article_evidence,closing_statement,截止到收盘，还在5星,auto_high_confidence,https://drive.google.com/file/d/1X_UDctxTKz-HbEJ7HJ8lu9GX_J2Qrkft/view?usp=drivesdk,1X_UDctxTKz-HbEJ7HJ8lu9GX_J2Qrkft,
2025-05-22,5.0,5.0,5.0,5.0,exact,0.995,0.995,A股,realtime,derived/star_target_2025_2026.csv,direct_article_evidence,today_market_statement,今天大盘整体微跌，波动不大，还在5星,auto_high_confidence,https://drive.google.com/file/d/1_R5Dy9uajRoufdxS5Y03eVjUl4qKI7Si/view?usp=drivesdk,1_R5Dy9uajRoufdxS5Y03eVjUl4qKI7Si,
2025-05-23,5.0,5.0,5.0,5.0,exact,1.0,1.0,A股,realtime,derived/star_target_2025_2026.csv,direct_article_evidence,closing_statement,截止到收盘，还在5星,auto_high_confidence,https://drive.google.com/file/d/1A9eWUOPJuiogfcikxeJnL1UOKfPGnjf9/view?usp=drivesdk,1A9eWUOPJuiogfcikxeJnL1UOKfPGnjf9,
2025-05-26,5.0,5.0,5.0,5.0,exact,1.0,1.0,A股,realtime,derived/star_target_2025_2026.csv,direct_article_evidence,closing_statement,到收盘跌幅收窄，还在5星,auto_high_confidence,https://drive.google.com/file/d/1K64i6LxkwCOHaIT0Xdi1aN-wTGMOpNM2/view?usp=drivesdk,1K64i6LxkwCOHaIT0Xdi1aN-wTGMOpNM2,
2025-05-27,5.0,5.0,5.0,5.0,exact,1.0,1.0,A股,realtime,derived/star_target_2025_2026.csv,direct_article_evidence,closing_statement,截止到收盘，还在5星,auto_high_confidence,https://drive.google.com/file/d/1tzLJQR8HuRS8yukCw6E5PEQb4V-fyRpc/view?usp=drivesdk,1tzLJQR8HuRS8yukCw6E5PEQb4V-fyRpc,
2025-05-28,,5.0,5.1,5.05,range,0.41250000000000003,0.75,A股,realtime,derived/star_target_review_queue_2025_2026.csv,direct_article_interval_or_threshold,approximate_range,5.1-5星,pending_manual_or_image_review,https://drive.google.com/file/d/1C5YdeMqEaqoBLTaDX8I3twjm4qvztppp/view?usp=drivesdk,1C5YdeMqEaqoBLTaDX8I3twjm4qvztppp,exact decimal intentionally not inferred from interval
2025-05-29,5.0,5.0,5.0,5.0,exact,1.0,1.0,A股,realtime,derived/star_target_2025_2026.csv,direct_article_evidence,closing_statement,截止到收盘，还在5星,auto_high_confidence,https://drive.google.com/file/d/1BZFhGUI5-cqUXEkm-XdghCq7aJ84N2yX/view?usp=drivesdk,1BZFhGUI5-cqUXEkm-XdghCq7aJ84N2yX,
2025-05-30,5.0,5.0,5.0,5.0,exact,0.995,0.995,A股,realtime,derived/star_target_2025_2026.csv,direct_article_evidence,today_market_statement,今天大盘微跌，还在5星,auto_high_confidence,https://drive.google.com/file/d/1RrE76wXohkK60d02uk_qaJJ0QSRK0WlK/view?usp=drivesdk,1RrE76wXohkK60d02uk_qaJJ0QSRK0WlK,
2025-06-03,5.0,5.0,5.0,5.0,exact,1.0,1.0,A股,realtime,derived/star_target_2025_2026.csv,direct_article_evidence,closing_statement,截止到收盘，还在5星,auto_high_confidence,https://drive.google.com/file/d/1SG4kAJ7MWK2LGnOQUz-cZOaXlkAyEEyv/view?usp=drivesdk,1SG4kAJ7MWK2LGnOQUz-cZOaXlkAyEEyv,
2025-06-04,5.0,5.0,5.0,5.0,exact,1.0,1.0,A股,realtime,derived/star_target_2025_2026.csv,direct_article_evidence,closing_statement,截止到收盘，还在5星,auto_high_confidence,https://drive.google.com/file/d/1fiag3xropJn_GSFn95HugWcgC_pS8onS/view?usp=drivesdk,1fiag3xropJn_GSFn95HugWcgC_pS8onS,
2025-06-05,5.0,5.0,5.0,5.0,exact,1.0,1.0,A股,realtime,derived/star_target_2025_2026.csv,direct_article_evidence,closing_statement,到收盘变成上涨，波动不大，还在5星,auto_high_confidence,https://drive.google.com/file/d/1ekocIwZFgy9l5oaFfPZC-8I_wXXdLXHN/view?usp=drivesdk,1ekocIwZFgy9l5oaFfPZC-8I_wXXdLXHN,
2025-06-06,5.0,5.0,5.0,5.0,exact,0.995,0.995,A股,realtime,derived/star_target_2025_2026.csv,direct_article_evidence,today_market_statement,今天大盘微跌，波动不大，还在5星,auto_high_confidence,https://drive.google.com/file/d/1iUF30a4wG84vhiWjqeLWVLOyvNRdzL1n/view?usp=drivesdk,1iUF30a4wG84vhiWjqeLWVLOyvNRdzL1n,
2025-06-09,5.0,5.0,5.0,5.0,exact,1.0,1.0,A股,realtime,derived/star_target_2025_2026.csv,direct_article_evidence,closing_statement,到收盘涨幅略有回落，还在5星,auto_high_confidence,https://drive.google.com/file/d/17mTjKkdxebs1-rkHUm-ao3So98syjx2q/view?usp=drivesdk,17mTjKkdxebs1-rkHUm-ao3So98syjx2q,
2025-06-10,5.0,5.0,5.0,5.0,exact,1.0,1.0,A股,realtime,derived/star_target_2025_2026.csv,direct_article_evidence,closing_statement,截止到收盘，还在5星,auto_high_confidence,https://drive.google.com/file/d/1llUTsc9ktxt_lSefyrx0Y9tJZFjOYaJD/view?usp=drivesdk,1llUTsc9ktxt_lSefyrx0Y9tJZFjOYaJD,
2025-06-11,4.9,4.9,4.9,4.9,exact,0.995,0.995,A股,realtime,derived/star_target_2025_2026.csv,direct_article_evidence,today_market_statement,今天大盘整体上涨，一度摸到4.9星,auto_high_confidence,https://drive.google.com/file/d/1wzDmWjAc9AA_NU_cP1UXr_d21H7Nuixd/view?usp=drivesdk,1wzDmWjAc9AA_NU_cP1UXr_d21H7Nuixd,
2025-06-12,,,,,threshold,0.0,0.5,A股,realtime,derived/star_target_review_queue_2025_2026.csv,direct_article_interval_or_threshold,near_threshold_only,距离4.9星很接近,pending_manual_or_image_review,https://drive.google.com/file/d/1d6y6Urz1UcB2ky5QAXNTo0G8mwWejVr-/view?usp=drivesdk,1d6y6Urz1UcB2ky5QAXNTo0G8mwWejVr-,reference_star=4.9; only proximity is known
2025-06-13,5.0,5.0,5.0,5.0,exact,1.0,1.0,A股,realtime,derived/star_target_2025_2026.csv,direct_article_evidence,closing_statement,截止到收盘，还在5星,auto_high_confidence,https://drive.google.com/file/d/1fHwAIRaqEmAJ9zGB_a6QPrSxVvIHb5Np/view?usp=drivesdk,1fHwAIRaqEmAJ9zGB_a6QPrSxVvIHb5Np,
2025-06-16,5.0,5.0,5.0,5.0,exact,1.0,1.0,A股,realtime,derived/star_target_2025_2026.csv,direct_article_evidence,closing_statement,截止到收盘，还在5星,auto_high_confidence,https://drive.google.com/file/d/1H8prtaPwDUF_9GQRHB_ogSewoIbjW2fj/view?usp=drivesdk,1H8prtaPwDUF_9GQRHB_ogSewoIbjW2fj,
2025-06-17,5.0,5.0,5.0,5.0,exact,1.0,1.0,A股,realtime,derived/star_target_2025_2026.csv,direct_article_evidence,closing_statement,到收盘跌幅缩小，波动不大，还在5星,auto_high_confidence,https://drive.google.com/file/d/1TVDNPIohIkebiXBiql65BSEIxWCU832Q/view?usp=drivesdk,1TVDNPIohIkebiXBiql65BSEIxWCU832Q,
2025-06-18,5.0,5.0,5.0,5.0,exact,1.0,1.0,A股,realtime,derived/star_target_2025_2026.csv,direct_article_evidence,closing_statement,到收盘跌幅缩小，中证全指微跌，还在5星,auto_high_confidence,https://drive.google.com/file/d/1h1lCmTvf2ph1YvPAVkhIx1puW73pjgw0/view?usp=drivesdk,1h1lCmTvf2ph1YvPAVkhIx1puW73pjgw0,
2025-06-19,5.0,5.0,5.0,5.0,exact,1.0,1.0,A股,realtime,derived/star_target_2025_2026.csv,direct_article_evidence,closing_statement,截止到收盘，还在5星,auto_high_confidence,https://drive.google.com/file/d/1DcDf96CLa91OaTnf_EMGxUFWL1zL62WA/view?usp=drivesdk,1DcDf96CLa91OaTnf_EMGxUFWL1zL62WA,
2025-06-20,,5.0,5.1,5.05,range,0.41250000000000003,0.75,A股,realtime,derived/star_target_review_queue_2025_2026.csv,direct_article_interval_or_threshold,approximate_range,5-5.1星,pending_manual_or_image_review,https://drive.google.com/file/d/1e03bmBzWlTgvxVMbuogxnMVAEH7oJ3TF/view?usp=drivesdk,1e03bmBzWlTgvxVMbuogxnMVAEH7oJ3TF,exact decimal intentionally not inferred from interval
2025-06-23,5.0,5.0,5.0,5.0,exact,1.0,1.0,A股,realtime,derived/star_target_2025_2026.csv,direct_article_evidence,closing_statement,截止到收盘，大盘整体微涨，还在5星,auto_high_confidence,https://drive.google.com/file/d/1LH2uQuFP3eM1_mU8Nb-TuPx6Pt-4KzoT/view?usp=drivesdk,1LH2uQuFP3eM1_mU8Nb-TuPx6Pt-4KzoT,
2025-06-24,5.0,5.0,5.0,5.0,exact,1.0,1.0,A股,realtime,derived/star_target_2025_2026.csv,direct_article_evidence,closing_statement,截止到收盘，还在5星,auto_high_confidence,https://drive.google.com/file/d/1scEzTbET5VfJQ1hsmrNybIYpvmejhVcr/view?usp=drivesdk,1scEzTbET5VfJQ1hsmrNybIYpvmejhVcr,
2025-06-25,4.9,4.9,4.9,4.9,exact,0.995,0.995,A股,realtime,derived/star_target_2025_2026.csv,direct_article_evidence,today_market_statement,今天大盘继续上涨，回到4.9星,auto_high_confidence,https://drive.google.com/file/d/1xg5V2XS6yrE-3CjSuZ1uYNOqERi5AkuW/view?usp=drivesdk,1xg5V2XS6yrE-3CjSuZ1uYNOqERi5AkuW,
2025-06-26,4.9,4.9,4.9,4.9,exact,0.99,0.99,A股,realtime,derived/star_target_2025_2026.csv,direct_article_evidence,opening_state_statement,还在4.9星,auto_high_confidence,https://drive.google.com/file/d/16GMvtnLTpw9Z6Hm82gIq1nzxmnG9wMH_/view?usp=drivesdk,16GMvtnLTpw9Z6Hm82gIq1nzxmnG9wMH_,
2025-06-27,4.9,4.9,4.9,4.9,exact,1.0,1.0,A股,realtime,derived/star_target_2025_2026.csv,direct_article_evidence,closing_statement,截止到收盘，还在4.9星,auto_high_confidence,https://drive.google.com/file/d/1rm_aViB8pC4YtSeW-DOgAE5vZFffsZay/view?usp=drivesdk,1rm_aViB8pC4YtSeW-DOgAE5vZFffsZay,
2025-06-30,4.9,4.9,4.9,4.9,exact,0.99,0.99,A股,realtime,derived/star_target_2025_2026.csv,direct_article_evidence,opening_state_statement,还在4.9星,auto_high_confidence,https://drive.google.com/file/d/1yuj7nfzmgjovngSxteMFF2cs4d7ReZKQ/view?usp=drivesdk,1yuj7nfzmgjovngSxteMFF2cs4d7ReZKQ,
2025-07-01,4.9,4.9,4.9,4.9,exact,1.0,1.0,A股,realtime,derived/star_target_2025_2026.csv,direct_article_evidence,closing_statement,截止到收盘，还在4.9星,auto_high_confidence,https://drive.google.com/file/d/1HecPFA8tYnnfuVIubVBrPgOSi1MkyMCm/view?usp=drivesdk,1HecPFA8tYnnfuVIubVBrPgOSi1MkyMCm,
2025-07-02,4.9,4.9,4.9,4.9,exact,0.995,0.995,A股,realtime,derived/star_target_2025_2026.csv,direct_article_evidence,today_market_statement,今天大盘微跌，波动不大，还在4.9星,auto_high_confidence,https://drive.google.com/file/d/1KQufI-zLUcq7msFMpGUCl2yBN0ZnAoJB/view?usp=drivesdk,1KQufI-zLUcq7msFMpGUCl2yBN0ZnAoJB,
2025-07-03,4.9,4.9,4.9,4.9,exact,1.0,1.0,A股,realtime,derived/star_target_2025_2026.csv,direct_article_evidence,closing_statement,截止到收盘，还在4.9星,auto_high_confidence,https://drive.google.com/file/d/11gGXmVmaoq7MelLwJ4nKAcE8uixwut2Q/view?usp=drivesdk,11gGXmVmaoq7MelLwJ4nKAcE8uixwut2Q,
2025-07-04,4.9,4.9,4.9,4.9,exact,1.0,1.0,A股,realtime,derived/star_target_2025_2026.csv,direct_article_evidence,closing_statement,到收盘回落，中证全指略微下跌，还在4.9星,auto_high_confidence,https://drive.google.com/file/d/14Q3-0xAL02R2ym46KHqcGQQFR5Ib3eq7/view?usp=drivesdk,14Q3-0xAL02R2ym46KHqcGQQFR5Ib3eq7,
2025-07-07,4.9,4.9,4.9,4.9,exact,0.995,0.995,A股,realtime,derived/star_target_2025_2026.csv,direct_article_evidence,today_market_statement,今天大盘波动不大，略微下跌，还在4.9星,auto_high_confidence,https://drive.google.com/file/d/1cta3grXGUzAM3lXNjPSUh4igeY4n81gA/view?usp=drivesdk,1cta3grXGUzAM3lXNjPSUh4igeY4n81gA,
2025-07-08,4.8,4.8,4.8,4.8,exact,1.0,1.0,A股,realtime,derived/star_target_2025_2026.csv,direct_article_evidence,closing_statement,到收盘，整体上涨，回到4.8星,auto_high_confidence,https://drive.google.com/file/d/1E3y7wGEJH7SJmiIs3J03HmhMutyZ8eGl/view?usp=drivesdk,1E3y7wGEJH7SJmiIs3J03HmhMutyZ8eGl,
2025-07-09,4.8,4.8,4.8,4.8,exact,1.0,1.0,A股,realtime,derived/star_target_2025_2026.csv,direct_article_evidence,closing_statement,到收盘略微下跌，还在4.8星,auto_high_confidence,https://drive.google.com/file/d/1W8r-8RmbQBIfpaoNgTFaVsaacYwTVwpt/view?usp=drivesdk,1W8r-8RmbQBIfpaoNgTFaVsaacYwTVwpt,
2025-07-10,4.8,4.8,4.8,4.8,exact,1.0,1.0,A股,realtime,derived/star_target_2025_2026.csv,direct_article_evidence,closing_statement,到收盘涨幅回落，还在4.8星,auto_high_confidence,https://drive.google.com/file/d/1Llcbp7_ckaJvaKLpAxcab9998Aki5GB_/view?usp=drivesdk,1Llcbp7_ckaJvaKLpAxcab9998Aki5GB_,
2025-07-11,4.8,4.8,4.8,4.8,exact,0.99,0.99,A股,realtime,derived/star_target_2025_2026.csv,direct_article_evidence,opening_state_statement,还在4.8星,auto_high_confidence,https://drive.google.com/file/d/1IKCo59kZ8jnJxv9wKY-2ZUZ8hANUc3K8/view?usp=drivesdk,1IKCo59kZ8jnJxv9wKY-2ZUZ8hANUc3K8,
2025-07-14,4.8,4.8,4.8,4.8,exact,0.995,0.995,A股,realtime,derived/star_target_2025_2026.csv,direct_article_evidence,today_market_statement,今天大盘整体微涨，还在4.8星,auto_high_confidence,https://drive.google.com/file/d/1UpvYZ2oZrzXpPFGbzLgSjGSlc_YN9Hsb/view?usp=drivesdk,1UpvYZ2oZrzXpPFGbzLgSjGSlc_YN9Hsb,
2025-07-15,4.8,4.8,4.8,4.8,exact,0.99,0.99,A股,realtime,derived/star_target_2025_2026.csv,direct_article_evidence,opening_state_statement,还在4.8星,auto_high_confidence,https://drive.google.com/file/d/1e_ojMZjqD697mJZs8S3o-gzJ5_HV2wqi/view?usp=drivesdk,1e_ojMZjqD697mJZs8S3o-gzJ5_HV2wqi,
2025-07-16,4.8,4.8,4.8,4.8,exact,1.0,1.0,A股,realtime,derived/star_target_2025_2026.csv,direct_article_evidence,closing_statement,截止到收盘，还在4.8星,auto_high_confidence,https://drive.google.com/file/d/1UQoEeTODFf253tFGI4Cxfe2Ma5QFNhMa/view?usp=drivesdk,1UQoEeTODFf253tFGI4Cxfe2Ma5QFNhMa,
2025-07-17,4.8,4.8,4.8,4.8,exact,1.0,1.0,A股,realtime,derived/star_target_2025_2026.csv,direct_article_evidence,closing_statement,截止到收盘，还在4.8星,auto_high_confidence,https://drive.google.com/file/d/1LC9ztIoEtgpCLvi-nhI5h-21A12x1oW3/view?usp=drivesdk,1LC9ztIoEtgpCLvi-nhI5h-21A12x1oW3,
2025-07-18,4.8,4.8,4.8,4.8,exact,1.0,1.0,A股,realtime,derived/star_target_2025_2026.csv,direct_article_evidence,closing_statement,截止到收盘，还在4.8星,auto_high_confidence,https://drive.google.com/file/d/18o0acJ__43OjpLZmBBKLnML7TXnaidsk/view?usp=drivesdk,18o0acJ__43OjpLZmBBKLnML7TXnaidsk,
2025-07-21,4.7,4.7,4.7,4.7,exact,0.995,0.995,A股,realtime,derived/star_target_2025_2026.csv,direct_article_evidence,today_market_statement,今天大盘继续上涨，回到4.7星,auto_high_confidence,https://drive.google.com/file/d/159ObdHpHddFsv6ZyXzx3eneOwn3t9reG/view?usp=drivesdk,159ObdHpHddFsv6ZyXzx3eneOwn3t9reG,
2025-07-22,4.7,4.7,4.7,4.7,exact,0.99,0.99,A股,realtime,derived/star_target_2025_2026.csv,direct_article_evidence,opening_state_statement,还在4.7星,auto_high_confidence,https://drive.google.com/file/d/1cNbRzaptOlIOB0qun1xLZr_wB7L2K-2x/view?usp=drivesdk,1cNbRzaptOlIOB0qun1xLZr_wB7L2K-2x,
2025-07-23,4.7,4.7,4.7,4.7,exact,1.0,1.0,A股,realtime,derived/star_target_2025_2026.csv,direct_article_evidence,closing_statement,到收盘回落，中证全指下跌0.29%，还在4.7星,auto_high_confidence,https://drive.google.com/file/d/1ifB1sg1fBytRxLOWk9c_TigkcnkX2jF5/view?usp=drivesdk,1ifB1sg1fBytRxLOWk9c_TigkcnkX2jF5,
2025-07-24,4.7,4.7,4.7,4.7,exact,1.0,1.0,A股,realtime,derived/star_target_2025_2026.csv,direct_article_evidence,closing_statement,截止到收盘，还在4.7星,auto_high_confidence,https://drive.google.com/file/d/1bLRdcz60v6ugIywE8DAsNAGahqWVOcoR/view?usp=drivesdk,1bLRdcz60v6ugIywE8DAsNAGahqWVOcoR,
2025-07-25,4.7,4.7,4.7,4.7,exact,1.0,1.0,A股,realtime,derived/star_target_2025_2026.csv,direct_article_evidence,closing_statement,截止到收盘，还在4.7星,auto_high_confidence,https://drive.google.com/file/d/1URxWRI7UV2h70PhefPug5IoEHRa5zLBe/view?usp=drivesdk,1URxWRI7UV2h70PhefPug5IoEHRa5zLBe,
2025-07-28,4.7,4.7,4.7,4.7,exact,0.99,0.99,A股,realtime,derived/star_target_2025_2026.csv,direct_article_evidence,opening_state_statement,还在4.7星,auto_high_confidence,https://drive.google.com/file/d/1Qm7vqrhKgCQk5xoQs9YQriwfH1LgFIkb/view?usp=drivesdk,1Qm7vqrhKgCQk5xoQs9YQriwfH1LgFIkb,
2025-07-29,4.6,4.6,4.6,4.6,exact,0.99,0.99,A股,realtime,derived/star_target_2025_2026.csv,direct_article_evidence,manual_verification,og:title：［7月29日］指数估值数据(回到4.6星；…),verified_manual,https://drive.google.com/file/d/1UZwNzZpharVs8saQxgwmUPGns9-BwHkn/view?usp=drivesdk,1UZwNzZpharVs8saQxgwmUPGns9-BwHkn,HTML元数据明确给出当日星级；后续全量流程应继续用正文交叉验证
2025-07-30,4.7,4.7,4.7,4.7,exact,1.0,1.0,A股,realtime,derived/star_target_2025_2026.csv,direct_article_evidence,closing_statement,到收盘回到4.7星,auto_high_confidence,https://drive.google.com/file/d/1n-oxafubum0eMYI6DaQvUsaKLD5Ujql1/view?usp=drivesdk,1n-oxafubum0eMYI6DaQvUsaKLD5Ujql1,
2025-07-31,4.7,4.7,4.7,4.7,exact,1.0,1.0,A股,realtime,derived/star_target_2025_2026.csv,direct_article_evidence,closing_statement,截止到收盘，还在4.7星,auto_high_confidence,https://drive.google.com/file/d/1OW7H21hf8CumR6yy_BgMkkU6xoxXlPps/view?usp=drivesdk,1OW7H21hf8CumR6yy_BgMkkU6xoxXlPps,
2025-08-01,4.7,4.7,4.7,4.7,exact,0.995,0.995,A股,realtime,derived/star_target_2025_2026.csv,direct_article_evidence,today_market_statement,今天大盘整体微跌，波动不大，还在4.7星,auto_high_confidence,https://drive.google.com/file/d/16esp_Xo4QoeN9fOq0w83joe-xGPEulWw/view?usp=drivesdk,16esp_Xo4QoeN9fOq0w83joe-xGPEulWw,
2025-08-04,4.7,4.7,4.7,4.7,exact,1.0,1.0,A股,realtime,derived/star_target_2025_2026.csv,direct_article_evidence,closing_statement,截止到收盘，还在4.7星,auto_high_confidence,https://drive.google.com/file/d/1p7MJWsewZWZKbQ4WOYPaMS4upZi4k7Zc/view?usp=drivesdk,1p7MJWsewZWZKbQ4WOYPaMS4upZi4k7Zc,
2025-08-05,4.7,4.7,4.7,4.7,exact,1.0,1.0,A股,realtime,derived/star_target_2025_2026.csv,direct_article_evidence,closing_statement,截止到收盘，还在4.7星,auto_high_confidence,https://drive.google.com/file/d/17SK8WkY5x9YsIJBCjBzi5JqHYXoRSH26/view?usp=drivesdk,17SK8WkY5x9YsIJBCjBzi5JqHYXoRSH26,
2025-08-06,4.6,4.6,4.6,4.6,exact,1.0,1.0,A股,realtime,derived/star_target_2025_2026.csv,direct_article_evidence,closing_statement,截止到收盘，回到4.6星,auto_high_confidence,https://drive.google.com/file/d/1woOO5Fzmi2mjDufAA9Vwevvm9U1BbSPC/view?usp=drivesdk,1woOO5Fzmi2mjDufAA9Vwevvm9U1BbSPC,
2025-08-07,4.6,4.6,4.6,4.6,exact,1.0,1.0,A股,realtime,derived/star_target_2025_2026.csv,direct_article_evidence,closing_statement,收盘反弹，中证全指略微下跌，波动不大，还在4.6星,auto_high_confidence,https://drive.google.com/file/d/1tY-a8yu0kGYezU68mKLTxMYmuE2eWqeh/view?usp=drivesdk,1tY-a8yu0kGYezU68mKLTxMYmuE2eWqeh,
2025-08-08,4.6,4.6,4.6,4.6,exact,1.0,1.0,A股,realtime,derived/star_target_2025_2026.csv,direct_article_evidence,closing_statement,截止到收盘，还在4.6星,auto_high_confidence,https://drive.google.com/file/d/11LPm44VZGajkUGPO7heY3l0P16hLM1tB/view?usp=drivesdk,11LPm44VZGajkUGPO7heY3l0P16hLM1tB,
2025-08-11,4.6,4.6,4.6,4.6,exact,1.0,1.0,A股,realtime,derived/star_target_2025_2026.csv,direct_article_evidence,closing_statement,截止到收盘，还在4.6星,auto_high_confidence,https://drive.google.com/file/d/1IS8PBK22oTtpUi6FLQAYtXnvyp93Sr7a/view?usp=drivesdk,1IS8PBK22oTtpUi6FLQAYtXnvyp93Sr7a,
2025-08-12,4.6,4.6,4.6,4.6,exact,1.0,1.0,A股,realtime,derived/star_target_2025_2026.csv,direct_article_evidence,closing_statement,到收盘又拉涨起来，还在4.6星,auto_high_confidence,https://drive.google.com/file/d/12-96J8On_VBf52JVl7eYBxw9ASLR88nQ/view?usp=drivesdk,12-96J8On_VBf52JVl7eYBxw9ASLR88nQ,
2025-08-13,4.5,4.5,4.5,4.5,exact,1.0,1.0,A股,realtime,derived/star_target_2025_2026.csv,direct_article_evidence,closing_statement,截止到收盘，大盘回到4.5星,auto_high_confidence,https://drive.google.com/file/d/1RFHZcEbzJspIK6B5EzW02lXIQVjdIG2s/view?usp=drivesdk,1RFHZcEbzJspIK6B5EzW02lXIQVjdIG2s,
2025-08-14,4.6,4.6,4.6,4.6,exact,0.995,0.995,A股,realtime,derived/star_target_2025_2026.csv,direct_article_evidence,today_market_statement,今天大盘迎来回调，回到4.6星,auto_high_confidence,https://drive.google.com/file/d/1VOmR-Db1j-1lpYN5YTmwcED-z12d_IgB/view?usp=drivesdk,1VOmR-Db1j-1lpYN5YTmwcED-z12d_IgB,
2025-08-15,4.5,4.5,4.5,4.5,exact,1.0,1.0,A股,realtime,derived/star_target_2025_2026.csv,direct_article_evidence,closing_statement,截止到收盘，整体上涨，又回到4.5星,auto_high_confidence,https://drive.google.com/file/d/1NFDkbJ1A9Un9i6BKFoJPazVJWiHALeDA/view?usp=drivesdk,1NFDkbJ1A9Un9i6BKFoJPazVJWiHALeDA,
2025-08-18,4.5,4.5,4.5,4.5,exact,1.0,1.0,A股,realtime,derived/star_target_2025_2026.csv,direct_article_evidence,closing_statement,到收盘涨幅回落，还在4.5星,auto_high_confidence,https://drive.google.com/file/d/1OmKbfO1qTSle--2iYklSGy_qqqSkfW1S/view?usp=drivesdk,1OmKbfO1qTSle--2iYklSGy_qqqSkfW1S,
2025-08-19,4.5,4.5,4.5,4.5,exact,1.0,1.0,A股,realtime,derived/star_target_2025_2026.csv,direct_article_evidence,closing_statement,到收盘略微下跌，还在4.5星,auto_high_confidence,https://drive.google.com/file/d/1-F2Or-khKBtx238UjRgwBXdv9ugJoob7/view?usp=drivesdk,1-F2Or-khKBtx238UjRgwBXdv9ugJoob7,
2025-08-20,4.4,4.4,4.4,4.4,exact,0.99,0.99,A股,realtime,derived/star_target_2025_2026.csv,direct_article_evidence,opening_state_statement,回到4.4星,auto_high_confidence,https://drive.google.com/file/d/1qLdY4u5lsnVyJoR40cX0qHhOaLatA_GO/view?usp=drivesdk,1qLdY4u5lsnVyJoR40cX0qHhOaLatA_GO,
2025-08-21,4.4,4.4,4.4,4.4,exact,0.995,0.995,A股,realtime,derived/star_target_2025_2026.csv,direct_article_evidence,today_market_statement,今天大盘整体微跌，中证全指下跌0.13%，还在4.4星,auto_high_confidence,https://drive.google.com/file/d/1afVFcU3OyhynWWYCCD5LXT8fLHZtJisk/view?usp=drivesdk,1afVFcU3OyhynWWYCCD5LXT8fLHZtJisk,
2025-08-22,4.3,4.3,4.3,4.3,exact,1.0,1.0,A股,realtime,derived/star_target_2025_2026.csv,direct_article_evidence,closing_statement,截止到收盘，回到了4.3星,auto_high_confidence,https://drive.google.com/file/d/1xdl5B7f7fjiYdkZa0EJa3pSWaglRD_Vt/view?usp=drivesdk,1xdl5B7f7fjiYdkZa0EJa3pSWaglRD_Vt,
2025-08-25,4.3,4.3,4.3,4.3,exact,1.0,1.0,A股,realtime,derived/star_target_2025_2026.csv,direct_article_evidence,closing_statement,截止到收盘，还在4.3星,auto_high_confidence,https://drive.google.com/file/d/1M36YW4glN7C5j1kvom_QYpF1bfzAcwVT/view?usp=drivesdk,1M36YW4glN7C5j1kvom_QYpF1bfzAcwVT,
2025-08-26,4.2,4.2,4.2,4.2,exact,0.7,0.7,A股,realtime,verified/daily_star_2025.csv,legacy_only_gap_fill,legacy_annual_exact_without_embedded_evidence,,needs_direct_evidence_audit,,daily_star_2025.csv,Kept only because no direct-pipeline or review-queue row exists for this trading date.
2025-08-27,4.3,4.3,4.3,4.3,exact,1.0,1.0,A股,realtime,derived/star_target_2025_2026.csv,direct_article_evidence,closing_statement,到收盘回到4.3星,auto_high_confidence,https://drive.google.com/file/d/16S82sSLGx_nAomqSpKewNceqGRjBB0u0/view?usp=drivesdk,16S82sSLGx_nAomqSpKewNceqGRjBB0u0,
2025-08-28,4.3,4.3,4.3,4.3,exact,1.0,1.0,A股,realtime,derived/star_target_2025_2026.csv,direct_article_evidence,closing_statement,收盘前大幅上涨，中证全指上涨1.5%，还在4.3星,auto_high_confidence,https://drive.google.com/file/d/1ky888jrXHv1wa9cyPZfm_FMx17u57kbb/view?usp=drivesdk,1ky888jrXHv1wa9cyPZfm_FMx17u57kbb,
2025-08-29,4.3,4.3,4.3,4.3,exact,0.995,0.995,A股,realtime,derived/star_target_2025_2026.csv,direct_article_evidence,today_market_statement,今天大盘整体微涨，还在4.3星,auto_high_confidence,https://drive.google.com/file/d/1gSTuZzc1va9GRRczkOup-VTkHzxk0xW_/view?usp=drivesdk,1gSTuZzc1va9GRRczkOup-VTkHzxk0xW_,
2025-09-01,4.2,4.2,4.2,4.2,exact,1.0,1.0,A股,realtime,derived/star_target_2025_2026.csv,direct_article_evidence,closing_statement,截止到收盘，回到4.2星,auto_high_confidence,https://drive.google.com/file/d/1bGtZPm5y9YlFwpIWtpN_vVnUHXcmFwdu/view?usp=drivesdk,1bGtZPm5y9YlFwpIWtpN_vVnUHXcmFwdu,
2025-09-02,4.3,4.3,4.3,4.3,exact,0.995,0.995,A股,realtime,derived/star_target_2025_2026.csv,direct_article_evidence,today_market_statement,今天大盘迎来回调，中证全指下跌1.74%，回到4.3星,auto_high_confidence,https://drive.google.com/file/d/1T3CvujQ0NuwMPn-aFLEBkTYC8i7ORpl8/view?usp=drivesdk,1T3CvujQ0NuwMPn-aFLEBkTYC8i7ORpl8,
2025-09-03,4.3,4.3,4.3,4.3,exact,1.0,1.0,A股,realtime,derived/star_target_2025_2026.csv,direct_article_evidence,closing_statement,截止收盘，还在4.3星,auto_high_confidence,https://drive.google.com/file/d/1WsQSGKHExno6fB1_MXDdhNgBWkj5a82v/view?usp=drivesdk,1WsQSGKHExno6fB1_MXDdhNgBWkj5a82v,
2025-09-04,4.4,4.4,4.4,4.4,exact,1.0,1.0,A股,realtime,derived/star_target_2025_2026.csv,direct_article_evidence,closing_statement,截止到收盘，回到4.4星,auto_high_confidence,https://drive.google.com/file/d/1VANPVJPC0B2Gheh547odIi5BNBmV_GhF/view?usp=drivesdk,1VANPVJPC0B2Gheh547odIi5BNBmV_GhF,
2025-09-05,4.3,4.3,4.3,4.3,exact,1.0,1.0,A股,realtime,derived/star_target_2025_2026.csv,direct_article_evidence,closing_statement,截止到收盘，又回到4.3星,auto_high_confidence,https://drive.google.com/file/d/1NgvbMQEsTpwmc4e_-GL7T6HiYABFZCv_/view?usp=drivesdk,1NgvbMQEsTpwmc4e_-GL7T6HiYABFZCv_,
2025-09-08,4.3,4.3,4.3,4.3,exact,1.0,1.0,A股,realtime,derived/star_target_2025_2026.csv,direct_article_evidence,closing_statement,截止到收盘，整体微涨，还在4.3星,auto_high_confidence,https://drive.google.com/file/d/1l8mlKKz1hsKE_-6nu0HQlmx4xjb_jAWH/view?usp=drivesdk,1l8mlKKz1hsKE_-6nu0HQlmx4xjb_jAWH,
2025-09-09,4.3,4.3,4.3,4.3,exact,0.995,0.995,A股,realtime,derived/star_target_2025_2026.csv,direct_article_evidence,today_market_statement,今天A股大盘微跌，波动不大，还在4.3星,auto_high_confidence,https://drive.google.com/file/d/1G2w8Y_weOrWlV7vvb3iIWlF7jczE_q3a/view?usp=drivesdk,1G2w8Y_weOrWlV7vvb3iIWlF7jczE_q3a,
2025-09-10,4.3,4.3,4.3,4.3,exact,1.0,1.0,A股,realtime,derived/star_target_2025_2026.csv,direct_article_evidence,closing_statement,截止到收盘，还在4.3星,auto_high_confidence,https://drive.google.com/file/d/1n_Oce5sqxP2WjAVrJzj6N-u5eyKtlHQ_/view?usp=drivesdk,1n_Oce5sqxP2WjAVrJzj6N-u5eyKtlHQ_,
2025-09-11,4.2,4.2,4.2,4.2,exact,1.0,1.0,A股,realtime,derived/star_target_2025_2026.csv,direct_article_evidence,closing_statement,截止到收盘，回到4.2星,auto_high_confidence,https://drive.google.com/file/d/19unw5HblEqz2rFMbzKxEn3tMZ6ptA97I/view?usp=drivesdk,19unw5HblEqz2rFMbzKxEn3tMZ6ptA97I,
2025-09-12,4.2,4.2,4.2,4.2,exact,1.0,1.0,A股,realtime,derived/star_target_2025_2026.csv,direct_article_evidence,closing_statement,截止到收盘，还在4.2星,auto_high_confidence,https://drive.google.com/file/d/1jOoX0fE1l7MI-1NIlBkUpVUZ-nlcTlGW/view?usp=drivesdk,1jOoX0fE1l7MI-1NIlBkUpVUZ-nlcTlGW,
2025-09-15,4.2,4.2,4.2,4.2,exact,1.0,1.0,A股,realtime,derived/star_target_2025_2026.csv,direct_article_evidence,closing_statement,到收盘时涨幅回落，微涨微跌，还在4.2星,auto_high_confidence,https://drive.google.com/file/d/1dmyQ0HGrizX2cce94abUZ29G1pFYx0Ai/view?usp=drivesdk,1dmyQ0HGrizX2cce94abUZ29G1pFYx0Ai,
2025-09-16,4.2,4.2,4.2,4.2,exact,1.0,1.0,A股,realtime,derived/star_target_2025_2026.csv,direct_article_evidence,closing_statement,到收盘反弹，全天下来略微上涨，还在4.2星,auto_high_confidence,https://drive.google.com/file/d/1J91agPu01yl2S0Z4KcUbkqVNzcAssppX/view?usp=drivesdk,1J91agPu01yl2S0Z4KcUbkqVNzcAssppX,
2025-09-17,4.2,4.2,4.2,4.2,exact,1.0,1.0,A股,realtime,derived/star_target_2025_2026.csv,direct_article_evidence,closing_statement,截止到收盘，整体上涨，还在4.2星,auto_high_confidence,https://drive.google.com/file/d/1EpcmIS65iVbfGPpujb8Uyn2Ko6HFfj2Q/view?usp=drivesdk,1EpcmIS65iVbfGPpujb8Uyn2Ko6HFfj2Q,
2025-09-18,4.2,4.2,4.2,4.2,exact,1.0,1.0,A股,realtime,derived/star_target_2025_2026.csv,direct_article_evidence,closing_statement,收盘还在4.2星,auto_high_confidence,https://drive.google.com/file/d/1_UverIY7BH4xNNssIS1K2iy0NfIGG2T_/view?usp=drivesdk,1_UverIY7BH4xNNssIS1K2iy0NfIGG2T_,
2025-09-19,4.2,4.2,4.2,4.2,exact,0.995,0.995,A股,realtime,derived/star_target_2025_2026.csv,direct_article_evidence,today_market_statement,今天大盘略微下跌，还在4.2星,auto_high_confidence,https://drive.google.com/file/d/1QTgjVUYCtHgcPRpb2iIjEsyfp44Kbr2P/view?usp=drivesdk,1QTgjVUYCtHgcPRpb2iIjEsyfp44Kbr2P,
2025-09-22,4.2,4.2,4.2,4.2,exact,0.99,0.99,A股,realtime,derived/star_target_2025_2026.csv,direct_article_evidence,opening_state_statement,还在4.2星,auto_high_confidence,https://drive.google.com/file/d/1kFSR3x67X0yYjzOkIw3XpJERpZIj2fLd/view?usp=drivesdk,1kFSR3x67X0yYjzOkIw3XpJERpZIj2fLd,
2025-09-23,4.2,4.2,4.2,4.2,exact,1.0,1.0,A股,realtime,derived/star_target_2025_2026.csv,direct_article_evidence,closing_statement,到收盘前又顽强的反弹了起来，还在4.2星,auto_high_confidence,https://drive.google.com/file/d/1osl8KQvT45anEp-uDvQqexIQ-IzJ9c5x/view?usp=drivesdk,1osl8KQvT45anEp-uDvQqexIQ-IzJ9c5x,
2025-09-24,4.2,4.2,4.2,4.2,exact,1.0,1.0,A股,realtime,derived/star_target_2025_2026.csv,direct_article_evidence,closing_statement,截止到收盘，还在4.2星,auto_high_confidence,https://drive.google.com/file/d/1r5vkIBYmffSs4TqLwR3Kq9AYL3i_norQ/view?usp=drivesdk,1r5vkIBYmffSs4TqLwR3Kq9AYL3i_norQ,
2025-09-25,4.2,4.2,4.2,4.2,exact,1.0,1.0,A股,realtime,derived/star_target_2025_2026.csv,direct_article_evidence,closing_statement,到收盘涨幅回落，还在4.2星,auto_high_confidence,https://drive.google.com/file/d/1WJhmSzr1-YXRutVZHbsyrineX6x2oUA0/view?usp=drivesdk,1WJhmSzr1-YXRutVZHbsyrineX6x2oUA0,
2025-09-26,4.2,4.2,4.2,4.2,exact,1.0,1.0,A股,realtime,derived/star_target_2025_2026.csv,direct_article_evidence,closing_statement,截止到收盘，还在4.2星,auto_high_confidence,https://drive.google.com/file/d/1QMppdySyr8G0EXFz8mL2DHboY-Thog3e/view?usp=drivesdk,1QMppdySyr8G0EXFz8mL2DHboY-Thog3e,
2025-09-29,4.2,4.2,4.2,4.2,exact,1.0,1.0,A股,realtime,derived/star_target_2025_2026.csv,direct_article_evidence,closing_statement,截止到收盘，还在4.2星,auto_high_confidence,https://drive.google.com/file/d/1CpDXoz4Xe_j0W2rWQEQ9VOMsL9aw2hsu/view?usp=drivesdk,1CpDXoz4Xe_j0W2rWQEQ9VOMsL9aw2hsu,
2025-09-30,4.1,4.1,4.1,4.1,exact,1.0,1.0,A股,realtime,derived/star_target_2025_2026.csv,direct_article_evidence,manual_verification,今天大盘整体上涨，截止到收盘，回到4.1星。,verified_manual,https://drive.google.com/file/d/15tz95ooTiDoR7hQ1t_zhKRMO6Yxyt3ek/view?usp=drivesdk,15tz95ooTiDoR7hQ1t_zhKRMO6Yxyt3ek,正文明确给出当日收盘星级
2025-10-09,4.1,4.1,4.1,4.1,exact,1.0,1.0,A股,realtime,derived/star_target_2025_2026.csv,direct_article_evidence,closing_statement,截止到收盘，还在4.1星,auto_high_confidence,https://drive.google.com/file/d/1pJhtiyJDgAplyrtIfblt9il13SsZl648/view?usp=drivesdk,1pJhtiyJDgAplyrtIfblt9il13SsZl648,
2025-10-10,4.1,4.1,4.1,4.1,exact,1.0,1.0,A股,realtime,derived/star_target_2025_2026.csv,direct_article_evidence,closing_statement,截止到收盘，还在4.1星,auto_high_confidence,https://drive.google.com/file/d/1V4pTRQYvCoaONu__klifFqmggYuuSKRH/view?usp=drivesdk,1V4pTRQYvCoaONu__klifFqmggYuuSKRH,
2025-10-13,4.2,4.2,4.2,4.2,exact,1.0,1.0,A股,realtime,derived/star_target_2025_2026.csv,direct_article_evidence,closing_statement,到收盘大盘微跌，还在4.2星,auto_high_confidence,https://drive.google.com/file/d/1-LmekYLGt9Kkvwl1X1obp4o021tnDvIw/view?usp=drivesdk,1-LmekYLGt9Kkvwl1X1obp4o021tnDvIw,
2025-10-14,4.2,4.2,4.2,4.2,exact,0.995,0.995,A股,realtime,derived/star_target_2025_2026.csv,direct_article_evidence,today_market_statement,今天大盘整体下跌，还在4.2星,auto_high_confidence,https://drive.google.com/file/d/1hM5Qqwj5cM1TphiVvKQcGp6nYkRmF6_F/view?usp=drivesdk,1hM5Qqwj5cM1TphiVvKQcGp6nYkRmF6_F,
2025-10-15,4.2,4.2,4.2,4.2,exact,1.0,1.0,A股,realtime,derived/star_target_2025_2026.csv,direct_article_evidence,closing_statement,截止到收盘，还在4.2星,auto_high_confidence,https://drive.google.com/file/d/1_FNQMNJfqYHgVuaEKW40LiGL_5MDOtvu/view?usp=drivesdk,1_FNQMNJfqYHgVuaEKW40LiGL_5MDOtvu,
2025-10-16,4.2,4.2,4.2,4.2,exact,0.995,0.995,A股,realtime,derived/star_target_2025_2026.csv,direct_article_evidence,today_market_statement,今天大盘整体微跌，中证全指下跌0.44%，还在4.2星,auto_high_confidence,https://drive.google.com/file/d/1fIdiHBWBRdjN2DVNCNxZADFEqN8zOyDK/view?usp=drivesdk,1fIdiHBWBRdjN2DVNCNxZADFEqN8zOyDK,
2025-10-17,4.3,4.3,4.3,4.3,exact,1.0,1.0,A股,realtime,derived/star_target_2025_2026.csv,direct_article_evidence,closing_statement,截止到收盘，中证全指下跌2.55%，回到4.3星,auto_high_confidence,https://drive.google.com/file/d/1fxv9ykEDFIWxz9R8bPiKEaPfIXfY3TuP/view?usp=drivesdk,1fxv9ykEDFIWxz9R8bPiKEaPfIXfY3TuP,
2025-10-20,4.3,4.3,4.3,4.3,exact,0.995,0.995,A股,realtime,derived/star_target_2025_2026.csv,direct_article_evidence,today_market_statement,今天大盘整体上涨，还在4.3星,auto_high_confidence,https://drive.google.com/file/d/1FVkZAVf0xwEWNEFEpiWRzd4QEF_PxiiF/view?usp=drivesdk,1FVkZAVf0xwEWNEFEpiWRzd4QEF_PxiiF,
2025-10-21,4.2,4.2,4.2,4.2,exact,0.995,0.995,A股,realtime,derived/star_target_2025_2026.csv,direct_article_evidence,today_market_statement,今天大盘整体上涨，回到了4.2星,auto_high_confidence,https://drive.google.com/file/d/16xigwWk7YXHg5cDrkzEAAKRYkUsENsY6/view?usp=drivesdk,16xigwWk7YXHg5cDrkzEAAKRYkUsENsY6,
2025-10-22,4.2,4.2,4.2,4.2,exact,1.0,1.0,A股,realtime,derived/star_target_2025_2026.csv,direct_article_evidence,closing_statement,截止到收盘，还在4.2星,auto_high_confidence,https://drive.google.com/file/d/1OpKQi6VPrf1qRa5GFcJdvyoPn7AtPT9T/view?usp=drivesdk,1OpKQi6VPrf1qRa5GFcJdvyoPn7AtPT9T,
2025-10-23,4.2,4.2,4.2,4.2,exact,1.0,1.0,A股,realtime,derived/star_target_2025_2026.csv,direct_article_evidence,closing_statement,到收盘，跌幅缩小，全天波动不大，还在4.2星,auto_high_confidence,https://drive.google.com/file/d/184mxxDMULha8XT_g1AZwD4Etyu--RKJb/view?usp=drivesdk,184mxxDMULha8XT_g1AZwD4Etyu--RKJb,
2025-10-24,4.2,4.2,4.2,4.2,exact,1.0,1.0,A股,realtime,derived/star_target_2025_2026.csv,direct_article_evidence,closing_statement,截止到收盘，在4.2星,auto_high_confidence,https://drive.google.com/file/d/1RkE5dlvp3j6SuJk-zNNy8S6JmPjUk6t9/view?usp=drivesdk,1RkE5dlvp3j6SuJk-zNNy8S6JmPjUk6t9,
2025-10-27,4.1,4.1,4.1,4.1,exact,1.0,1.0,A股,realtime,derived/star_target_2025_2026.csv,direct_article_evidence,closing_statement,截止到收盘，回到4.1星,auto_high_confidence,https://drive.google.com/file/d/1eLErwdLkVEFqHZjTyrZC40TczVJr55fd/view?usp=drivesdk,1eLErwdLkVEFqHZjTyrZC40TczVJr55fd,
2025-10-28,4.1,4.1,4.1,4.1,exact,1.0,1.0,A股,realtime,derived/star_target_2025_2026.csv,direct_article_evidence,closing_statement,到收盘变成微跌，还在4.1星,auto_high_confidence,https://drive.google.com/file/d/1eDoz64aqYMaYg-oYFS_oIzyUE3moBUJH/view?usp=drivesdk,1eDoz64aqYMaYg-oYFS_oIzyUE3moBUJH,
2025-10-29,4.1,4.1,4.1,4.1,exact,1.0,1.0,A股,realtime,derived/star_target_2025_2026.csv,direct_article_evidence,closing_statement,截止到收盘，还在4.1星,auto_high_confidence,https://drive.google.com/file/d/1RLvz52JW6NESkbQtKR435-HpHUCtw_1A/view?usp=drivesdk,1RLvz52JW6NESkbQtKR435-HpHUCtw_1A,
2025-10-30,4.1,4.1,4.1,4.1,exact,0.995,0.995,A股,realtime,derived/star_target_2025_2026.csv,direct_article_evidence,today_market_statement,今天大盘整体下跌，还在4.1星,auto_high_confidence,https://drive.google.com/file/d/18rF2SZnLPbJgIgakzeUavD51Ai9LmZSe/view?usp=drivesdk,18rF2SZnLPbJgIgakzeUavD51Ai9LmZSe,
2025-10-31,4.1,4.1,4.1,4.1,exact,0.995,0.995,A股,realtime,derived/star_target_2025_2026.csv,direct_article_evidence,today_market_statement,今天大盘整体下跌，还在4.1星,auto_high_confidence,https://drive.google.com/file/d/1nyv0SeUolF27d7l5p6s7N_V7wBmnU5Wk/view?usp=drivesdk,1nyv0SeUolF27d7l5p6s7N_V7wBmnU5Wk,
2025-11-03,4.1,4.1,4.1,4.1,exact,1.0,1.0,A股,realtime,derived/star_target_2025_2026.csv,direct_article_evidence,closing_statement,到收盘整体微涨，还在4.1星,auto_high_confidence,https://drive.google.com/file/d/1USgmuIst7SA_A75gnOjNZgRebOENxVjz/view?usp=drivesdk,1USgmuIst7SA_A75gnOjNZgRebOENxVjz,
2025-11-04,4.2,4.2,4.2,4.2,exact,1.0,1.0,A股,realtime,derived/star_target_2025_2026.csv,direct_article_evidence,closing_statement,截止到收盘，回到4.2星,auto_high_confidence,https://drive.google.com/file/d/1JQUBVDjruCpDdIA10ezqdcj_I3TL-FiU/view?usp=drivesdk,1JQUBVDjruCpDdIA10ezqdcj_I3TL-FiU,
2025-11-05,4.2,4.2,4.2,4.2,exact,1.0,1.0,A股,realtime,derived/star_target_2025_2026.csv,direct_article_evidence,closing_statement,到收盘整体上涨，波动不大，还在4.2星,auto_high_confidence,https://drive.google.com/file/d/1TbYx6gTOJ8u4pOnV1C9DkkRNrraWN4x1/view?usp=drivesdk,1TbYx6gTOJ8u4pOnV1C9DkkRNrraWN4x1,
2025-11-06,4.1,4.1,4.1,4.1,exact,1.0,1.0,A股,realtime,derived/star_target_2025_2026.csv,direct_article_evidence,closing_statement,截止到收盘，回到4.1星,auto_high_confidence,https://drive.google.com/file/d/1462XrhUBJKyUZVHSDyGuCK7c5bElerWl/view?usp=drivesdk,1462XrhUBJKyUZVHSDyGuCK7c5bElerWl,
2025-11-07,4.1,4.1,4.1,4.1,exact,0.995,0.995,A股,realtime,derived/star_target_2025_2026.csv,direct_article_evidence,today_market_statement,今天大盘略微下跌，波动不大，还在4.1星,auto_high_confidence,https://drive.google.com/file/d/1zA2IYACbM7kCY5DqKnSy2HvzagZkoFov/view?usp=drivesdk,1zA2IYACbM7kCY5DqKnSy2HvzagZkoFov,
2025-11-10,4.1,4.1,4.1,4.1,exact,0.995,0.995,A股,realtime,derived/star_target_2025_2026.csv,direct_article_evidence,today_market_statement,今天大盘整体微涨，波动不大，还在4.1星,auto_high_confidence,https://drive.google.com/file/d/1NKpspoUc-og8HPgLiS4egqgkc8f_GK2O/view?usp=drivesdk,1NKpspoUc-og8HPgLiS4egqgkc8f_GK2O,
2025-11-11,4.1,4.1,4.1,4.1,exact,0.995,0.995,A股,realtime,derived/star_target_2025_2026.csv,direct_article_evidence,today_market_statement,今天大盘略微下跌，波动不大，还在4.1星,auto_high_confidence,https://drive.google.com/file/d/1d-K1TZ1TWFjQL-13zhb3VlVeoXpqSOBW/view?usp=drivesdk,1d-K1TZ1TWFjQL-13zhb3VlVeoXpqSOBW,
2025-11-12,4.1,4.1,4.1,4.1,exact,0.995,0.995,A股,realtime,derived/star_target_2025_2026.csv,direct_article_evidence,today_market_statement,今天大盘整体微跌，中证全指下跌0.41%，波动不大，还在4.1星,auto_high_confidence,https://drive.google.com/file/d/1s8zaQW4JBdJh6bSra20A795pB5Ve-xoQ/view?usp=drivesdk,1s8zaQW4JBdJh6bSra20A795pB5Ve-xoQ,
2025-11-13,4.1,4.1,4.1,4.1,exact,1.0,1.0,A股,realtime,derived/star_target_2025_2026.csv,direct_article_evidence,closing_statement,截止到收盘，大盘还在4.1星,auto_high_confidence,https://drive.google.com/file/d/1_cSRh3b314nZK6vZurlGELIsEA5tmLk2/view?usp=drivesdk,1_cSRh3b314nZK6vZurlGELIsEA5tmLk2,
2025-11-14,4.1,4.1,4.1,4.1,exact,0.995,0.995,A股,realtime,derived/star_target_2025_2026.csv,direct_article_evidence,today_market_statement,今天大盘整体下跌，还在4.1星,auto_high_confidence,https://drive.google.com/file/d/1xswA6OdIdsg-no8q6yj3splTYq28C3uA/view?usp=drivesdk,1xswA6OdIdsg-no8q6yj3splTYq28C3uA,
2025-11-17,4.1,4.1,4.1,4.1,exact,0.995,0.995,A股,realtime,derived/star_target_2025_2026.csv,direct_article_evidence,today_market_statement,今天大盘略微下跌，波动不大，还在4.1星,auto_high_confidence,https://drive.google.com/file/d/1s9o15D_ROqNspZhmFkJhQvjjjtbdFND7/view?usp=drivesdk,1s9o15D_ROqNspZhmFkJhQvjjjtbdFND7,
2025-11-18,4.2,4.2,4.2,4.2,exact,1.0,1.0,A股,realtime,derived/star_target_2025_2026.csv,direct_article_evidence,closing_statement,截止到收盘，回到4.2星,auto_high_confidence,https://drive.google.com/file/d/1YY6zFa4wrd6XNKG5SoLzVbI-b0WQL7KP/view?usp=drivesdk,1YY6zFa4wrd6XNKG5SoLzVbI-b0WQL7KP,
2025-11-19,4.2,4.2,4.2,4.2,exact,0.995,0.995,A股,realtime,derived/star_target_2025_2026.csv,direct_article_evidence,today_market_statement,今天大盘略微下跌，中证全指下跌0.28%，还在4.2星,auto_high_confidence,https://drive.google.com/file/d/162pZ9jdXfdZLs97OYaITaCpNbNqGGajy/view?usp=drivesdk,162pZ9jdXfdZLs97OYaITaCpNbNqGGajy,
2025-11-20,4.2,4.2,4.2,4.2,exact,1.0,1.0,A股,realtime,derived/star_target_2025_2026.csv,direct_article_evidence,closing_statement,截止到收盘，还在4.2星,auto_high_confidence,https://drive.google.com/file/d/1IEbFkBTFnZdlQjQxi2jZu-UbJZ2j9sf4/view?usp=drivesdk,1IEbFkBTFnZdlQjQxi2jZu-UbJZ2j9sf4,
2025-11-21,4.4,4.4,4.4,4.4,exact,0.995,0.995,A股,realtime,derived/star_target_2025_2026.csv,direct_article_evidence,today_market_statement,今天大盘下跌较多，一口气回到4.4星,auto_high_confidence,https://drive.google.com/file/d/1oFdTnqxLCHd_f-qPkwOhU78DIg286kRa/view?usp=drivesdk,1oFdTnqxLCHd_f-qPkwOhU78DIg286kRa,
2025-11-24,4.4,4.4,4.4,4.4,exact,1.0,1.0,A股,realtime,derived/star_target_2025_2026.csv,direct_article_evidence,closing_statement,到收盘变成上涨，还在4.4星,auto_high_confidence,https://drive.google.com/file/d/1tMdfIYWf744-PD8hrAYXCYZvdHB7P4jh/view?usp=drivesdk,1tMdfIYWf744-PD8hrAYXCYZvdHB7P4jh,
2025-11-25,4.3,4.3,4.3,4.3,exact,1.0,1.0,A股,realtime,derived/star_target_2025_2026.csv,direct_article_evidence,closing_statement,截止到收盘，回到4.3星,auto_high_confidence,https://drive.google.com/file/d/1uh7Y_sM6z1dMFDcsd1XiPdPXE1K2-Eg6/view?usp=drivesdk,1uh7Y_sM6z1dMFDcsd1XiPdPXE1K2-Eg6,
2025-11-26,4.3,4.3,4.3,4.3,exact,1.0,1.0,A股,realtime,derived/star_target_2025_2026.csv,direct_article_evidence,closing_statement,截止到收盘，还在4.3星,auto_high_confidence,https://drive.google.com/file/d/1pGgLCMyzTW-MC1NE37fQO-E0udW5fYwN/view?usp=drivesdk,1pGgLCMyzTW-MC1NE37fQO-E0udW5fYwN,
2025-11-27,4.3,4.3,4.3,4.3,exact,1.0,1.0,A股,realtime,derived/star_target_2025_2026.csv,direct_article_evidence,closing_statement,到收盘回落，大盘整体波动不大，还在4.3星,auto_high_confidence,https://drive.google.com/file/d/1pvb3kzLcMMeWiDzG1luVQSEfmGdGF-X_/view?usp=drivesdk,1pvb3kzLcMMeWiDzG1luVQSEfmGdGF-X_,
2025-11-28,4.2,4.2,4.2,4.2,exact,1.0,1.0,A股,realtime,derived/star_target_2025_2026.csv,direct_article_evidence,closing_statement,截止到收盘，回到4.2星,auto_high_confidence,https://drive.google.com/file/d/1ux09wpmlEVfJIivcK6TY01pU7S34evU6/view?usp=drivesdk,1ux09wpmlEVfJIivcK6TY01pU7S34evU6,
2025-12-01,4.2,4.2,4.2,4.2,exact,1.0,1.0,A股,realtime,derived/star_target_2025_2026.csv,direct_article_evidence,closing_statement,截止到收盘，回到4.2星,auto_high_confidence,https://drive.google.com/file/d/1jdBb-9vCF917OmQp-hFEKeNT7amRoNL7/view?usp=drivesdk,1jdBb-9vCF917OmQp-hFEKeNT7amRoNL7,
2025-12-02,4.2,4.2,4.2,4.2,exact,1.0,1.0,A股,realtime,derived/star_target_2025_2026.csv,direct_article_evidence,closing_statement,到收盘跌幅缩小，还在4.2星,auto_high_confidence,https://drive.google.com/file/d/1aMEH0BCodnJ0XqdoDZ_qfaV6qZVTiAz0/view?usp=drivesdk,1aMEH0BCodnJ0XqdoDZ_qfaV6qZVTiAz0,
2025-12-03,4.3,4.3,4.3,4.3,exact,1.0,1.0,A股,realtime,derived/star_target_2025_2026.csv,direct_article_evidence,closing_statement,截止到收盘，回到4.3星,auto_high_confidence,https://drive.google.com/file/d/1higFvWvkmS6283ozNvO2-lAdQLZzLczL/view?usp=drivesdk,1higFvWvkmS6283ozNvO2-lAdQLZzLczL,
2025-12-04,4.3,4.3,4.3,4.3,exact,1.0,1.0,A股,realtime,derived/star_target_2025_2026.csv,direct_article_evidence,closing_statement,截止到收盘，还在4.3星,auto_high_confidence,https://drive.google.com/file/d/1Rri2BZxP5-icBF6uDAw1qKyJVMynqZVj/view?usp=drivesdk,1Rri2BZxP5-icBF6uDAw1qKyJVMynqZVj,
2025-12-05,4.2,4.2,4.2,4.2,exact,0.995,0.995,A股,realtime,derived/star_target_2025_2026.csv,direct_article_evidence,today_market_statement,今天大盘低开高走，整体上涨，回到4.2星,auto_high_confidence,https://drive.google.com/file/d/15YxyFGYmRejkYz1Mhh150rk2nlWNvQ4N/view?usp=drivesdk,15YxyFGYmRejkYz1Mhh150rk2nlWNvQ4N,
2025-12-08,4.2,4.2,4.2,4.2,exact,1.0,1.0,A股,realtime,derived/star_target_2025_2026.csv,direct_article_evidence,closing_statement,截止到收盘，还在4.2星,auto_high_confidence,https://drive.google.com/file/d/1eTPS7z2Q1bjzeWT696GI0F-YXIlprgyu/view?usp=drivesdk,1eTPS7z2Q1bjzeWT696GI0F-YXIlprgyu,
2025-12-09,4.2,4.2,4.2,4.2,exact,1.0,1.0,A股,realtime,derived/star_target_2025_2026.csv,direct_article_evidence,closing_statement,截止到收盘，还在4.2星,auto_high_confidence,https://drive.google.com/file/d/1OmyRAy42GMFzWWYdVJN7nlFZ_wS5l0RL/view?usp=drivesdk,1OmyRAy42GMFzWWYdVJN7nlFZ_wS5l0RL,
2025-12-10,4.2,4.2,4.2,4.2,exact,0.99,0.99,A股,realtime,derived/star_target_2025_2026.csv,direct_article_evidence,opening_state_statement,还在4.2星,auto_high_confidence,https://drive.google.com/file/d/1bBYkxLVaVenJaOGonVslENZ8C8NSPad2/view?usp=drivesdk,1bBYkxLVaVenJaOGonVslENZ8C8NSPad2,
2025-12-11,4.2,4.2,4.2,4.2,exact,1.0,1.0,A股,realtime,derived/star_target_2025_2026.csv,direct_article_evidence,closing_statement,截止到收盘，还在4.2星,auto_high_confidence,https://drive.google.com/file/d/1T17Y8ndwNyQLbru2kIZDudTdQjus-Qpq/view?usp=drivesdk,1T17Y8ndwNyQLbru2kIZDudTdQjus-Qpq,
2025-12-12,4.2,4.2,4.2,4.2,exact,1.0,1.0,A股,realtime,derived/star_target_2025_2026.csv,direct_article_evidence,closing_statement,截止到收盘，还在4.2星,auto_high_confidence,https://drive.google.com/file/d/1gNv8tkmF7b_jMe4Lnk2-VgvBrUGi9bqE/view?usp=drivesdk,1gNv8tkmF7b_jMe4Lnk2-VgvBrUGi9bqE,
2025-12-15,4.2,4.2,4.2,4.2,exact,1.0,1.0,A股,realtime,derived/star_target_2025_2026.csv,direct_article_evidence,closing_statement,截止到收盘，还在4.2星,auto_high_confidence,https://drive.google.com/file/d/1-e3qRJt3LYl1x8tKW_S5YAL6J2OI-jhx/view?usp=drivesdk,1-e3qRJt3LYl1x8tKW_S5YAL6J2OI-jhx,
2025-12-16,4.3,4.3,4.3,4.3,exact,1.0,1.0,A股,realtime,derived/star_target_2025_2026.csv,direct_article_evidence,closing_statement,截止到收盘，回到4.3星,auto_high_confidence,https://drive.google.com/file/d/1AzDvvpTNyx0HvijCT36it0gL-qUgxi6m/view?usp=drivesdk,1AzDvvpTNyx0HvijCT36it0gL-qUgxi6m,
2025-12-17,4.2,4.2,4.2,4.2,exact,1.0,1.0,A股,realtime,derived/star_target_2025_2026.csv,direct_article_evidence,closing_statement,到收盘的时候大盘上涨比较多，一口气回到4.2星,auto_high_confidence,https://drive.google.com/file/d/1lSHESd7bvFAAtQhBSQ9VY3cNJCY-fd17/view?usp=drivesdk,1lSHESd7bvFAAtQhBSQ9VY3cNJCY-fd17,
2025-12-18,4.2,4.2,4.2,4.2,exact,0.995,0.995,A股,realtime,derived/star_target_2025_2026.csv,direct_article_evidence,today_market_statement,今天大盘略微下跌，中证全指下跌0.39%，波动不大，还在4.2星,auto_high_confidence,https://drive.google.com/file/d/1enQhGtfv5W1oMnWv4yBu3dfuGUUPJT6U/view?usp=drivesdk,1enQhGtfv5W1oMnWv4yBu3dfuGUUPJT6U,
2025-12-19,4.2,4.2,4.2,4.2,exact,1.0,1.0,A股,realtime,derived/star_target_2025_2026.csv,direct_article_evidence,closing_statement,截止到收盘，还在4.2星,auto_high_confidence,https://drive.google.com/file/d/1o_go9fYyaLrKIle-C53vjlvZ9IytDQvv/view?usp=drivesdk,1o_go9fYyaLrKIle-C53vjlvZ9IytDQvv,
2025-12-22,4.2,4.2,4.2,4.2,exact,1.0,1.0,A股,realtime,derived/star_target_2025_2026.csv,direct_article_evidence,closing_statement,截止到收盘还在4.2星,auto_high_confidence,https://drive.google.com/file/d/1opzYmefFkw0-i7fjf7ICn7nf8HqL7urZ/view?usp=drivesdk,1opzYmefFkw0-i7fjf7ICn7nf8HqL7urZ,
2025-12-23,4.2,4.2,4.2,4.2,exact,1.0,1.0,A股,realtime,derived/star_target_2025_2026.csv,direct_article_evidence,closing_statement,截止到收盘，还在4.2星,auto_high_confidence,https://drive.google.com/file/d/1K7fdDKqzmwsbG40BWgRQWrJb-j6W0hIE/view?usp=drivesdk,1K7fdDKqzmwsbG40BWgRQWrJb-j6W0hIE,
2025-12-24,4.1,4.1,4.1,4.1,exact,1.0,1.0,A股,realtime,derived/star_target_2025_2026.csv,direct_article_evidence,closing_statement,截止到收盘，回到4.1星,auto_high_confidence,https://drive.google.com/file/d/1dphllpe-BbWocNCbs5JW-mPJgGrjfTeF/view?usp=drivesdk,1dphllpe-BbWocNCbs5JW-mPJgGrjfTeF,
2025-12-25,4.1,4.1,4.1,4.1,exact,1.0,1.0,A股,realtime,derived/star_target_2025_2026.csv,direct_article_evidence,closing_statement,截止到收盘，还在4.1星,auto_high_confidence,https://drive.google.com/file/d/1wunhPjk9Frsp1CVKvIk-jaGtxMDah6qt/view?usp=drivesdk,1wunhPjk9Frsp1CVKvIk-jaGtxMDah6qt,
2025-12-26,4.1,4.1,4.1,4.1,exact,0.995,0.995,A股,realtime,derived/star_target_2025_2026.csv,direct_article_evidence,today_market_statement,今天大盘微涨微跌，波动不大，还在4.1星,auto_high_confidence,https://drive.google.com/file/d/19y1UuVZAOv9vIE6_4vUJaXsWOBosrZav/view?usp=drivesdk,19y1UuVZAOv9vIE6_4vUJaXsWOBosrZav,
2025-12-29,4.1,4.1,4.1,4.1,exact,1.0,1.0,A股,realtime,derived/star_target_2025_2026.csv,direct_article_evidence,closing_statement,到收盘的时候变成下跌，还在4.1星,auto_high_confidence,https://drive.google.com/file/d/1k5E05L_eTBFZNn5wOHJcLQLdPq-4IWLn/view?usp=drivesdk,1k5E05L_eTBFZNn5wOHJcLQLdPq-4IWLn,
2025-12-30,4.1,4.1,4.1,4.1,exact,1.0,1.0,A股,realtime,derived/star_target_2025_2026.csv,direct_article_evidence,closing_statement,截止到收盘，还在4.1星,auto_high_confidence,https://drive.google.com/file/d/1ouKGgHOr1upHFr--_jwInI9VeoyjZnh5/view?usp=drivesdk,1ouKGgHOr1upHFr--_jwInI9VeoyjZnh5,
2025-12-31,4.1,4.1,4.1,4.1,exact,1.0,1.0,A股,realtime,derived/star_target_2025_2026.csv,direct_article_evidence,closing_statement,到收盘变成下跌，还在4.1星,auto_high_confidence,https://drive.google.com/file/d/1zncPqY99A8GA3IY3e-bv0GExl45V4_mE/view?usp=drivesdk,1zncPqY99A8GA3IY3e-bv0GExl45V4_mE,
2026-01-05,4.0,4.0,4.0,4.0,exact,1.0,1.0,A股,realtime,derived/star_target_2025_2026.csv,direct_article_evidence,closing_statement,截止到收盘，A股整体回到4.0星,auto_high_confidence,https://drive.google.com/file/d/1g2UsjZGcAdS5ADN1uwIrDO83afMZbpQ4/view?usp=drivesdk,1g2UsjZGcAdS5ADN1uwIrDO83afMZbpQ4,
2026-01-06,3.9,3.9,3.9,3.9,exact,1.0,1.0,A股,realtime,derived/star_target_2025_2026.csv,direct_article_evidence,manual_verification,今天大盘整体上涨，截止到收盘，大盘回到3.9星。,verified_manual,https://drive.google.com/file/d/1PywA8IMBorWQeIFoHfp1vLNmReZB11Mx/view?usp=drivesdk,1PywA8IMBorWQeIFoHfp1vLNmReZB11Mx,标题只写3星级，正文给出精确3.9；应以正文为准
2026-01-07,3.9,3.9,3.9,3.9,exact,1.0,1.0,A股,realtime,derived/star_target_2025_2026.csv,direct_article_evidence,closing_statement,截止到收盘，还在3.9星,auto_high_confidence,https://drive.google.com/file/d/18EEBJXLAymfjP5hh9IMplnunX-HGMOkB/view?usp=drivesdk,18EEBJXLAymfjP5hh9IMplnunX-HGMOkB,
2026-01-08,3.9,3.9,3.9,3.9,exact,0.995,0.995,A股,realtime,derived/star_target_2025_2026.csv,direct_article_evidence,today_market_statement,今天大盘波动不大，还在3.9星,auto_high_confidence,https://drive.google.com/file/d/1tu40JTCTbxNPI-jRryEE2pFRTi9159Uo/view?usp=drivesdk,1tu40JTCTbxNPI-jRryEE2pFRTi9159Uo,
2026-01-09,3.8,3.8,3.8,3.8,exact,1.0,1.0,A股,realtime,derived/star_target_2025_2026.csv,direct_article_evidence,closing_statement,截止到收盘，大盘回到3.90星，距离3.8星,auto_high_confidence,https://drive.google.com/file/d/1smc1AftaMLtTlXuaAa2QSB9XWo0Q02hQ/view?usp=drivesdk,1smc1AftaMLtTlXuaAa2QSB9XWo0Q02hQ,
2026-01-12,3.8,3.8,3.8,3.8,exact,1.0,1.0,A股,realtime,derived/star_target_2025_2026.csv,direct_article_evidence,closing_statement,截止到收盘，回到3.8星,auto_high_confidence,https://drive.google.com/file/d/1SMPBkujNKzpINhwiS0HhgWl4HwmINYPR/view?usp=drivesdk,1SMPBkujNKzpINhwiS0HhgWl4HwmINYPR,
2026-01-13,3.8,3.8,3.8,3.8,exact,1.0,1.0,A股,realtime,derived/star_target_2025_2026.csv,direct_article_evidence,closing_statement,截止到收盘，还在3.8星,auto_high_confidence,https://drive.google.com/file/d/1QbtbedrccUPebObEb6J89EB3-eROUhe4/view?usp=drivesdk,1QbtbedrccUPebObEb6J89EB3-eROUhe4,
2026-01-14,3.7,3.7,3.7,3.7,exact,1.0,1.0,A股,realtime,derived/star_target_2025_2026.csv,direct_article_evidence,closing_statement,收盘的时候，达到3.7星,auto_high_confidence,https://drive.google.com/file/d/1DFpxrinAlXrLRO8AY5_OBxBOK6yYXcAw/view?usp=drivesdk,1DFpxrinAlXrLRO8AY5_OBxBOK6yYXcAw,
2026-01-15,3.8,3.8,3.8,3.8,exact,1.0,1.0,A股,realtime,derived/star_target_2025_2026.csv,direct_article_evidence,closing_statement,截止到收盘，还在3.8星,auto_high_confidence,https://drive.google.com/file/d/1ZQhnRinR1n6-pJzUHNBLTorjYlzkYIQj/view?usp=drivesdk,1ZQhnRinR1n6-pJzUHNBLTorjYlzkYIQj,
2026-01-16,3.8,3.8,3.8,3.8,exact,0.995,0.995,A股,realtime,derived/star_target_2025_2026.csv,direct_article_evidence,today_market_statement,今天大盘整体下跌，波动不大，还在3.8星,auto_high_confidence,https://drive.google.com/file/d/1TSHVuxBADu4-JxBo6yaKR5WcCzYEj48o/view?usp=drivesdk,1TSHVuxBADu4-JxBo6yaKR5WcCzYEj48o,
2026-01-19,3.8,3.8,3.8,3.8,exact,0.995,0.995,A股,realtime,derived/star_target_2025_2026.csv,direct_article_evidence,today_market_statement,今天大盘略微上涨，波动不大，还在3.8星,auto_high_confidence,https://drive.google.com/file/d/1rAD6_fqL1gC1Ap6fRkOYmgdJgrCmJya2/view?usp=drivesdk,1rAD6_fqL1gC1Ap6fRkOYmgdJgrCmJya2,
2026-01-20,3.8,3.8,3.8,3.8,exact,1.0,1.0,A股,realtime,derived/star_target_2025_2026.csv,direct_article_evidence,closing_statement,截止到收盘，还在3.8星,auto_high_confidence,https://drive.google.com/file/d/1iI5yJnPtArv0nr_0_932q9pnFbPfSwAE/view?usp=drivesdk,1iI5yJnPtArv0nr_0_932q9pnFbPfSwAE,
2026-01-21,3.8,3.8,3.8,3.8,exact,1.0,1.0,A股,realtime,derived/star_target_2025_2026.csv,direct_article_evidence,closing_statement,到收盘，还在3.8星,auto_high_confidence,https://drive.google.com/file/d/1aXqFQbFE15G1cBS7gunOq60a5cw5cXdE/view?usp=drivesdk,1aXqFQbFE15G1cBS7gunOq60a5cw5cXdE,
2026-01-22,3.8,3.8,3.8,3.8,exact,0.99,0.99,A股,realtime,derived/star_target_2025_2026.csv,direct_article_evidence,opening_state_statement,还在3.8星,auto_high_confidence,https://drive.google.com/file/d/1QGN04gyHOUrt08hUO0bMmQjctCqeFAY-/view?usp=drivesdk,1QGN04gyHOUrt08hUO0bMmQjctCqeFAY-,
2026-01-23,3.7,3.7,3.7,3.7,exact,1.0,1.0,A股,realtime,derived/star_target_2025_2026.csv,direct_article_evidence,closing_statement,截止到收盘，大盘回到3.7星,auto_high_confidence,https://drive.google.com/file/d/1e5le6Yu_cZXY6Io-3EzTe4rg-y4_ceBD/view?usp=drivesdk,1e5le6Yu_cZXY6Io-3EzTe4rg-y4_ceBD,
2026-01-26,3.8,3.8,3.8,3.8,exact,1.0,1.0,A股,realtime,derived/star_target_2025_2026.csv,direct_article_evidence,closing_statement,到收盘回落，波动不大，还在3.8星,auto_high_confidence,https://drive.google.com/file/d/1acbN0qp-EKdykfeIxaIHyHI3hTUcD8fD/view?usp=drivesdk,1acbN0qp-EKdykfeIxaIHyHI3hTUcD8fD,
2026-01-27,3.8,3.8,3.8,3.8,exact,0.995,0.995,A股,realtime,derived/star_target_2025_2026.csv,direct_article_evidence,today_market_statement,今天大盘波动不大，还在3.8星,auto_high_confidence,https://drive.google.com/file/d/1Df2Dj615P9_lKXYC0fSfSnyE8Uog6eTD/view?usp=drivesdk,1Df2Dj615P9_lKXYC0fSfSnyE8Uog6eTD,
2026-01-28,3.8,3.8,3.8,3.8,exact,1.0,1.0,A股,realtime,derived/star_target_2025_2026.csv,direct_article_evidence,closing_statement,截止到收盘，还在3.8星,auto_high_confidence,https://drive.google.com/file/d/1K_9_iR1YYo1wajNmB2eLZTPEAjNO4d4Y/view?usp=drivesdk,1K_9_iR1YYo1wajNmB2eLZTPEAjNO4d4Y,
2026-01-29,3.8,3.8,3.8,3.8,exact,0.995,0.995,A股,realtime,derived/star_target_2025_2026.csv,direct_article_evidence,today_market_statement,今天大盘整体微跌，波动不大，还在3.8星,auto_high_confidence,https://drive.google.com/file/d/1boi9bxInJv9M53i0it5lMd8MCqL2M5_l/view?usp=drivesdk,1boi9bxInJv9M53i0it5lMd8MCqL2M5_l,
2026-01-30,3.8,3.8,3.8,3.8,exact,1.0,1.0,A股,realtime,derived/star_target_2025_2026.csv,direct_article_evidence,closing_statement,截止到收盘，还在3.8星,auto_high_confidence,https://drive.google.com/file/d/1ANgdTyBdRAIpVqNkIBhLidY7hr1x_qAW/view?usp=drivesdk,1ANgdTyBdRAIpVqNkIBhLidY7hr1x_qAW,
2026-02-02,4.0,4.0,4.0,4.0,exact,0.99,0.99,A股,realtime,derived/star_target_2025_2026.csv,direct_article_evidence,opening_state_statement,回到4星级,auto_high_confidence,https://drive.google.com/file/d/1unHuGcybhLEuZSMO_aVdh6Nj8t2-Ppl0/view?usp=drivesdk,1unHuGcybhLEuZSMO_aVdh6Nj8t2-Ppl0,
2026-02-03,3.9,3.9,3.9,3.9,exact,1.0,1.0,A股,realtime,derived/star_target_2025_2026.csv,direct_article_evidence,closing_statement,截止到收盘，回到3.9星,auto_high_confidence,https://drive.google.com/file/d/1YC4BR2wxpH20-qOb5awmmFF8SC9RlNLi/view?usp=drivesdk,1YC4BR2wxpH20-qOb5awmmFF8SC9RlNLi,
2026-02-04,3.8,3.8,3.8,3.8,exact,1.0,1.0,A股,realtime,derived/star_target_2025_2026.csv,direct_article_evidence,closing_statement,截止到收盘，回到3.8星,auto_high_confidence,https://drive.google.com/file/d/1D_OAUZw9GCxopISesL79moIPRf9YF-2Z/view?usp=drivesdk,1D_OAUZw9GCxopISesL79moIPRf9YF-2Z,
2026-02-05,3.9,3.9,3.9,3.9,exact,1.0,1.0,A股,realtime,derived/star_target_2025_2026.csv,direct_article_evidence,closing_statement,到收盘跌幅缩小，还在3.9星,auto_high_confidence,https://drive.google.com/file/d/19iqp-1uMo81eIEvsDhxf_KJmgfwypUFl/view?usp=drivesdk,19iqp-1uMo81eIEvsDhxf_KJmgfwypUFl,
2026-02-06,3.9,3.9,3.9,3.9,exact,1.0,1.0,A股,realtime,derived/star_target_2025_2026.csv,direct_article_evidence,closing_statement,截止到收盘，还在3.9星,auto_high_confidence,https://drive.google.com/file/d/1jwP7qPh_Ee5ECGVbineUUKn5JnnZZm_W/view?usp=drivesdk,1jwP7qPh_Ee5ECGVbineUUKn5JnnZZm_W,
2026-02-09,3.8,3.8,3.8,3.8,exact,1.0,1.0,A股,realtime,derived/star_target_2025_2026.csv,direct_article_evidence,closing_statement,截止到收盘，回到3.8星,auto_high_confidence,https://drive.google.com/file/d/17cz0zdaPABg70WLR_W9j7IL4HZmgrh1m/view?usp=drivesdk,17cz0zdaPABg70WLR_W9j7IL4HZmgrh1m,
2026-02-10,3.8,3.8,3.8,3.8,exact,0.995,0.995,A股,realtime,derived/star_target_2025_2026.csv,direct_article_evidence,today_market_statement,今天大盘微涨微跌，波动不大，还在3.8星,auto_high_confidence,https://drive.google.com/file/d/17oEqs0vvKwGLd250RjoTEza7PqqDmmFi/view?usp=drivesdk,17oEqs0vvKwGLd250RjoTEza7PqqDmmFi,
2026-02-11,3.8,3.8,3.8,3.8,exact,0.995,0.995,A股,realtime,derived/star_target_2025_2026.csv,direct_article_evidence,today_market_statement,今天大盘略微下跌，波动不大，还在3.8星,auto_high_confidence,https://drive.google.com/file/d/1p92NWkEFoQ4GO84oqswHSqhnwzn9N1IV/view?usp=drivesdk,1p92NWkEFoQ4GO84oqswHSqhnwzn9N1IV,
2026-02-12,3.8,3.8,3.8,3.8,exact,1.0,1.0,A股,realtime,derived/star_target_2025_2026.csv,direct_article_evidence,closing_statement,截止到收盘，还在3.8星,auto_high_confidence,https://drive.google.com/file/d/1xl8D2V2M06NPnsJEUIWzlj1-BPk2q6WI/view?usp=drivesdk,1xl8D2V2M06NPnsJEUIWzlj1-BPk2q6WI,
2026-02-13,3.8,3.8,3.8,3.8,exact,1.0,1.0,A股,realtime,derived/star_target_2025_2026.csv,direct_article_evidence,closing_statement,截止到收盘，还在3.8星,auto_high_confidence,https://drive.google.com/file/d/1F0h8cjYhFS8m3QE4WevmJO1GmML8y6iX/view?usp=drivesdk,1F0h8cjYhFS8m3QE4WevmJO1GmML8y6iX,
2026-02-24,3.8,3.8,3.8,3.8,exact,1.0,1.0,A股,realtime,derived/star_target_2025_2026.csv,direct_article_evidence,closing_statement,截止到收盘，还在3.8星,auto_high_confidence,https://drive.google.com/file/d/13qMtYR8FesYFUR_bEtzZ92sDwc_R3tW9/view?usp=drivesdk,13qMtYR8FesYFUR_bEtzZ92sDwc_R3tW9,
2026-02-25,3.7,3.7,3.7,3.7,exact,1.0,1.0,A股,realtime,derived/star_target_2025_2026.csv,direct_article_evidence,manual_verification,截止到收盘，达到3.7星。,verified_manual,https://drive.google.com/file/d/1sC7jDez-EFTIkj9HY-kKbUAaUz18UCNy/view?usp=drivesdk,1sC7jDez-EFTIkj9HY-kKbUAaUz18UCNy,正文明确给出当日收盘星级
2026-02-26,3.7,3.7,3.7,3.7,exact,1.0,1.0,A股,realtime,derived/star_target_2025_2026.csv,direct_article_evidence,closing_statement,截止到收盘，还在3.7星,auto_high_confidence,https://drive.google.com/file/d/1LvdrKYPEQK16NZpDqKzvnNyzgyWV40PK/view?usp=drivesdk,1LvdrKYPEQK16NZpDqKzvnNyzgyWV40PK,
2026-02-27,3.7,3.7,3.7,3.7,exact,1.0,1.0,A股,realtime,derived/star_target_2025_2026.csv,direct_article_evidence,closing_statement,截止到收盘，还在3.7星,auto_high_confidence,https://drive.google.com/file/d/15iTBbLAs5dITj3v-of7DGwQ8R4JvRSmK/view?usp=drivesdk,15iTBbLAs5dITj3v-of7DGwQ8R4JvRSmK,
2026-03-02,3.7,3.7,3.7,3.7,exact,1.0,1.0,A股,realtime,derived/star_target_2025_2026.csv,direct_article_evidence,closing_statement,收盘，大盘还在3.7星,auto_high_confidence,https://drive.google.com/file/d/1Eoj0Cx-Avxd3T65GPPE9sUdboWDBvSvT/view?usp=drivesdk,1Eoj0Cx-Avxd3T65GPPE9sUdboWDBvSvT,
2026-03-03,3.9,3.9,3.9,3.9,exact,1.0,1.0,A股,realtime,derived/star_target_2025_2026.csv,direct_article_evidence,closing_statement,截止到收盘，回到3.9星,auto_high_confidence,https://drive.google.com/file/d/1psreg1YB956jQCyYN6t3GEOlC_FtnxAY/view?usp=drivesdk,1psreg1YB956jQCyYN6t3GEOlC_FtnxAY,
2026-03-04,3.9,3.9,3.9,3.9,exact,1.0,1.0,A股,realtime,derived/star_target_2025_2026.csv,direct_article_evidence,closing_statement,截止到收盘，大盘回落到3.9星,auto_high_confidence,https://drive.google.com/file/d/16piR5JozR7jB1HJTbhHPeE9J_oYeHySn/view?usp=drivesdk,16piR5JozR7jB1HJTbhHPeE9J_oYeHySn,
2026-03-05,3.9,3.9,3.9,3.9,exact,1.0,1.0,A股,realtime,derived/star_target_2025_2026.csv,direct_article_evidence,closing_statement,截止到收盘，还在3.9星,auto_high_confidence,https://drive.google.com/file/d/1w9tBKH6-Iqg4ebx0KG6QpGvNyetDxZkH/view?usp=drivesdk,1w9tBKH6-Iqg4ebx0KG6QpGvNyetDxZkH,
2026-03-06,3.8,3.8,3.8,3.8,exact,1.0,1.0,A股,realtime,derived/star_target_2025_2026.csv,direct_article_evidence,closing_statement,截止到收盘，回到3.8星,auto_high_confidence,https://drive.google.com/file/d/1P-MRk5EtFzDp615r2KbwljyYtLXxo1ZI/view?usp=drivesdk,1P-MRk5EtFzDp615r2KbwljyYtLXxo1ZI,
2026-03-09,3.9,3.9,3.9,3.9,exact,0.995,0.995,A股,realtime,derived/star_target_2025_2026.csv,direct_article_evidence,today_market_statement,今天大盘开盘下跌较多，到下午又反弹，跌幅缩小，还在3.9星,auto_high_confidence,https://drive.google.com/file/d/1dziAfeDT_Sc5RPsR2AK_nD3hOUhYJsd0/view?usp=drivesdk,1dziAfeDT_Sc5RPsR2AK_nD3hOUhYJsd0,
2026-03-10,3.8,3.8,3.8,3.8,exact,1.0,1.0,A股,realtime,derived/star_target_2025_2026.csv,direct_article_evidence,closing_statement,截止到收盘，回到3.8星,auto_high_confidence,https://drive.google.com/file/d/1FgstmIyeG9k1gKdd7qhdszNusREM8NuA/view?usp=drivesdk,1FgstmIyeG9k1gKdd7qhdszNusREM8NuA,
2026-03-11,3.8,3.8,3.8,3.8,exact,1.0,1.0,A股,realtime,derived/star_target_2025_2026.csv,direct_article_evidence,closing_statement,截止到收盘，还在3.8星,auto_high_confidence,https://drive.google.com/file/d/1lF15RUErhoyD_tkTyIzT9KAHxuvllmCI/view?usp=drivesdk,1lF15RUErhoyD_tkTyIzT9KAHxuvllmCI,
2026-03-12,3.8,3.8,3.8,3.8,exact,1.0,1.0,A股,realtime,derived/star_target_2025_2026.csv,direct_article_evidence,closing_statement,到收盘跌幅缩小，全天波动不大，还在3.8星,auto_high_confidence,https://drive.google.com/file/d/1J4i96hykA3HcdUEmSkdPvDekKIOihYP-/view?usp=drivesdk,1J4i96hykA3HcdUEmSkdPvDekKIOihYP-,
2026-03-13,3.8,3.8,3.8,3.8,exact,0.995,0.995,A股,realtime,derived/star_target_2025_2026.csv,direct_article_evidence,today_market_statement,今天大盘整体下跌，还在3.8星,auto_high_confidence,https://drive.google.com/file/d/1TMESZVBeIRvX0LyHSi3MTXrEeryQVYna/view?usp=drivesdk,1TMESZVBeIRvX0LyHSi3MTXrEeryQVYna,
2026-03-16,3.9,3.9,3.9,3.9,exact,1.0,1.0,A股,realtime,derived/star_target_2025_2026.csv,direct_article_evidence,closing_statement,到收盘反弹，大盘微跌，回到3.9星,auto_high_confidence,https://drive.google.com/file/d/1BuqK6XMUCYtT3SihWntTlV7B6zGVJeHb/view?usp=drivesdk,1BuqK6XMUCYtT3SihWntTlV7B6zGVJeHb,
2026-03-17,3.9,3.9,3.9,3.9,exact,1.0,1.0,A股,realtime,derived/star_target_2025_2026.csv,direct_article_evidence,closing_statement,到收盘回到3.9星,auto_high_confidence,https://drive.google.com/file/d/1NrFx0q5dO4wrIvU5y9jjhTEQEsBUbgZm/view?usp=drivesdk,1NrFx0q5dO4wrIvU5y9jjhTEQEsBUbgZm,
2026-03-18,3.9,3.9,3.9,3.9,exact,0.995,0.995,A股,realtime,derived/star_target_2025_2026.csv,direct_article_evidence,today_market_statement,今天大盘整体微涨，还在3.9星,auto_high_confidence,https://drive.google.com/file/d/1CWWB0YcVJ65eVcdOtPAawySzPeYIxZgC/view?usp=drivesdk,1CWWB0YcVJ65eVcdOtPAawySzPeYIxZgC,
2026-03-19,4.0,4.0,4.0,4.0,exact,1.0,1.0,A股,realtime,derived/star_target_2025_2026.csv,direct_article_evidence,closing_statement,截止到收盘，回到4.0星,auto_high_confidence,https://drive.google.com/file/d/1s2gPOOGX3_qJskulZ3kcfDaaJAjcSHqn/view?usp=drivesdk,1s2gPOOGX3_qJskulZ3kcfDaaJAjcSHqn,
2026-03-20,4.1,4.1,4.1,4.1,exact,1.0,1.0,A股,realtime,derived/star_target_2025_2026.csv,direct_article_evidence,closing_statement,截止到收盘，回到4.1星,auto_high_confidence,https://drive.google.com/file/d/1PwFN113eZ4_Umm7Z5hV8k2WnoL8J1eXr/view?usp=drivesdk,1PwFN113eZ4_Umm7Z5hV8k2WnoL8J1eXr,
2026-03-23,4.3,4.3,4.3,4.3,exact,1.0,1.0,A股,realtime,derived/star_target_2025_2026.csv,direct_article_evidence,closing_statement,截止到收盘，回到4.3星,auto_high_confidence,https://drive.google.com/file/d/1tRoJdbAcT6iN6fepxZ5_L-xkvVGWKQ1t/view?usp=drivesdk,1tRoJdbAcT6iN6fepxZ5_L-xkvVGWKQ1t,
2026-03-24,4.2,4.2,4.2,4.2,exact,1.0,1.0,A股,realtime,derived/star_target_2025_2026.csv,direct_article_evidence,closing_statement,截止到收盘，回到4.2星,auto_high_confidence,https://drive.google.com/file/d/19AzQmGEXyCuA9lYxp3WmMb0LyBdN7oUW/view?usp=drivesdk,19AzQmGEXyCuA9lYxp3WmMb0LyBdN7oUW,
2026-03-25,4.1,4.1,4.1,4.1,exact,1.0,1.0,A股,realtime,derived/star_target_2025_2026.csv,direct_article_evidence,closing_statement,截止到收盘，回到4.1星,auto_high_confidence,https://drive.google.com/file/d/1Sj5RXBMy6eLkwFzgb2NPEWfnpWsauOnT/view?usp=drivesdk,1Sj5RXBMy6eLkwFzgb2NPEWfnpWsauOnT,
2026-03-26,4.1,4.1,4.1,4.1,exact,1.0,1.0,A股,realtime,derived/star_target_2025_2026.csv,direct_article_evidence,closing_statement,截止到收盘，还在4.1星,auto_high_confidence,https://drive.google.com/file/d/1Zlt79cu_n4p2Gn4NRzJFutBmabVXamO4/view?usp=drivesdk,1Zlt79cu_n4p2Gn4NRzJFutBmabVXamO4,
2026-03-27,4.1,4.1,4.1,4.1,exact,1.0,1.0,A股,realtime,derived/star_target_2025_2026.csv,direct_article_evidence,closing_statement,截止到收盘，还在4.1星,auto_high_confidence,https://drive.google.com/file/d/1cwASwTuTojDZl7Yf0tsSdiejkLGukLkB/view?usp=drivesdk,1cwASwTuTojDZl7Yf0tsSdiejkLGukLkB,
2026-03-30,4.1,4.1,4.1,4.1,exact,1.0,1.0,A股,realtime,derived/star_target_2025_2026.csv,direct_article_evidence,closing_statement,截止到收盘，还在4.1星,auto_high_confidence,https://drive.google.com/file/d/1kZe9tKG_kBSnTQjSaL-k32dJRyOzmU-s/view?usp=drivesdk,1kZe9tKG_kBSnTQjSaL-k32dJRyOzmU-s,
2026-03-31,4.2,4.2,4.2,4.2,exact,1.0,1.0,A股,realtime,derived/star_target_2025_2026.csv,direct_article_evidence,closing_statement,截止到收盘，回到4.2星,auto_high_confidence,https://drive.google.com/file/d/1E5wzpTy9sH7jfZqnuSG6_RI0tPQ-qYpI/view?usp=drivesdk,1E5wzpTy9sH7jfZqnuSG6_RI0tPQ-qYpI,
2026-04-01,4.1,4.1,4.1,4.1,exact,1.0,1.0,A股,realtime,derived/star_target_2025_2026.csv,direct_article_evidence,closing_statement,截止到收盘，大盘回到4.1星,auto_high_confidence,https://drive.google.com/file/d/1mw-xA8K4xgtlHTGtffpbKo6hL9aPPeuH/view?usp=drivesdk,1mw-xA8K4xgtlHTGtffpbKo6hL9aPPeuH,
2026-04-02,4.1,4.1,4.1,4.1,exact,1.0,1.0,A股,realtime,derived/star_target_2025_2026.csv,direct_article_evidence,closing_statement,截止到收盘，还在4.1星,auto_high_confidence,https://drive.google.com/file/d/19G6v6jpisA3B0-jgH2iH5raZaC9OT7_U/view?usp=drivesdk,19G6v6jpisA3B0-jgH2iH5raZaC9OT7_U,
2026-04-03,4.2,4.2,4.2,4.2,exact,1.0,1.0,A股,realtime,derived/star_target_2025_2026.csv,direct_article_evidence,closing_statement,截止到收盘，回到4.2星,auto_high_confidence,https://drive.google.com/file/d/1mdtDtVYTrEivXzUL1536L5UceS0teCh5/view?usp=drivesdk,1mdtDtVYTrEivXzUL1536L5UceS0teCh5,
2026-04-07,4.2,4.2,4.2,4.2,exact,1.0,1.0,A股,realtime,derived/star_target_2025_2026.csv,direct_article_evidence,closing_statement,截止到收盘，还在4.2星,auto_high_confidence,https://drive.google.com/file/d/1s_Gd3cNaFIXpwRt5Cc7mzxiQJirG1JjR/view?usp=drivesdk,1s_Gd3cNaFIXpwRt5Cc7mzxiQJirG1JjR,
2026-04-08,4.0,4.0,4.0,4.0,exact,1.0,1.0,A股,realtime,derived/star_target_2025_2026.csv,direct_article_evidence,closing_statement,截止到收盘，回到4.0星,auto_high_confidence,https://drive.google.com/file/d/1wlbrjqcyMTZWqqbTPxUYUBPmimMMGpUe/view?usp=drivesdk,1wlbrjqcyMTZWqqbTPxUYUBPmimMMGpUe,
2026-04-09,4.0,4.0,4.0,4.0,exact,1.0,1.0,A股,realtime,derived/star_target_2025_2026.csv,direct_article_evidence,closing_statement,截止到收盘，还在4.0星,auto_high_confidence,https://drive.google.com/file/d/12YuH9U3zlcvCeS81qjrELnX19vc1dI3_/view?usp=drivesdk,12YuH9U3zlcvCeS81qjrELnX19vc1dI3_,
2026-04-10,4.0,4.0,4.0,4.0,exact,1.0,1.0,A股,realtime,derived/star_target_2025_2026.csv,direct_article_evidence,closing_statement,截止到收盘，回到4.0星,auto_high_confidence,https://drive.google.com/file/d/1Hf8HvN84O4bY-XSx7CdwU9BUQu_JEKu7/view?usp=drivesdk,1Hf8HvN84O4bY-XSx7CdwU9BUQu_JEKu7,
2026-04-13,3.9,3.9,3.9,3.9,exact,0.99,0.99,A股,realtime,derived/star_target_2025_2026.csv,direct_article_evidence,opening_state_statement,回到3.9星,auto_high_confidence,https://drive.google.com/file/d/1zRIRz9mMKHe0h3VNg_yU4QqgxcpM6Iiz/view?usp=drivesdk,1zRIRz9mMKHe0h3VNg_yU4QqgxcpM6Iiz,
2026-04-14,3.9,3.9,3.9,3.9,exact,1.0,1.0,A股,realtime,derived/star_target_2025_2026.csv,direct_article_evidence,closing_statement,截止到收盘，大盘重回3.9星,auto_high_confidence,https://drive.google.com/file/d/1xkZG9WeGEo5QuLMMNRGhX4LRDLsUit5z/view?usp=drivesdk,1xkZG9WeGEo5QuLMMNRGhX4LRDLsUit5z,
2026-04-15,3.9,3.9,3.9,3.9,exact,0.995,0.995,A股,realtime,derived/star_target_2025_2026.csv,direct_article_evidence,today_market_statement,今天大盘微跌，波动不大，还在3.9星,auto_high_confidence,https://drive.google.com/file/d/1D7tA8LwaqLY9JPasGGb_oXMAyANp-lc8/view?usp=drivesdk,1D7tA8LwaqLY9JPasGGb_oXMAyANp-lc8,
2026-04-16,3.8,3.8,3.8,3.8,exact,1.0,1.0,A股,realtime,derived/star_target_2025_2026.csv,direct_article_evidence,closing_statement,截止到收盘，大盘回到3.8星,auto_high_confidence,https://drive.google.com/file/d/1ociZBFglPaMQD5WIuzzpvC7bINMRW5mL/view?usp=drivesdk,1ociZBFglPaMQD5WIuzzpvC7bINMRW5mL,
2026-04-17,3.8,3.8,3.8,3.8,exact,0.995,0.995,A股,realtime,derived/star_target_2025_2026.csv,direct_article_evidence,today_market_statement,今天大盘整体微涨微跌，波动不大，还在3.8星,auto_high_confidence,https://drive.google.com/file/d/1_29xH6Gf7FgRvPnOfBagCOLgKzaiPFyU/view?usp=drivesdk,1_29xH6Gf7FgRvPnOfBagCOLgKzaiPFyU,
2026-04-20,3.8,3.8,3.8,3.8,exact,1.0,1.0,A股,realtime,derived/star_target_2025_2026.csv,direct_article_evidence,closing_statement,截止到收盘，还在3.8星,auto_high_confidence,https://drive.google.com/file/d/18m3pwvObxLNMAzi2MqlZijeN5JIuq4O4/view?usp=drivesdk,18m3pwvObxLNMAzi2MqlZijeN5JIuq4O4,
2026-04-21,3.8,3.8,3.8,3.8,exact,0.99,0.99,A股,realtime,derived/star_target_2025_2026.csv,direct_article_evidence,opening_state_statement,还在3.8星,auto_high_confidence,https://drive.google.com/file/d/1O60p78g-cN-8utNHFcZ39ezpcFje9no0/view?usp=drivesdk,1O60p78g-cN-8utNHFcZ39ezpcFje9no0,
2026-04-22,3.7,3.7,3.7,3.7,exact,0.99,0.99,A股,realtime,derived/star_target_2025_2026.csv,direct_article_evidence,image_star_fill,估值表顶部显示3颗完整星，第4颗约70%填充；与正文3.7-3.8星区间交叉确认3.7星,verified_image,https://drive.google.com/file/d/1nRk0DVOho_4vdQCZ6mAjKXixKfLEDaLr/view?usp=drivesdk,1nRk0DVOho_4vdQCZ6mAjKXixKfLEDaLr,图像中的小数填充与正文区间一致
2026-04-23,3.8,3.8,3.8,3.8,exact,0.995,0.995,A股,realtime,derived/star_target_2025_2026.csv,direct_article_evidence,today_market_statement,今天大盘整体下跌，还在3.8星,auto_high_confidence,https://drive.google.com/file/d/1Oa8rciyzQGUpVTkpODpNUhaFXYGvc67n/view?usp=drivesdk,1Oa8rciyzQGUpVTkpODpNUhaFXYGvc67n,
2026-04-24,3.8,3.8,3.8,3.8,exact,1.0,1.0,A股,realtime,derived/star_target_2025_2026.csv,direct_article_evidence,closing_statement,截止到收盘，还在3.8星,auto_high_confidence,https://drive.google.com/file/d/1Grj8VgUxeYZBVT_DM9N9B57GWQQ6UQxB/view?usp=drivesdk,1Grj8VgUxeYZBVT_DM9N9B57GWQQ6UQxB,
2026-04-27,3.8,3.8,3.8,3.8,exact,0.995,0.995,A股,realtime,derived/star_target_2025_2026.csv,direct_article_evidence,today_market_statement,今天大盘微涨微跌，波动不大，还在3.8星,auto_high_confidence,https://drive.google.com/file/d/1Z815v2l9Ip_Topg3WPQb-x-0jvxtONBO/view?usp=drivesdk,1Z815v2l9Ip_Topg3WPQb-x-0jvxtONBO,
2026-04-28,3.8,3.8,3.8,3.8,exact,0.995,0.995,A股,realtime,derived/star_target_2025_2026.csv,direct_article_evidence,today_market_statement,今天大盘下跌，还在3.8星,auto_high_confidence,https://drive.google.com/file/d/1kQGGBJCYCy77Mc25TZAjYAJFQYRf6bK0/view?usp=drivesdk,1kQGGBJCYCy77Mc25TZAjYAJFQYRf6bK0,
2026-04-29,3.8,3.8,3.8,3.8,exact,1.0,1.0,A股,realtime,derived/star_target_2025_2026.csv,direct_article_evidence,closing_statement,截止到收盘，还在3.8星,auto_high_confidence,https://drive.google.com/file/d/1Ru_GRjZ392hoG2FUTwnax7iBHqxtiuQI/view?usp=drivesdk,1Ru_GRjZ392hoG2FUTwnax7iBHqxtiuQI,
2026-04-30,3.8,3.8,3.8,3.8,exact,0.995,0.995,A股,realtime,derived/star_target_2025_2026.csv,direct_article_evidence,today_market_statement,今天大盘微涨微跌，波动不大，还在3.8星,auto_high_confidence,https://drive.google.com/file/d/1cJ-hxjuFsqi_MHGtV20jRvyBQR09izJB/view?usp=drivesdk,1cJ-hxjuFsqi_MHGtV20jRvyBQR09izJB,
2026-05-06,3.6,3.6,3.6,3.6,exact,0.99,0.99,A股,realtime,derived/star_target_2025_2026.csv,direct_article_evidence,image_star_fill,估值表顶部显示3颗完整星，第4颗约60%填充；与正文3.6-3.7星区间交叉确认3.6星,verified_image,https://drive.google.com/file/d/1k7jf1Y-tbrnAsLxyZs7zpmu2ra8TC1EU/view?usp=drivesdk,1k7jf1Y-tbrnAsLxyZs7zpmu2ra8TC1EU,图像中的小数填充与正文区间一致
2026-05-07,3.6,3.6,3.6,3.6,exact,1.0,1.0,A股,realtime,derived/star_target_2025_2026.csv,direct_article_evidence,closing_statement,截止到收盘，还在3.6星,auto_high_confidence,https://drive.google.com/file/d/1qGncQY1eZxglk1xrpt2ip0-oLDDZHnmF/view?usp=drivesdk,1qGncQY1eZxglk1xrpt2ip0-oLDDZHnmF,
2026-05-08,3.6,3.6,3.6,3.6,exact,1.0,1.0,A股,realtime,derived/star_target_2025_2026.csv,direct_article_evidence,closing_statement,截止到收盘，还在3.6星,auto_high_confidence,https://drive.google.com/file/d/1Ygw24jfg6OJVSbJjR3HR6DHMlzR574xa/view?usp=drivesdk,1Ygw24jfg6OJVSbJjR3HR6DHMlzR574xa,
2026-05-11,3.5,3.5,3.5,3.5,exact,1.0,1.0,A股,realtime,derived/star_target_2025_2026.csv,direct_article_evidence,closing_statement,收盘，达到3.5星,auto_high_confidence,https://drive.google.com/file/d/1iwrJTSI4TuB6EFdvh6T_Uhu-nrHzMX_x/view?usp=drivesdk,1iwrJTSI4TuB6EFdvh6T_Uhu-nrHzMX_x,
2026-05-12,3.5,3.5,3.5,3.5,exact,1.0,1.0,A股,realtime,derived/star_target_2025_2026.csv,direct_article_evidence,closing_statement,截止到收盘，还在3.5星,auto_high_confidence,https://drive.google.com/file/d/1CXgIoe_T0k4SJGGFiciUaEMSg58B3kVj/view?usp=drivesdk,1CXgIoe_T0k4SJGGFiciUaEMSg58B3kVj,
2026-05-13,3.5,3.5,3.5,3.5,exact,0.995,0.995,A股,realtime,derived/star_target_2025_2026.csv,direct_article_evidence,today_market_statement,今天大盘低开高走，整体上涨，还在3.5星,auto_high_confidence,https://drive.google.com/file/d/16cNKHsBReKJUycviRrUR-IC0LgUq4lQB/view?usp=drivesdk,16cNKHsBReKJUycviRrUR-IC0LgUq4lQB,
2026-05-14,3.6,3.6,3.6,3.6,exact,1.0,1.0,A股,realtime,derived/star_target_2025_2026.csv,direct_article_evidence,closing_statement,截止到收盘，回到3.6星,auto_high_confidence,https://drive.google.com/file/d/11BMKmMJDsZsc5naPh2ud_w5mzcTZ4sO1/view?usp=drivesdk,11BMKmMJDsZsc5naPh2ud_w5mzcTZ4sO1,
2026-05-15,3.6,3.6,3.6,3.6,exact,0.995,0.995,A股,realtime,derived/star_target_2025_2026.csv,direct_article_evidence,today_market_statement,今天大盘整体下跌，还在3.6星,auto_high_confidence,https://drive.google.com/file/d/1q2yxjz8dtrCtpmwynZvrGr757Wu8TsK_/view?usp=drivesdk,1q2yxjz8dtrCtpmwynZvrGr757Wu8TsK_,
2026-05-18,3.6,3.6,3.6,3.6,exact,1.0,1.0,A股,realtime,derived/star_target_2025_2026.csv,direct_article_evidence,closing_statement,截止到收盘，还在3.6星,auto_high_confidence,https://drive.google.com/file/d/1wQcjFY5XCqNv1P069c6rSnvs9ZB6IOOP/view?usp=drivesdk,1wQcjFY5XCqNv1P069c6rSnvs9ZB6IOOP,
2026-05-19,3.6,3.6,3.6,3.6,exact,1.0,1.0,A股,realtime,derived/star_target_2025_2026.csv,direct_article_evidence,closing_statement,截止到收盘，还在3.6星,auto_high_confidence,https://drive.google.com/file/d/12wOfBNv74VTnzrVu5gEVnjBs5jXzx_TF/view?usp=drivesdk,12wOfBNv74VTnzrVu5gEVnjBs5jXzx_TF,
2026-05-20,3.6,3.6,3.6,3.6,exact,1.0,1.0,A股,realtime,derived/star_target_2025_2026.csv,direct_article_evidence,closing_statement,截止到收盘，还在3.6星,auto_high_confidence,https://drive.google.com/file/d/1cSslCBNNDlD3gSLXdys6s6FfDv6tZvja/view?usp=drivesdk,1cSslCBNNDlD3gSLXdys6s6FfDv6tZvja,
2026-05-21,3.7,3.7,3.7,3.7,exact,1.0,1.0,A股,realtime,derived/star_target_2025_2026.csv,direct_article_evidence,closing_statement,到收盘回到3.7星,auto_high_confidence,https://drive.google.com/file/d/1r5AtseaYpG2PmcTs_3pgfSMgJqsETQJ-/view?usp=drivesdk,1r5AtseaYpG2PmcTs_3pgfSMgJqsETQJ-,
2026-05-22,3.6,3.6,3.6,3.6,exact,1.0,1.0,A股,realtime,derived/star_target_2025_2026.csv,direct_article_evidence,closing_statement,截止到收盘，回到3.6星,auto_high_confidence,https://drive.google.com/file/d/1kcURxhd-L_jBqPFtB0Z1t-0-tlimJVXw/view?usp=drivesdk,1kcURxhd-L_jBqPFtB0Z1t-0-tlimJVXw,
2026-05-25,3.6,3.6,3.6,3.6,exact,1.0,1.0,A股,realtime,derived/star_target_2025_2026.csv,direct_article_evidence,closing_statement,截止到收盘，还在3.6星,auto_high_confidence,https://drive.google.com/file/d/1FvuARccRynnfplWCLupg1iNt6jT8ltcP/view?usp=drivesdk,1FvuARccRynnfplWCLupg1iNt6jT8ltcP,
2026-05-26,3.6,3.6,3.6,3.6,exact,1.0,1.0,A股,realtime,derived/star_target_2025_2026.csv,direct_article_evidence,closing_statement,截止到收盘还在3.6星,auto_high_confidence,https://drive.google.com/file/d/1367VGMNPjmZOcVdYBf0HB9NJMaZkRIp4/view?usp=drivesdk,1367VGMNPjmZOcVdYBf0HB9NJMaZkRIp4,
2026-05-27,3.7,3.7,3.7,3.7,exact,1.0,1.0,A股,realtime,derived/star_target_2025_2026.csv,direct_article_evidence,closing_statement,截止到收盘，回到3.7星,auto_high_confidence,https://drive.google.com/file/d/1BKb8deQuu_yBmZAfoXa9VKinJzHzrIPa/view?usp=drivesdk,1BKb8deQuu_yBmZAfoXa9VKinJzHzrIPa,
2026-05-28,3.6,3.6,3.6,3.6,exact,1.0,1.0,A股,realtime,derived/star_target_2025_2026.csv,direct_article_evidence,closing_statement,到收盘微涨，回到3.6星,auto_high_confidence,https://drive.google.com/file/d/1GIKruopX0sGONg1tnwb2Q7wgmhoGMNHN/view?usp=drivesdk,1GIKruopX0sGONg1tnwb2Q7wgmhoGMNHN,
2026-05-29,3.7,3.7,3.7,3.7,exact,0.995,0.995,A股,realtime,derived/star_target_2025_2026.csv,direct_article_evidence,today_market_statement,今天大盘整体下跌，回到3.7星,auto_high_confidence,https://drive.google.com/file/d/1r1YSfy2DWzRfs0UvNqR9nqTLyrT0MFIT/view?usp=drivesdk,1r1YSfy2DWzRfs0UvNqR9nqTLyrT0MFIT,
2026-06-01,3.8,3.8,3.8,3.8,exact,1.0,1.0,A股,realtime,derived/star_target_2025_2026.csv,direct_article_evidence,closing_statement,截止到收盘，回到3.8星,auto_high_confidence,https://drive.google.com/file/d/1GV_PpQ42wT7H1SFtsiiD6dygYKML1-oV/view?usp=drivesdk,1GV_PpQ42wT7H1SFtsiiD6dygYKML1-oV,
2026-06-02,3.7,3.7,3.7,3.7,exact,1.0,1.0,A股,realtime,derived/star_target_2025_2026.csv,direct_article_evidence,closing_statement,截止到收盘，回到3.7星,auto_high_confidence,https://drive.google.com/file/d/1VigY5gWBp5rslG6p6kea2aA3ehaW7X8l/view?usp=drivesdk,1VigY5gWBp5rslG6p6kea2aA3ehaW7X8l,
2026-06-03,3.7,3.7,3.7,3.7,exact,1.0,1.0,A股,realtime,derived/star_target_2025_2026.csv,direct_article_evidence,closing_statement,截止到收盘，还在3.7星,auto_high_confidence,https://drive.google.com/file/d/1BQAFTHjoHBbL1cxrdTZh4BzlKcFzv-dl/view?usp=drivesdk,1BQAFTHjoHBbL1cxrdTZh4BzlKcFzv-dl,
2026-06-04,3.7,3.7,3.7,3.7,exact,1.0,1.0,A股,realtime,derived/star_target_2025_2026.csv,direct_article_evidence,closing_statement,截止到收盘，还在3.7星,auto_high_confidence,https://drive.google.com/file/d/1CimVYGu_8_2xfqt5RfEhVUMy8dQrivzO/view?usp=drivesdk,1CimVYGu_8_2xfqt5RfEhVUMy8dQrivzO,
2026-06-05,3.8,3.8,3.8,3.8,exact,1.0,1.0,A股,realtime,derived/star_target_2025_2026.csv,direct_article_evidence,closing_statement,截止到收盘，回到3.8星,auto_high_confidence,https://drive.google.com/file/d/1KPIiacmUxtRUGwR7tzLUiCl4mZ0CCyy3/view?usp=drivesdk,1KPIiacmUxtRUGwR7tzLUiCl4mZ0CCyy3,
2026-06-08,3.9,3.9,3.9,3.9,exact,1.0,1.0,A股,realtime,derived/star_target_2025_2026.csv,direct_article_evidence,closing_statement,截止到收盘，大盘回到3.9星,auto_high_confidence,https://drive.google.com/file/d/1STdfjBbaQA9iDSplXDlIHKjoSFeX9KqN/view?usp=drivesdk,1STdfjBbaQA9iDSplXDlIHKjoSFeX9KqN,
2026-06-09,3.8,3.8,3.8,3.8,exact,1.0,1.0,A股,realtime,derived/star_target_2025_2026.csv,direct_article_evidence,closing_statement,截止到收盘，回到3.8星,auto_high_confidence,https://drive.google.com/file/d/1MI9j-26ES2D6KmJj79FTt0LFmUbIj9b4/view?usp=drivesdk,1MI9j-26ES2D6KmJj79FTt0LFmUbIj9b4,
2026-06-10,3.9,3.9,3.9,3.9,exact,1.0,1.0,A股,realtime,derived/star_target_2025_2026.csv,direct_article_evidence,closing_statement,截止到收盘，回到3.9星,auto_high_confidence,https://drive.google.com/file/d/1ffNKFVuDJb_GrbQOApAgLzxyR6N1A6mh/view?usp=drivesdk,1ffNKFVuDJb_GrbQOApAgLzxyR6N1A6mh,
2026-06-11,3.9,3.9,3.9,3.9,exact,1.0,1.0,A股,realtime,derived/star_target_2025_2026.csv,direct_article_evidence,closing_statement,截止到收盘，还在3.9星,auto_high_confidence,https://drive.google.com/file/d/1U1KRwQhfKDAI_FShdxPAuNh3SxOFOQU4/view?usp=drivesdk,1U1KRwQhfKDAI_FShdxPAuNh3SxOFOQU4,
2026-06-12,3.9,3.9,3.9,3.9,exact,1.0,1.0,A股,realtime,derived/star_target_2025_2026.csv,direct_article_evidence,closing_statement,截止到收盘，回到3.9星,auto_high_confidence,https://drive.google.com/file/d/1AN2CUxPPnXIUoXZob-6kzOIBsrVmzi7q/view?usp=drivesdk,1AN2CUxPPnXIUoXZob-6kzOIBsrVmzi7q,
2026-06-15,3.7,3.7,3.7,3.7,exact,1.0,1.0,A股,realtime,derived/star_target_2025_2026.csv,direct_article_evidence,closing_statement,截止到收盘，一口气回到3.7星,auto_high_confidence,https://drive.google.com/file/d/1MgqvbzUD0B3ZGF2V268Ky2dt-xq-p5Z6/view?usp=drivesdk,1MgqvbzUD0B3ZGF2V268Ky2dt-xq-p5Z6,
2026-06-16,3.7,3.7,3.7,3.7,exact,1.0,1.0,A股,realtime,derived/star_target_2025_2026.csv,direct_article_evidence,closing_statement,截止到收盘，还在3.7星,auto_high_confidence,https://drive.google.com/file/d/17Pvs57u1rjRWrCAid4RPJIcSXT7VL0s1/view?usp=drivesdk,17Pvs57u1rjRWrCAid4RPJIcSXT7VL0s1,
2026-06-17,3.6,3.6,3.6,3.6,exact,1.0,1.0,A股,realtime,derived/star_target_2025_2026.csv,direct_article_evidence,closing_statement,截止到收盘，回到了3.6星,auto_high_confidence,https://drive.google.com/file/d/1sp6lDITEDO2Omf7pX0XqhoqrMFDJLgRT/view?usp=drivesdk,1sp6lDITEDO2Omf7pX0XqhoqrMFDJLgRT,
2026-06-18,3.6,3.6,3.6,3.6,exact,0.995,0.995,A股,realtime,derived/star_target_2025_2026.csv,direct_article_evidence,today_market_statement,今天大盘微涨微跌，还在3.6星,auto_high_confidence,https://drive.google.com/file/d/1QwvCA15AwHaCAuZcEo7ZTp2eTDF9Qgyu/view?usp=drivesdk,1QwvCA15AwHaCAuZcEo7ZTp2eTDF9Qgyu,
2026-06-22,3.5,3.5,3.5,3.5,exact,1.0,1.0,A股,realtime,derived/star_target_2025_2026.csv,direct_article_evidence,closing_statement,到收盘，回到了3.5星,auto_high_confidence,https://drive.google.com/file/d/1MWCo7VAGkUe51CApo2T-L8-CmvaLtCgk/view?usp=drivesdk,1MWCo7VAGkUe51CApo2T-L8-CmvaLtCgk,
2026-06-23,3.6,3.6,3.6,3.6,exact,1.0,1.0,A股,realtime,derived/star_target_2025_2026.csv,direct_article_evidence,closing_statement,到收盘回到3.6星,auto_high_confidence,https://drive.google.com/file/d/1GViCHQZ8Mrz9PBm7x59gfnEkkk1u4v4F/view?usp=drivesdk,1GViCHQZ8Mrz9PBm7x59gfnEkkk1u4v4F,
2026-06-24,3.6,3.6,3.6,3.6,exact,0.995,0.995,A股,realtime,derived/star_target_2025_2026.csv,direct_article_evidence,today_market_statement,今天大盘微涨，还在3.6星,auto_high_confidence,https://drive.google.com/file/d/1DzFL_46C7_hBWVR_c6itfnWHAQ9a8ns9/view?usp=drivesdk,1DzFL_46C7_hBWVR_c6itfnWHAQ9a8ns9,
2026-06-25,3.6,3.6,3.6,3.6,exact,1.0,1.0,A股,realtime,derived/star_target_2025_2026.csv,direct_article_evidence,closing_statement,截止到收盘，还在3.6星,auto_high_confidence,https://drive.google.com/file/d/1WH8KuStJeCLVVzg128evWmc4cNE-w3_8/view?usp=drivesdk,1WH8KuStJeCLVVzg128evWmc4cNE-w3_8,
2026-06-26,3.7,3.7,3.7,3.7,exact,1.0,1.0,A股,realtime,derived/star_target_2025_2026.csv,direct_article_evidence,closing_statement,收盘，回到3.7星,auto_high_confidence,https://drive.google.com/file/d/1_xAcjaSOhoLbC0W8NBKgTAF9lW2OwT1y/view?usp=drivesdk,1_xAcjaSOhoLbC0W8NBKgTAF9lW2OwT1y,
2026-06-29,3.7,3.7,3.7,3.7,exact,1.0,1.0,A股,realtime,derived/star_target_2025_2026.csv,direct_article_evidence,closing_statement,截止到收盘，还在3.7星,auto_high_confidence,https://drive.google.com/file/d/1N_0fryVMPMouwUymI_ecd9-ea901siaR/view?usp=drivesdk,1N_0fryVMPMouwUymI_ecd9-ea901siaR,
2026-06-30,3.6,3.6,3.6,3.6,exact,1.0,1.0,A股,realtime,derived/star_target_2025_2026.csv,direct_article_evidence,closing_statement,截止到收盘，回到3.6星,auto_high_confidence,https://drive.google.com/file/d/1sTiK56xzFhDgb7YcugnBtS1I0yEhvYLs/view?usp=drivesdk,1sTiK56xzFhDgb7YcugnBtS1I0yEhvYLs,
2026-07-01,3.6,3.6,3.6,3.6,exact,1.0,1.0,A股,realtime,derived/star_target_2025_2026.csv,direct_article_evidence,closing_statement,截止到收盘，还在3.6星,auto_high_confidence,https://drive.google.com/file/d/1L4YRBAonvcdln3PPSZgXnE4OWzRy6z5f/view?usp=drivesdk,1L4YRBAonvcdln3PPSZgXnE4OWzRy6z5f,
2026-07-02,3.7,3.7,3.7,3.7,exact,1.0,1.0,A股,realtime,derived/star_target_2025_2026.csv,direct_article_evidence,closing_statement,截止到收盘，回到3.7星,auto_high_confidence,https://drive.google.com/file/d/1G-AGOJfC2EKrvl4Lt9gJxGO5UGcHMYcM/view?usp=drivesdk,1G-AGOJfC2EKrvl4Lt9gJxGO5UGcHMYcM,
2026-07-03,3.7,3.7,3.7,3.7,exact,1.0,1.0,A股,realtime,derived/star_target_2025_2026.csv,direct_article_evidence,closing_statement,截止到收盘，还在3.7星,auto_high_confidence,https://drive.google.com/file/d/1k3aCejHzlRev3vpLXKSG50YzSrvI-mGy/view?usp=drivesdk,1k3aCejHzlRev3vpLXKSG50YzSrvI-mGy,
2026-07-06,3.7,3.7,3.7,3.7,exact,1.0,1.0,A股,realtime,derived/star_target_2025_2026.csv,direct_article_evidence,closing_statement,到收盘，还在3.7星,auto_high_confidence,https://drive.google.com/file/d/1DVr3hGZ8np5xEJFzASw03MNnmDfAy_2S/view?usp=drivesdk,1DVr3hGZ8np5xEJFzASw03MNnmDfAy_2S,
2026-07-07,3.8,3.8,3.8,3.8,exact,0.995,0.995,A股,realtime,derived/star_target_2025_2026.csv,direct_article_evidence,today_market_statement,今天大盘整体下跌，回到了3.8星,auto_high_confidence,https://drive.google.com/file/d/1S-8zUh9lzPmunPWadS1PUBfpGegEar5D/view?usp=drivesdk,1S-8zUh9lzPmunPWadS1PUBfpGegEar5D,
2026-07-08,3.9,3.9,3.9,3.9,exact,1.0,1.0,A股,realtime,derived/star_target_2025_2026.csv,direct_article_evidence,closing_statement,截止到收盘，回到3.9星,auto_high_confidence,https://drive.google.com/file/d/1lCJSZvNr8ZX6PKQr-wRUNCjfgTwDAKtU/view?usp=drivesdk,1lCJSZvNr8ZX6PKQr-wRUNCjfgTwDAKtU,
2026-07-09,3.8,3.8,3.8,3.8,exact,1.0,1.0,A股,realtime,derived/star_target_2025_2026.csv,direct_article_evidence,closing_statement,到收盘整体上涨，回到了3.8星,auto_high_confidence,https://drive.google.com/file/d/1Wp2oPKhfo-kzu2ZiCy8orGF1UF00Seh8/view?usp=drivesdk,1Wp2oPKhfo-kzu2ZiCy8orGF1UF00Seh8,
2026-07-10,3.9,3.9,3.9,3.9,exact,0.99,0.99,A股,realtime,derived/star_target_2025_2026.csv,direct_article_evidence,opening_state_statement,回到3.9星,auto_high_confidence,https://drive.google.com/file/d/1Y-Dtd9HILk8451CgI7ZtvGo5Wq-GFXqK/view?usp=drivesdk,1Y-Dtd9HILk8451CgI7ZtvGo5Wq-GFXqK,
2026-07-13,4.0,4.0,4.0,4.0,exact,1.0,1.0,A股,realtime,derived/star_target_2025_2026.csv,direct_article_evidence,closing_statement,截止到收盘，重新回到4.0星,auto_high_confidence,https://drive.google.com/file/d/1188RcBfXC68JMZEA50maXFI-u0MLBS4n/view?usp=drivesdk,1188RcBfXC68JMZEA50maXFI-u0MLBS4n,
2026-07-14,4.1,4.1,4.1,4.1,exact,0.99,0.99,A股,realtime,derived/star_target_2025_2026.csv,direct_article_evidence,opening_state_statement,回到4.1星,auto_high_confidence,https://drive.google.com/file/d/1X-A103zk6vJ-yIhtemagcXIH-ZOhnKEm/view?usp=drivesdk,1X-A103zk6vJ-yIhtemagcXIH-ZOhnKEm,
2026-07-15,4.0,4.0,4.0,4.0,exact,1.0,1.0,A股,realtime,derived/star_target_2025_2026.csv,direct_article_evidence,closing_statement,截止到收盘，还在4.0星,auto_high_confidence,https://drive.google.com/file/d/1BbLTdD8RrcVa614ozgPW2ULjDcytU_NP/view?usp=drivesdk,1BbLTdD8RrcVa614ozgPW2ULjDcytU_NP,
2026-07-16,4.1,4.1,4.1,4.1,exact,1.0,1.0,A股,realtime,derived/star_target_2025_2026.csv,direct_article_evidence,closing_statement,到收盘，回到了4.1星,auto_high_confidence,https://drive.google.com/file/d/1fV_VI48dNC8m4ykqhW2LficSMAEn9H2X/view?usp=drivesdk,1fV_VI48dNC8m4ykqhW2LficSMAEn9H2X,
2026-07-17,4.3,4.3,4.3,4.3,exact,1.0,1.0,A股,realtime,derived/star_target_2025_2026.csv,direct_article_evidence,closing_statement,到收盘，大盘回到4.3星,auto_high_confidence,https://drive.google.com/file/d/1L3JYa6ggBDoC8OhjaJ0V1vnZc63vpvru/view?usp=drivesdk,1L3JYa6ggBDoC8OhjaJ0V1vnZc63vpvru,
2026-07-20,4.3,4.3,4.3,4.3,exact,0.995,0.995,A股,realtime,derived/star_target_2025_2026.csv,direct_article_evidence,today_market_statement,今天大盘整体微跌，还在4.3星,auto_high_confidence,https://drive.google.com/file/d/1Gj3wNJVoL0h64og3H3cGTmWOij4AJwfF/view?usp=drivesdk,1Gj3wNJVoL0h64og3H3cGTmWOij4AJwfF,
2026-07-21,4.2,4.2,4.2,4.2,exact,1.0,1.0,A股,realtime,derived/star_target_2025_2026.csv,direct_article_evidence,closing_statement,到收盘整体上涨，截止到收盘，回到4.2星,auto_high_confidence,https://drive.google.com/file/d/1R0WvloUGtmpZrGD_2sZdPWeAkIfIWGdA/view?usp=drivesdk,1R0WvloUGtmpZrGD_2sZdPWeAkIfIWGdA,
2026-07-22,4.2,4.2,4.2,4.2,exact,1.0,1.0,A股,realtime,derived/star_target_2025_2026.csv,direct_article_evidence,closing_statement,截止到收盘，还在4.2星,auto_high_confidence,https://drive.google.com/file/d/1auABqvW_XKmPGNjbHEyG_s9YSm9v-AUt/view?usp=drivesdk,1auABqvW_XKmPGNjbHEyG_s9YSm9v-AUt,
2026-07-23,4.2,4.2,4.2,4.2,exact,1.0,1.0,A股,realtime,derived/star_target_2025_2026.csv,direct_article_evidence,closing_statement,截止到收盘，还在4.2星,auto_high_confidence,https://drive.google.com/file/d/1rRwkaxSIpcs9KnMbFDSOT_52n1GLJzUB/view?usp=drivesdk,1rRwkaxSIpcs9KnMbFDSOT_52n1GLJzUB,
2026-07-24,4.3,4.3,4.3,4.3,exact,1.0,1.0,A股,realtime,derived/star_target_2025_2026.csv,direct_article_evidence,closing_statement,截止到收盘，回到4.3星,auto_high_confidence,https://drive.google.com/file/d/1n7gZrjHawf9mLM6AUk4lMFOuwMTO4Tm1/view?usp=drivesdk,1n7gZrjHawf9mLM6AUk4lMFOuwMTO4Tm1,
2026-07-27,4.2,4.2,4.2,4.2,exact,0.995,0.995,A股,realtime,derived/star_target_2025_2026.csv,direct_article_evidence,today_market_statement,今天大盘整体上涨，回到4.2星,auto_high_confidence,https://drive.google.com/file/d/1XI8QCcmiwpoxwwlo6o9tcyy7yrFtrrP0/view?usp=drivesdk,1XI8QCcmiwpoxwwlo6o9tcyy7yrFtrrP0,
2026-07-28,4.3,4.3,4.3,4.3,exact,1.0,1.0,A股,realtime,derived/star_target_2025_2026.csv,direct_article_evidence,closing_statement,到收盘回到4.3星,auto_high_confidence,https://drive.google.com/file/d/1B4WELAN2My6H1m4hyPAxTJJ14SWN9e7m/view?usp=drivesdk,1B4WELAN2My6H1m4hyPAxTJJ14SWN9e7m,
2026-07-29,4.3,4.3,4.3,4.3,exact,1.0,1.0,A股,realtime,derived/star_target_2025_2026.csv,direct_article_evidence,closing_statement,截止到收盘，还在4.3星,auto_high_confidence,https://drive.google.com/file/d/1HJkd2xRpyiCWGE4z34u5HQZLGOMZAX-S/view?usp=drivesdk,1HJkd2xRpyiCWGE4z34u5HQZLGOMZAX-S,
2026-07-30,4.4,4.4,4.4,4.4,exact,0.995,0.995,A股,realtime,derived/star_target_2025_2026.csv,direct_article_evidence,today_market_statement,今天大盘整体下跌，中证全指下跌1.95%，回到4.4星,auto_high_confidence,https://drive.google.com/file/d/1hcsL4s-gHP_FAsv59Ok7sNH0brIFLWpW/view?usp=drivesdk,1hcsL4s-gHP_FAsv59Ok7sNH0brIFLWpW,
2026-07-31,4.3,4.3,4.3,4.3,exact,1.0,1.0,A股,realtime,derived/star_target_2025_2026.csv,direct_article_evidence,closing_statement,截止到收盘，回到4.3星,auto_high_confidence,https://drive.google.com/file/d/1PC8gPw5uVxdWz3O0oTjNcZnDRLfnpGuQ/view?usp=drivesdk,1PC8gPw5uVxdWz3O0oTjNcZnDRLfnpGuQ,
2026-08-03,4.3,4.3,4.3,4.3,exact,0.995,0.995,A股,realtime,derived/star_target_2025_2026.csv,direct_article_evidence,today_market_statement,今天大盘微跌，波动不大，还在4.3星,auto_high_confidence,https://drive.google.com/file/d/1Ck_i1s2RiVMLc75n36j4U-uDJLHTNAND/view?usp=drivesdk,1Ck_i1s2RiVMLc75n36j4U-uDJLHTNAND,
2026-08-04,4.2,4.2,4.2,4.2,exact,1.0,1.0,A股,realtime,derived/star_target_2025_2026.csv,direct_article_evidence,closing_statement,截止到收盘，回到4.2星,auto_high_confidence,https://drive.google.com/file/d/14IsMW0yFIq6DG3uqAuesIfYPDvoGhBuc/view?usp=drivesdk,14IsMW0yFIq6DG3uqAuesIfYPDvoGhBuc,
2026-08-05,4.1,4.1,4.1,4.1,exact,1.0,1.0,A股,realtime,derived/star_target_2025_2026.csv,direct_article_evidence,closing_statement,截止到收盘，回到4.1星,auto_high_confidence,https://drive.google.com/file/d/1AmEJSQI8F2eEWkPiVwRJj8RHNjWNx5fV/view?usp=drivesdk,1AmEJSQI8F2eEWkPiVwRJj8RHNjWNx5fV,
2026-08-06,4.1,4.1,4.1,4.1,exact,0.995,0.995,A股,realtime,derived/star_target_2025_2026.csv,direct_article_evidence,today_market_statement,今天大盘波动不大，还在4.1星,auto_high_confidence,https://drive.google.com/file/d/1dUQA2Bm_FJkvAn28usBCg6VZggH6eEnk/view?usp=drivesdk,1dUQA2Bm_FJkvAn28usBCg6VZggH6eEnk,
2026-08-07,4.0,4.0,4.0,4.0,exact,1.0,1.0,A股,realtime,derived/star_target_2025_2026.csv,direct_article_evidence,closing_statement,截止到收盘，回到4.0星,auto_high_confidence,https://drive.google.com/file/d/16Y1c7gfPem4eaaO_xZahqUvP6UiEjWlD/view?usp=drivesdk,16Y1c7gfPem4eaaO_xZahqUvP6UiEjWlD,
2026-08-10,4.0,4.0,4.0,4.0,exact,0.995,0.995,A股,realtime,derived/star_target_2025_2026.csv,direct_article_evidence,today_market_statement,今天大盘整体微涨，波动不大，回到4.0星,auto_high_confidence,https://drive.google.com/file/d/1t-KUPjMbGxIHzk5Fs-qAlrvfapcA3erU/view?usp=drivesdk,1t-KUPjMbGxIHzk5Fs-qAlrvfapcA3erU,
2026-08-11,4.1,4.1,4.1,4.1,exact,1.0,1.0,A股,realtime,derived/star_target_2025_2026.csv,direct_article_evidence,closing_statement,截止到收盘，回到4.1星,auto_high_confidence,https://drive.google.com/file/d/17ul8BRU12tILcrY6A4LgTFG5JwG_6j-N/view?usp=drivesdk,17ul8BRU12tILcrY6A4LgTFG5JwG_6j-N,
2026-08-12,4.0,4.0,4.0,4.0,exact,1.0,1.0,A股,realtime,derived/star_target_2025_2026.csv,direct_article_evidence,closing_statement,截止到收盘，回到4.0星,auto_high_confidence,https://drive.google.com/file/d/1guP6m3nQWAdGe0QBi3mp3Y1oHGRoniJl/view?usp=drivesdk,1guP6m3nQWAdGe0QBi3mp3Y1oHGRoniJl,
2026-08-13,4.1,4.1,4.1,4.1,exact,1.0,1.0,A股,realtime,derived/star_target_2025_2026.csv,direct_article_evidence,closing_statement,到收盘，回到了4.1星,auto_high_confidence,https://drive.google.com/file/d/177OMN7bovLRgv14MbmY_FLRBhDBrijsR/view?usp=drivesdk,177OMN7bovLRgv14MbmY_FLRBhDBrijsR,
2026-08-14,4.0,4.0,4.0,4.0,exact,0.99,0.99,A股,realtime,derived/star_target_2025_2026.csv,direct_article_evidence,image_star_fill,估值表顶部显示4颗完整星且无第5颗填充；与正文4.0-4.1星区间交叉确认4.0星,verified_image,https://drive.google.com/file/d/1FxbN2GDKpEnEOQD88malrbJpPI4iOkvi/view?usp=drivesdk,1FxbN2GDKpEnEOQD88malrbJpPI4iOkvi,图像中的小数填充与正文区间一致
2026-08-17,3.9,3.9,3.9,3.9,exact,1.0,1.0,A股,realtime,derived/star_target_2025_2026.csv,direct_article_evidence,closing_statement,截止到收盘，重新回到了3.9星,auto_high_confidence,https://drive.google.com/file/d/13J4BMImpjorbXJUQFjHAMAs1xnfO1Oln/view?usp=drivesdk,13J4BMImpjorbXJUQFjHAMAs1xnfO1Oln,
2026-08-18,3.9,3.9,3.9,3.9,exact,1.0,1.0,A股,realtime,derived/star_target_2025_2026.csv,direct_article_evidence,closing_statement,收盘，大盘达到了3.9星,auto_high_confidence,https://drive.google.com/file/d/1IyQxejTg8C8joWBfkITg_CUYkR6W3i7j/view?usp=drivesdk,1IyQxejTg8C8joWBfkITg_CUYkR6W3i7j,
2026-08-19,4.2,4.2,4.2,4.2,exact,1.0,1.0,A股,realtime,derived/star_target_2025_2026.csv,direct_article_evidence,closing_statement,到收盘回到4.2星,auto_high_confidence,https://drive.google.com/file/d/1fT60BNnrV3kk_TgMKppO6wf9hSdO_53i/view?usp=drivesdk,1fT60BNnrV3kk_TgMKppO6wf9hSdO_53i,
2026-08-20,4.1,4.1,4.1,4.1,exact,1.0,1.0,A股,realtime,derived/star_target_2025_2026.csv,direct_article_evidence,closing_statement,截止到收盘，回到4.1星,auto_high_confidence,https://drive.google.com/file/d/1OiFxbxYxKSJ7-gm2lsyYclCwai1fCVQQ/view?usp=drivesdk,1OiFxbxYxKSJ7-gm2lsyYclCwai1fCVQQ,
2026-08-21,4.1,4.1,4.1,4.1,exact,0.995,0.995,A股,realtime,derived/star_target_2025_2026.csv,direct_article_evidence,today_market_statement,今天大盘微涨微跌，波动不大，还在4.1星,auto_high_confidence,https://drive.google.com/file/d/1hgRzdMj0qtV_HzLp9kMZZby7ruYiyM7d/view?usp=drivesdk,1hgRzdMj0qtV_HzLp9kMZZby7ruYiyM7d,
2026-08-24,4.2,4.2,4.2,4.2,exact,1.0,1.0,A股,realtime,derived/star_target_2025_2026.csv,direct_article_evidence,closing_statement,到收盘，回到4.2星,auto_high_confidence,https://drive.google.com/file/d/1_V0JIkWWWtTsXSu12besqfGTobS6jlgA/view?usp=drivesdk,1_V0JIkWWWtTsXSu12besqfGTobS6jlgA,
2026-08-25,4.2,4.2,4.2,4.2,exact,0.99,0.99,A股,realtime,derived/star_target_2025_2026.csv,direct_article_evidence,opening_state_statement,还在4.2星,auto_high_confidence,https://drive.google.com/file/d/1qOaJDZ0nQEmkq_tvMJPPrRqVMUHOSL5B/view?usp=drivesdk,1qOaJDZ0nQEmkq_tvMJPPrRqVMUHOSL5B,
2026-08-26,4.1,4.1,4.1,4.1,exact,1.0,1.0,A股,realtime,derived/star_target_2025_2026.csv,direct_article_evidence,closing_statement,到收盘，回到4.1星,auto_high_confidence,https://drive.google.com/file/d/1iYKe0kJ44qPxaF9p2JVxl3Wx6nk46cg8/view?usp=drivesdk,1iYKe0kJ44qPxaF9p2JVxl3Wx6nk46cg8,
2026-08-27,4.1,4.1,4.1,4.1,exact,1.0,1.0,A股,realtime,derived/star_target_2025_2026.csv,direct_article_evidence,closing_statement,截止到收盘，还在4.1星,auto_high_confidence,https://drive.google.com/file/d/1Uzi7eMjr74OSVgvqaq4QpOKjGBwhoQb_/view?usp=drivesdk,1Uzi7eMjr74OSVgvqaq4QpOKjGBwhoQb_,
2026-08-28,4.1,4.1,4.1,4.1,exact,0.99,0.99,A股,realtime,derived/star_target_2025_2026.csv,direct_article_evidence,opening_state_statement,还在4.1星,auto_high_confidence,https://drive.google.com/file/d/1IioRYaRYgCXKi-BJQUGHOja7Beoy8rbh/view?usp=drivesdk,1IioRYaRYgCXKi-BJQUGHOja7Beoy8rbh,
2026-08-31,4.1,4.1,4.1,4.1,exact,1.0,1.0,A股,realtime,derived/star_target_2025_2026.csv,direct_article_evidence,closing_statement,截止到收盘，还在4.1星,auto_high_confidence,https://drive.google.com/file/d/1bCffb1_EALv48bQk4XDN0yRVO0q25jfF/view?usp=drivesdk,1bCffb1_EALv48bQk4XDN0yRVO0q25jfF,
