date,star,market,source_type,realtime_or_backfilled,confidence,evidence_method,evidence,review_status,drive_file_id,drive_url,title,notes,image_drive_file_id,image_drive_url
2025-01-02,5.2,A股,公众号当日估值文章,realtime,1.0,closing_statement,截止到收盘，回到5.2星,auto_high_confidence,13ERqmF-quaos1t3uwIFRKAnik3NPLqgc,https://drive.google.com/file/d/13ERqmF-quaos1t3uwIFRKAnik3NPLqgc/view?usp=drivesdk,［1月2日］指数估值数据(开年大跌的原因；红利指数估值表更新；指数日报更新）,,,
2025-01-03,5.2,A股,公众号当日估值文章,realtime,1.0,closing_statement,截止到收盘，还在5.2星,auto_high_confidence,1myCkuClIFPpxBo-idmk1IBqqmo8LRxoq,https://drive.google.com/file/d/1myCkuClIFPpxBo-idmk1IBqqmo8LRxoq/view?usp=drivesdk,［1月3日］指数估值数据(小微盘股，从炒作到下跌，会对我们投资产生影响么；抽奖福利）,,,
2025-01-07,5.2,A股,公众号当日估值文章,realtime,0.995,today_market_statement,今天大盘低开高走，全天整体上涨，回到5.2星,auto_high_confidence,1Z0AB4mv1v9WZm1ZXzZOfUIFWqJw6NRiZ,https://drive.google.com/file/d/1Z0AB4mv1v9WZm1ZXzZOfUIFWqJw6NRiZ/view?usp=drivesdk,［1月7日］指数估值数据(螺丝钉定投实盘第348期：投顾组合发车）,,,
2025-01-08,5.2,A股,公众号当日估值文章,realtime,0.99,opening_state_statement,还在5.2星,auto_high_confidence,1Grou9FdQ3AvFmJc_yselg_uQMvUu8yXe,https://drive.google.com/file/d/1Grou9FdQ3AvFmJc_yselg_uQMvUu8yXe/view?usp=drivesdk,［1月8日］指数估值数据(A股深V反弹；价值投资在A股有效吗）,,,
2025-01-09,5.2,A股,公众号当日估值文章,realtime,1.0,closing_statement,截止到收盘，还在5.2星,auto_high_confidence,1Df7RqjImR7nhwdlPnLdRA22jFVdIzDED,https://drive.google.com/file/d/1Df7RqjImR7nhwdlPnLdRA22jFVdIzDED/view?usp=drivesdk,［1月9日］指数估值数据(高溢价的ETF还能买吗；红利指数估值表更新；抄底达人徽章来了）,,,
2025-01-10,5.3,A股,公众号当日估值文章,realtime,1.0,closing_statement,截止到收盘，大盘回到5.3星,auto_high_confidence,17IO1sDp_d77A7Td42Fhrv2xHzkOYc2Jh,https://drive.google.com/file/d/17IO1sDp_d77A7Td42Fhrv2xHzkOYc2Jh/view?usp=drivesdk,［1月10日］指数估值数据(股债回调；基金会不会卖不出去呢；抽奖福利）,,,
2025-01-13,5.3,A股,公众号当日估值文章,realtime,1.0,closing_statement,截止到收盘，还在5.3星,auto_high_confidence,1OitBHY9-LeAoxnlLf0B4Tj-1TSjylNXF,https://drive.google.com/file/d/1OitBHY9-LeAoxnlLf0B4Tj-1TSjylNXF/view?usp=drivesdk,［1月13日］指数估值数据(红利指数的优缺点是什么；月薪宝发薪日）,,,
2025-01-14,5.2,A股,公众号当日估值文章,realtime,0.995,today_market_statement,今天大盘低开高走，整体上涨，回到5.2星,auto_high_confidence,1keYsupoIlKWBrZJtL_ucf4sjtAW1ujm5,https://drive.google.com/file/d/1keYsupoIlKWBrZJtL_ucf4sjtAW1ujm5/view?usp=drivesdk,［1月14日］指数估值数据(螺丝钉定投实盘第349期：投顾组合发车）,,,
2025-01-15,5.2,A股,公众号当日估值文章,realtime,1.0,closing_statement,截止到收盘，还在5.2星,auto_high_confidence,1LydqK2JJ8CCq54Jn3qgThb8E-NuIDJ_X,https://drive.google.com/file/d/1LydqK2JJ8CCq54Jn3qgThb8E-NuIDJ_X/view?usp=drivesdk,［1月15日］指数估值数据(债券基金也会有熊市吗；领取抄底达人徽章）,,,
2025-01-16,5.2,A股,公众号当日估值文章,realtime,0.995,today_market_statement,今天大盘整体微涨，还在5.2星,auto_high_confidence,19O67EQn9ZPRw3g9vVdYIZpBTmFLwgdpt,https://drive.google.com/file/d/19O67EQn9ZPRw3g9vVdYIZpBTmFLwgdpt/view?usp=drivesdk,［1月16日］指数估值数据(想要获得分红，买啥基金呢；红利指数估值表更新；指数日报更新）,,,
2025-01-20,5.1,A股,公众号当日估值文章,realtime,1.0,closing_statement,截止到收盘，回到5.1星,auto_high_confidence,102FABcO4xSbsU8pYfWsEefhtARRIsAPU,https://drive.google.com/file/d/102FABcO4xSbsU8pYfWsEefhtARRIsAPU/view?usp=drivesdk,［1月20日］指数估值数据(A股港股整体上涨；牛市买老基，熊市买新基，有道理吗；月薪宝发薪日；黄金星级更新）,,,
2025-01-21,5.1,A股,公众号当日估值文章,realtime,0.99,opening_state_statement,还在5.1星,auto_high_confidence,1Llg0C1b_Cb6ssotvK96pzPBQFPZjNPLe,https://drive.google.com/file/d/1Llg0C1b_Cb6ssotvK96pzPBQFPZjNPLe/view?usp=drivesdk,［1月21日］指数估值数据(螺丝钉定投实盘第350期：投顾组合发车）,,,
2025-01-22,5.2,A股,公众号当日估值文章,realtime,1.0,closing_statement,截止到收盘，回到5.2星,auto_high_confidence,1vYUu5TWD_BcogpQ1fwSYldcXTr6St3Bh,https://drive.google.com/file/d/1vYUu5TWD_BcogpQ1fwSYldcXTr6St3Bh/view?usp=drivesdk,［1月22日］指数估值数据(A股港股下跌，利空来袭，影响大么）,,,
2025-01-23,5.2,A股,公众号当日估值文章,realtime,0.995,today_market_statement,今天大盘开盘上涨，不过之后回落，全天下来微涨微跌，还在5.2星,auto_high_confidence,1PA2YBJCFz5WFp_H6QBk46WfBWHzkXsrm,https://drive.google.com/file/d/1PA2YBJCFz5WFp_H6QBk46WfBWHzkXsrm/view?usp=drivesdk,［1月23日］指数估值数据(长期资金入市，会给A股带来改变吗；红利指数、养老指数估值表更新；指数日报更新）,,,
2025-01-24,5.1,A股,公众号当日估值文章,realtime,1.0,closing_statement,截止到收盘，回到5.1星,auto_high_confidence,1bQeCdDPbtrIMw9BwmOnOwQnAt7vlsRSH,https://drive.google.com/file/d/1bQeCdDPbtrIMw9BwmOnOwQnAt7vlsRSH/view?usp=drivesdk,［1月24日］指数估值数据(港股大涨；假期前买啥还有收益；假期安排）,,,
2025-01-27,5.2,A股,公众号当日估值文章,realtime,0.99,opening_state_statement,回到5.2星,auto_high_confidence,1mv1LmTbnRzbaW6eCALRglLPe-XbGkPgu,https://drive.google.com/file/d/1mv1LmTbnRzbaW6eCALRglLPe-XbGkPgu/view?usp=drivesdk,［1月27日］指数估值数据(免费领蛇年红包封面；指数基金为啥占比越来越高；春节快乐）,,,
2025-02-05,5.1,A股,公众号当日估值文章,realtime,1.0,closing_statement,截止到收盘，还在5.1星,auto_high_confidence,1-0ojzt8GpqmLtMi6Ww_w8Q4toBNL6WpG,https://drive.google.com/file/d/1-0ojzt8GpqmLtMi6Ww_w8Q4toBNL6WpG/view?usp=drivesdk,［2月5日］指数估值数据(大盘高开低走，成长价值风格轮动，该如何搭配；实时星级从哪看）,,,
2025-02-06,5.1,A股,公众号当日估值文章,realtime,1.0,closing_statement,截止到收盘，大盘整体上涨，还在5.1星,auto_high_confidence,1bytvtstPhvPvmHBOa70JrZ6JzFVYeNqL,https://drive.google.com/file/d/1bytvtstPhvPvmHBOa70JrZ6JzFVYeNqL/view?usp=drivesdk,［2月6日］指数估值数据(普涨行情；基金经理离职怎么办；红利指数估值表更新；指数日报更新）,,,
2025-02-07,5.0,A股,公众号当日估值文章,realtime,0.99,opening_state_statement,回到5星,auto_high_confidence,1-LI4uSX5GOhgfYYiydUxzk27bfsZSAnF,https://drive.google.com/file/d/1-LI4uSX5GOhgfYYiydUxzk27bfsZSAnF/view?usp=drivesdk,［2月7日］指数估值数据(继续上涨，回到5星；港股科技类指数怎么选择；抽奖福利）,,,
2025-02-10,5.0,A股,公众号当日估值文章,realtime,1.0,closing_statement,截止到收盘，还在5星,auto_high_confidence,1BRX8hNb5tTcl08VDFgAOTqkCWFzmdEwD,https://drive.google.com/file/d/1BRX8hNb5tTcl08VDFgAOTqkCWFzmdEwD/view?usp=drivesdk,［2月10日］指数估值数据(港股领涨A股会跟上么；基金持股规模增长，资金从哪里来；月薪宝发薪日；黄金星级更新）,,,
2025-02-11,5.0,A股,公众号当日估值文章,realtime,1.0,closing_statement,截止到收盘，还在5星,auto_high_confidence,1kPK9un37YbX66wfv9p2zHrfd3d5z9_Xu,https://drive.google.com/file/d/1kPK9un37YbX66wfv9p2zHrfd3d5z9_Xu/view?usp=drivesdk,［2月11日］指数估值数据(螺丝钉定投实盘第351期：投顾组合发车；个人养老金定投实盘第1期）,,,
2025-02-12,5.0,A股,公众号当日估值文章,realtime,1.0,closing_statement,截止到收盘，还在5星,auto_high_confidence,1ZxtYYvFhyZpxXVhiHmYvIlwV5ZAQO5bq,https://drive.google.com/file/d/1ZxtYYvFhyZpxXVhiHmYvIlwV5ZAQO5bq/view?usp=drivesdk,［2月12日］指数估值数据(港股科技大涨，还在低估吗；红利指数低迷，该如何看待）,,,
2025-02-13,5.0,A股,公众号当日估值文章,realtime,0.99,opening_state_statement,还在5星,auto_high_confidence,114EVe43zrKwhBD-LvGJdzw7XcSK1J8sO,https://drive.google.com/file/d/114EVe43zrKwhBD-LvGJdzw7XcSK1J8sO/view?usp=drivesdk,［2月13日］指数估值数据(投资债券基金怎么选；红利指数估值表更新；指数日报更新）,,,
2025-02-14,5.0,A股,公众号当日估值文章,realtime,1.0,closing_statement,截止到收盘，还在5星,auto_high_confidence,1TH1fndCqzf5vFgnTKju0Lwlj9SqTAaFc,https://drive.google.com/file/d/1TH1fndCqzf5vFgnTKju0Lwlj9SqTAaFc/view?usp=drivesdk,［2月14日］指数估值数据(港股科技股大涨，有哪些对应的指数；免费领抄底达人奖章；抽奖福利）,,,
2025-02-17,4.9,A股,公众号当日估值文章,realtime,0.985,dated_current_statement,目前2025年2月17日，市场在4.9星级,auto_high_confidence,1EKW1MV0BC-mdr3YK7NF5wkxks7TRNhSo,https://drive.google.com/file/d/1EKW1MV0BC-mdr3YK7NF5wkxks7TRNhSo/view?usp=drivesdk,［2月17日］指数估值数据(牛市会一路涨上去吗；月薪宝发薪日；黄金星级更新）,,,
2025-02-18,5.0,A股,公众号当日估值文章,realtime,1.0,closing_statement,到收盘回到5星,auto_high_confidence,1OHTp0dWotyfd8mc1bP8B6oIIKecrAWFk,https://drive.google.com/file/d/1OHTp0dWotyfd8mc1bP8B6oIIKecrAWFk/view?usp=drivesdk,［2月18日］指数估值数据(螺丝钉定投实盘第352期：投顾组合发车；个人养老金定投实盘第2期）,,,
2025-02-19,4.9,A股,公众号当日估值文章,realtime,1.0,manual_verification,今天大盘整体上涨，截止到收盘，又回到4.9星。,verified_manual,1efHhNEj-gZ5xltGmGzUwS3EVa_e2rrPO,https://drive.google.com/file/d/1efHhNEj-gZ5xltGmGzUwS3EVa_e2rrPO/view?usp=drivesdk,［2月19日］指数估值数据(A股上涨，回到4.9星；如果回到3星，大盘是多少点呢）,正文明确给出当日收盘星级,,
2025-02-20,4.9,A股,公众号当日估值文章,realtime,0.995,today_market_statement,今天大盘微涨微跌，波动不大，还在4.9星,auto_high_confidence,1y0e-eejoln-Y8k1jf9oIgniFVXQogCPx,https://drive.google.com/file/d/1y0e-eejoln-Y8k1jf9oIgniFVXQogCPx/view?usp=drivesdk,［2月20日］指数估值数据(港股科技回调，医疗大涨；自由现金流指数是什么；红利指数估值表更新；百分位估值表更新）,,,
2025-02-21,4.9,A股,公众号当日估值文章,realtime,1.0,closing_statement,截止到收盘，还在4.9星,auto_high_confidence,1_lGURxopHk9RU_PFxzSO1KafY6zoKVVC,https://drive.google.com/file/d/1_lGURxopHk9RU_PFxzSO1KafY6zoKVVC/view?usp=drivesdk,［2月21日］指数估值数据(港股科技大涨；成长风格上涨，价值风格低迷；抽奖福利）,,,
2025-02-24,4.9,A股,公众号当日估值文章,realtime,0.995,today_market_statement,今天大盘微涨微跌，波动不大，还在4.9星,auto_high_confidence,1NZ0ELwncqDg4kXAd9d8ZI2oHtfxQbPxo,https://drive.google.com/file/d/1NZ0ELwncqDg4kXAd9d8ZI2oHtfxQbPxo/view?usp=drivesdk,［2月24日］指数估值数据(港股科技股回调；长期纯债基金大跌，该怎么办；月薪宝发薪日；黄金星级更新）,,,
2025-02-25,4.9,A股,公众号当日估值文章,realtime,1.0,closing_statement,截止到收盘，还在4.9星,auto_high_confidence,1hLrznvxYeFoHl7QAquvGUBrPqtB2faai,https://drive.google.com/file/d/1hLrznvxYeFoHl7QAquvGUBrPqtB2faai/view?usp=drivesdk,［2月25日］指数估值数据(螺丝钉定投实盘第353期：投顾组合发车；个人养老金定投实盘第3期）,,,
2025-02-26,4.9,A股,公众号当日估值文章,realtime,1.0,closing_statement,截止到收盘，还在4.9星,auto_high_confidence,1rPjUN--5dpYC4-As0lLeNPMKpuIUNJ0Q,https://drive.google.com/file/d/1rPjUN--5dpYC4-As0lLeNPMKpuIUNJ0Q/view?usp=drivesdk,［2月26日］指数估值数据(港股科技大幅上涨；中证全指基金要来了）,,,
2025-02-27,4.9,A股,公众号当日估值文章,realtime,0.99,opening_state_statement,还在4.9星,auto_high_confidence,1efnW7dYEVo8ASVfI38Ku7AeAY9YyQ182,https://drive.google.com/file/d/1efnW7dYEVo8ASVfI38Ku7AeAY9YyQ182/view?usp=drivesdk,［2月27日］指数估值数据(港股指数要调仓，对收益有什么影响；红利指数估值表更新；指数日报更新）,,,
2025-02-28,5.0,A股,公众号当日估值文章,realtime,1.0,closing_statement,截止到收盘，回到5星,auto_high_confidence,1fHTkJmfFYiBbf4ghG5q5u2euquiol7Lh,https://drive.google.com/file/d/1fHTkJmfFYiBbf4ghG5q5u2euquiol7Lh/view?usp=drivesdk,［2月28日］指数估值数据(A股港股大幅回调，回到5星；全球股市下跌；抽奖福利）,,,
2025-03-03,5.0,A股,公众号当日估值文章,realtime,0.985,dated_current_statement,目前2025年3月3日，市场在5.0星级,auto_high_confidence,1lUzUzS94OllGymB179Tf-WkDjpjD7gM7,https://drive.google.com/file/d/1lUzUzS94OllGymB179Tf-WkDjpjD7gM7/view?usp=drivesdk,［3月3日］指数估值数据(指数基金这么多，如何投资更稳妥；月薪宝发薪日；黄金星级更新）,,,
2025-03-04,4.9,A股,公众号当日估值文章,realtime,1.0,closing_statement,到收盘大盘微涨，回到4.9星,auto_high_confidence,10VWZd8haIzdm6vFdQ-ckadXOPe8Q4Xhk,https://drive.google.com/file/d/10VWZd8haIzdm6vFdQ-ckadXOPe8Q4Xhk/view?usp=drivesdk,［3月4日］指数估值数据(螺丝钉定投实盘第354期：投顾组合发车；个人养老金定投实盘第4期）,,,
2025-03-05,4.9,A股,公众号当日估值文章,realtime,0.995,today_market_statement,今天大盘低开高走，全天上涨，还在4.9星,auto_high_confidence,1DByj2hdd75lkc_Lyp9q6c7aiTJ9g0_ys,https://drive.google.com/file/d/1DByj2hdd75lkc_Lyp9q6c7aiTJ9g0_ys/view?usp=drivesdk,［3月5日］指数估值数据(港股科技股大涨；投资股票指数，收益从哪里来）,,,
2025-03-06,4.9,A股,公众号当日估值文章,realtime,1.0,closing_statement,截止到收盘，还在4.9星,auto_high_confidence,1NA12Nfnkw3L1V71tL0kT4yUgsgW-d5U_,https://drive.google.com/file/d/1NA12Nfnkw3L1V71tL0kT4yUgsgW-d5U_/view?usp=drivesdk,［3月6日］指数估值数据(港股继续大涨，港股估值如何；红利指数估值表更新；百分位估值表更新）,,,
2025-03-07,4.9,A股,公众号当日估值文章,realtime,1.0,closing_statement,截止到收盘还在4.9星,auto_high_confidence,146f2SlFYaR8frIPdwUdNbMXJDNb9aLz7,https://drive.google.com/file/d/146f2SlFYaR8frIPdwUdNbMXJDNb9aLz7/view?usp=drivesdk,［3月7日］指数估值数据(股票稳定，债券下跌；市盈率和市净率百分位，该看哪个；抽奖福利）,,,
2025-03-10,4.9,A股,公众号当日估值文章,realtime,1.0,closing_statement,收盘的时候反弹了起来，全天微跌，还在4.9星,auto_high_confidence,10q27bWKqK5I4idArWyLBzn-06xfe0loE,https://drive.google.com/file/d/10q27bWKqK5I4idArWyLBzn-06xfe0loE/view?usp=drivesdk,［3月10日］指数估值数据(美元汇率大跌，对A股港股有利吗；月薪宝发薪日；黄金星级更新）,,,
2025-03-11,4.9,A股,公众号当日估值文章,realtime,0.99,opening_state_statement,还在4.9星,auto_high_confidence,1wMm_SfGbyGLeZLyRS4K_4iD_Q-44YjIk,https://drive.google.com/file/d/1wMm_SfGbyGLeZLyRS4K_4iD_Q-44YjIk/view?usp=drivesdk,［3月11日］指数估值数据(螺丝钉定投实盘第355期：投顾组合发车；个人养老金定投实盘第5期；养老指数估值表更新）,,,
2025-03-12,4.9,A股,公众号当日估值文章,realtime,0.995,today_market_statement,今天大盘微跌，波动不大，还在4.9星,auto_high_confidence,1uPwH_TP0zKlF1gZebXrSMk5Re7vWL4yi,https://drive.google.com/file/d/1uPwH_TP0zKlF1gZebXrSMk5Re7vWL4yi/view?usp=drivesdk,［3月12日］指数估值数据(美股出现波动，目前估值怎么样）,,,
2025-03-13,4.9,A股,公众号当日估值文章,realtime,0.995,today_market_statement,今天大盘整体下跌，到下午跌幅缩小，还在4.9星,auto_high_confidence,1CFMi7OOI3SqAF2kQoz8mz2U_NJhobHW2,https://drive.google.com/file/d/1CFMi7OOI3SqAF2kQoz8mz2U_NJhobHW2/view?usp=drivesdk,［3月13日］指数估值数据(推动中长期资金入市，对A股有何作用；红利指数估值表更新；指数日报更新）,,,
2025-03-14,4.8,A股,公众号当日估值文章,realtime,1.0,closing_statement,截止到收盘，回到4.8星,auto_high_confidence,10Jxh2AMcLVE3nSbmlTze-E7MVAQDuz2y,https://drive.google.com/file/d/10Jxh2AMcLVE3nSbmlTze-E7MVAQDuz2y/view?usp=drivesdk,［3月14日］指数估值数据(上涨回到4.8星级；消费白酒还在低估吗；抽奖福利）,,,
2025-03-17,4.8,A股,公众号当日估值文章,realtime,0.995,today_market_statement,今天大盘微涨微跌，还在4.8星,auto_high_confidence,1_a9LSkAy5jTFAVy28sOi8cSm_dIZrHRf,https://drive.google.com/file/d/1_a9LSkAy5jTFAVy28sOi8cSm_dIZrHRf/view?usp=drivesdk,［3月17日］指数估值数据(股票上涨，债券下跌；消费利好来了，还在低估吗；月薪宝发薪日；黄金星级更新）,,,
2025-03-18,4.8,A股,公众号当日估值文章,realtime,0.995,today_market_statement,今天大盘整体微涨，波动不大，还在4.8星,auto_high_confidence,1xjozAf9q6JnJKDiOl6HRRUdijzddJju8,https://drive.google.com/file/d/1xjozAf9q6JnJKDiOl6HRRUdijzddJju8/view?usp=drivesdk,［3月18日］指数估值数据(螺丝钉定投实盘第356期：投顾组合发车；个人养老金定投实盘第6期；养老指数估值表更新）,,,
2025-03-19,4.8,A股,公众号当日估值文章,realtime,0.995,today_market_statement,今天A股港股微涨微跌，波动不大，还在4.8星,auto_high_confidence,1FHX3eQl_SL0DMFwlb48a7tWgVoRbXqgx,https://drive.google.com/file/d/1FHX3eQl_SL0DMFwlb48a7tWgVoRbXqgx/view?usp=drivesdk,［3月19日］指数估值数据(债券基金下跌了，投资价值如何？）,,,
2025-03-20,4.8,A股,公众号当日估值文章,realtime,1.0,closing_statement,截止到收盘，还在4.8星,auto_high_confidence,1E08oxboYFKlgBS_eGHK4XWTBm6lPlAJx,https://drive.google.com/file/d/1E08oxboYFKlgBS_eGHK4XWTBm6lPlAJx/view?usp=drivesdk,［3月20日］指数估值数据(港股大跌恒生科技到低估了么；定期分红基金为何会越来越多；百分位估值表更新）,,,
2025-03-21,4.9,A股,公众号当日估值文章,realtime,0.99,opening_state_statement,回到4.9星,auto_high_confidence,1ifWQSCwYh6I9cmDmRBgXS89Pi0wVcR-k,https://drive.google.com/file/d/1ifWQSCwYh6I9cmDmRBgXS89Pi0wVcR-k/view?usp=drivesdk,［3月21日］指数估值数据(市场下跌的原因；A股港股还会上涨么；抽奖福利）,,,
2025-03-24,4.9,A股,公众号当日估值文章,realtime,1.0,closing_statement,到收盘的时候还在4.9星,auto_high_confidence,1LBnkUxDtrVgdYk6_sk6REIgHcg6PMHXr,https://drive.google.com/file/d/1LBnkUxDtrVgdYk6_sk6REIgHcg6PMHXr/view?usp=drivesdk,［3月24日］指数估值数据(神奇两点半大盘反弹；投资不同类型指数需要注意什么；月薪宝发薪日；黄金星级更新）,,,
2025-03-25,4.9,A股,公众号当日估值文章,realtime,0.995,today_market_statement,今天大盘整体微跌，波动不大，还在4.9星,auto_high_confidence,1FOfblp81yHrxbfyX6xw1TPtoQ3RUxrSm,https://drive.google.com/file/d/1FOfblp81yHrxbfyX6xw1TPtoQ3RUxrSm/view?usp=drivesdk,［3月25日］指数估值数据(螺丝钉定投实盘第357期：投顾组合发车；个人养老金定投实盘第7期；养老指数估值表更新）,,,
2025-03-26,4.9,A股,公众号当日估值文章,realtime,1.0,closing_statement,收盘，还在4.9星,auto_high_confidence,1AYZuzS5ukukI0yI3IfUsRdwCS_o6yTTA,https://drive.google.com/file/d/1AYZuzS5ukukI0yI3IfUsRdwCS_o6yTTA/view?usp=drivesdk,［3月26日］指数估值数据(如何提高财产性收入；通过基金赚钱，算不劳而获吗）,,,
2025-03-27,4.9,A股,公众号当日估值文章,realtime,1.0,closing_statement,截止到收盘，还在4.9星,auto_high_confidence,1NbvzvRqQ1UAsLx7AxE4iFg60PUZ-QYRN,https://drive.google.com/file/d/1NbvzvRqQ1UAsLx7AxE4iFg60PUZ-QYRN/view?usp=drivesdk,［3月27日］指数估值数据(港股科技、恒生科技有啥区别；红利指数估值表更新；指数日报更新）,,,
2025-03-31,5.0,A股,公众号当日估值文章,realtime,1.0,closing_statement,截止到收盘，回到5星,auto_high_confidence,116KZg19DX--fjZe1k5WSe4JC4YeZp2F7,https://drive.google.com/file/d/116KZg19DX--fjZe1k5WSe4JC4YeZp2F7/view?usp=drivesdk,［3月31日］指数估值数据(回到5星；全球股市大跌对我们投资有什么影响；月薪宝发薪日；黄金星级更新）,,,
2025-04-01,5.0,A股,公众号当日估值文章,realtime,1.0,closing_statement,截止到收盘，还在5星,auto_high_confidence,19dkYWxzFjHqoOGX2vr_ym1L_ZB9Td-lN,https://drive.google.com/file/d/19dkYWxzFjHqoOGX2vr_ym1L_ZB9Td-lN/view?usp=drivesdk,［4月1日］指数估值数据(螺丝钉定投实盘第358期：投顾组合发车；个人养老金定投实盘第8期；养老指数估值表更新）,,,
2025-04-02,5.0,A股,公众号当日估值文章,realtime,1.0,closing_statement,截止到收盘，还在5星,auto_high_confidence,1dzxFx5N-_iT1HlVWFzsNyg5erU-nQtwq,https://drive.google.com/file/d/1dzxFx5N-_iT1HlVWFzsNyg5erU-nQtwq/view?usp=drivesdk,［4月2日］指数估值数据(港股指数有哪些，投资价值如何？）,,,
2025-04-03,5.0,A股,公众号当日估值文章,realtime,1.0,closing_statement,截止到收盘，还在5星,auto_high_confidence,1xs49it6SJw1PWa-Gcox_cZegPeQ1lAXx,https://drive.google.com/file/d/1xs49it6SJw1PWa-Gcox_cZegPeQ1lAXx/view?usp=drivesdk,［4月3日］指数估值数据(全球市场大跌，关税政策落地；红利指数估值表更新；百分位估值表更新）,,,
2025-04-07,5.4,A股,公众号当日估值文章,realtime,0.99,opening_state_statement,重回5.4星,auto_high_confidence,1ipVBto1fm0_kCClIDYNfrqOE95aPPDbj,https://drive.google.com/file/d/1ipVBto1fm0_kCClIDYNfrqOE95aPPDbj/view?usp=drivesdk,［4月7日］指数估值数据(全球股市暴跌，回到5.4星级；月薪宝发薪日）,,,
2025-04-08,5.3,A股,公众号当日估值文章,realtime,1.0,closing_statement,到收盘变成上涨，回到5.3星,auto_high_confidence,1AHLUvT-UxObukH-PjTTyrsHauVkNfmXG,https://drive.google.com/file/d/1AHLUvT-UxObukH-PjTTyrsHauVkNfmXG/view?usp=drivesdk,［4月8日］指数估值数据(螺丝钉定投实盘第359期：投顾组合发车；个人养老金定投实盘第9期；养老指数估值表更新）,,,
2025-04-09,5.3,A股,公众号当日估值文章,realtime,0.99,opening_state_statement,回到5.3星,auto_high_confidence,1wTr7xR7B4Qerldw80e6028q18VwKtpqa,https://drive.google.com/file/d/1wTr7xR7B4Qerldw80e6028q18VwKtpqa/view?usp=drivesdk,［4月9日］指数估值数据(A股港股深V反弹；国家队大举买指数基金，有什么特点？）,,,
2025-04-10,5.2,A股,公众号当日估值文章,realtime,0.99,opening_state_statement,回到5.2星,auto_high_confidence,1T2k7xoNIzxKLmGAMfm9vA47WMVyEMVBA,https://drive.google.com/file/d/1T2k7xoNIzxKLmGAMfm9vA47WMVyEMVBA/view?usp=drivesdk,［4月10日］指数估值数据(全球股市反弹；国家队贷款买指数基金划算么；红利专题估值表更新；指数日报更新）,,,
2025-04-11,5.2,A股,公众号当日估值文章,realtime,1.0,closing_statement,到收盘变成上涨，还在5.2星,auto_high_confidence,17FHbFk9MBdwzJkMNtbjittZjyqHCM7T3,https://drive.google.com/file/d/17FHbFk9MBdwzJkMNtbjittZjyqHCM7T3/view?usp=drivesdk,［4月11日］指数估值数据(A股港股继续上涨；中概会受美股退市影响么；港股专题估值表更新；抽奖福利）,,,
2025-04-14,5.1,A股,公众号当日估值文章,realtime,1.0,closing_statement,截止到收盘，回到5.1星,auto_high_confidence,1kkdx68aOKQ3HfIegGNvJYoNrxL-f9FKd,https://drive.google.com/file/d/1kkdx68aOKQ3HfIegGNvJYoNrxL-f9FKd/view?usp=drivesdk,［4月14日］指数估值数据(上涨回到5.1星；港股医药指数的分类；月薪宝发薪日；黄金星级更新）,,,
2025-04-15,5.1,A股,公众号当日估值文章,realtime,0.99,opening_state_statement,还在5.1星,auto_high_confidence,1JxJN4CbwTH1VkLq-zpShzKhTofqjH3Se,https://drive.google.com/file/d/1JxJN4CbwTH1VkLq-zpShzKhTofqjH3Se/view?usp=drivesdk,［4月15日］指数估值数据(螺丝钉定投实盘第360期：投顾组合发车；个人养老金定投实盘第10期；养老指数估值表更新）,,,
2025-04-16,5.2,A股,公众号当日估值文章,realtime,0.99,opening_state_statement,回到5.2星,auto_high_confidence,12lsayY7Zg0lFwOhHgCZTkuFsgKo4F3B6,https://drive.google.com/file/d/12lsayY7Zg0lFwOhHgCZTkuFsgKo4F3B6/view?usp=drivesdk,［4月16日］指数估值数据(神奇两点半再现；国家队买入指数基金，会卖出么）,,,
2025-04-18,5.2,A股,公众号当日估值文章,realtime,1.0,closing_statement,截止到收盘，还在5.2星,auto_high_confidence,1ZY2UBZbY1zPY-rKVTMZSySg5LedFcM2R,https://drive.google.com/file/d/1ZY2UBZbY1zPY-rKVTMZSySg5LedFcM2R/view?usp=drivesdk,［4月18日］指数估值数据(GDP增长，和股价上涨，是啥关系；港股专题估值表更新；抽奖福利）,,,
2025-04-21,5.1,A股,公众号当日估值文章,realtime,1.0,closing_statement,截止到收盘，回到5.1星,auto_high_confidence,16ZclwmqRVK5P5xjkEYVp-gnYRvMJVitp,https://drive.google.com/file/d/16ZclwmqRVK5P5xjkEYVp-gnYRvMJVitp/view?usp=drivesdk,［4月21日］指数估值数据(怎么看国家队买了多少指数基金；月薪宝要高估止盈吗；月薪宝发薪日；黄金星级更新）,,,
2025-04-22,5.1,A股,公众号当日估值文章,realtime,1.0,closing_statement,到收盘微涨微跌，波动不大，还在5.1星,auto_high_confidence,1CnUL7fST6vXG13M9ryXjdDRYrdztZGcZ,https://drive.google.com/file/d/1CnUL7fST6vXG13M9ryXjdDRYrdztZGcZ/view?usp=drivesdk,［4月22日］指数估值数据(螺丝钉定投实盘第361期：投顾组合发车；个人养老金定投实盘第11期；养老指数估值表更新）,,,
2025-04-23,5.1,A股,公众号当日估值文章,realtime,1.0,closing_statement,截止到收盘，还在5.1星,auto_high_confidence,1YXc5WrCWWuWwoJ6Idz7hdnarxmjUx8x2,https://drive.google.com/file/d/1YXc5WrCWWuWwoJ6Idz7hdnarxmjUx8x2/view?usp=drivesdk,［4月23日］指数估值数据(港股大幅反弹；黄金如何止盈呢）,,,
2025-04-24,5.1,A股,公众号当日估值文章,realtime,1.0,closing_statement,截止到收盘，还在5.1星,auto_high_confidence,1uYzQeFh1mSevb31QEndNsIwhXOwpjBnW,https://drive.google.com/file/d/1uYzQeFh1mSevb31QEndNsIwhXOwpjBnW/view?usp=drivesdk,［4月24日］指数估值数据(红利指数股息率为何比以前高了；红利专题估值表更新；指数日报更新）,,,
2025-04-25,5.1,A股,公众号当日估值文章,realtime,0.995,today_market_statement,今天大盘微涨微跌，波动不大，还在5.1星,auto_high_confidence,10gmTIf5alHN5O_x5TsRsS_VdSWwm8GAE,https://drive.google.com/file/d/10gmTIf5alHN5O_x5TsRsS_VdSWwm8GAE/view?usp=drivesdk,［4月25日］指数估值数据(难就难在坚持上；港股专题估值表更新）,,,
2025-04-28,5.1,A股,公众号当日估值文章,realtime,1.0,closing_statement,截止到收盘，还在5.1星,auto_high_confidence,1E4ZK7RzilX619mAW4B4-vnlW0IpAt4UH,https://drive.google.com/file/d/1E4ZK7RzilX619mAW4B4-vnlW0IpAt4UH/view?usp=drivesdk,［4月28日］指数估值数据(消费类指数有哪些；月薪宝发薪日；黄金星级更新）,,,
2025-04-29,5.1,A股,公众号当日估值文章,realtime,1.0,closing_statement,截止到收盘，还在5.1星,auto_high_confidence,1x9Ljig2j1fbt1V9MviUGWwnrazVr4MFO,https://drive.google.com/file/d/1x9Ljig2j1fbt1V9MviUGWwnrazVr4MFO/view?usp=drivesdk,［4月29日］指数估值数据(螺丝钉定投实盘第362期：投顾组合发车；个人养老金定投实盘第12期；养老指数估值表更新）,,,
2025-04-30,5.1,A股,公众号当日估值文章,realtime,1.0,closing_statement,截止到收盘，还在5.1星,auto_high_confidence,1rq2jOGhABv_PdTJnKG06ZJSaVK4t5Hdl,https://drive.google.com/file/d/1rq2jOGhABv_PdTJnKG06ZJSaVK4t5Hdl/view?usp=drivesdk,［4月30日］指数估值数据(财报更新，上市公司盈利增长情况如何？）,,,
2025-05-06,5.1,A股,公众号当日估值文章,realtime,1.0,closing_statement,截止到收盘，在5.1星,auto_high_confidence,1wbfeDha-oPHrrdRDv6A3t8F_Y5WlKixN,https://drive.google.com/file/d/1wbfeDha-oPHrrdRDv6A3t8F_Y5WlKixN/view?usp=drivesdk,［5月6日］指数估值数据(螺丝钉定投实盘第363期：投顾组合发车；个人养老金定投实盘第13期；养老指数估值表更新),,,
2025-05-07,5.0,A股,公众号当日估值文章,realtime,0.995,today_market_statement,今天大盘高开低走，整体上涨，回到5星,auto_high_confidence,1A3oAOPvG43i4Srv4ybiC1s8Pm9QseF7g,https://drive.google.com/file/d/1A3oAOPvG43i4Srv4ybiC1s8Pm9QseF7g/view?usp=drivesdk,［5月7日］指数估值数据(降息降准利好来了，对我们投资有啥影响？),,,
2025-05-08,5.0,A股,公众号当日估值文章,realtime,1.0,closing_statement,截止到收盘，回到5星,auto_high_confidence,1tHzbifXcdS7q4olpj06tMNafyEYOzbmz,https://drive.google.com/file/d/1tHzbifXcdS7q4olpj06tMNafyEYOzbmz/view?usp=drivesdk,［5月8日］指数估值数据(哪些基金适合养老；红利专题估值表更新；百分位估值表更新),,,
2025-05-09,5.0,A股,公众号当日估值文章,realtime,0.995,today_market_statement,今天大盘整体微跌，中证全指下跌0.7%，波动不大，还在5星,auto_high_confidence,1Px8UulfriiB-t8_VK9wjIvu5nid-nKjv,https://drive.google.com/file/d/1Px8UulfriiB-t8_VK9wjIvu5nid-nKjv/view?usp=drivesdk,［5月9日］指数估值数据(港股领先上涨，A股会跟上么；抽奖福利),,,
2025-05-12,5.0,A股,公众号当日估值文章,realtime,1.0,closing_statement,截止到收盘，还在5星,auto_high_confidence,1_-nIiuBz4LNvMO0rFN5QIz4tmvUBIL3C,https://drive.google.com/file/d/1_-nIiuBz4LNvMO0rFN5QIz4tmvUBIL3C/view?usp=drivesdk,［5月12日］指数估值数据(关税暂缓，全球股市大涨；军工估值如何；月薪宝发薪日),,,
2025-05-13,5.0,A股,公众号当日估值文章,realtime,1.0,closing_statement,到收盘大盘略微下跌，还在5星,auto_high_confidence,1kSAvCKJfSyMNRz2B1rWF8godqJSvvVCL,https://drive.google.com/file/d/1kSAvCKJfSyMNRz2B1rWF8godqJSvvVCL/view?usp=drivesdk,［5月13日］指数估值数据(螺丝钉定投实盘第364期：投顾组合发车；个人养老金定投实盘第14期；养老指数估值表更新),,,
2025-05-14,4.9,A股,公众号当日估值文章,realtime,0.995,today_market_statement,今天大盘一度下跌，不过到下午拉涨，一度摸到4.9星,auto_high_confidence,1wRmy1PBqDyRr3G8y92J26A9sB00i5ZbO,https://drive.google.com/file/d/1wRmy1PBqDyRr3G8y92J26A9sB00i5ZbO/view?usp=drivesdk,［5月14日］指数估值数据(港股与A股，这轮上涨有啥区别；ETF估值表来了),,,
2025-05-15,5.0,A股,公众号当日估值文章,realtime,1.0,closing_statement,截止到收盘，还在5星,auto_high_confidence,1K3OFNSMr4_rHFGqEqen-9tB0E_IvpWDA,https://drive.google.com/file/d/1K3OFNSMr4_rHFGqEqen-9tB0E_IvpWDA/view?usp=drivesdk,［5月15日］指数估值数据(红利指数上涨能持续吗；红利专题估值表更新；指数日报更新),,,
2025-05-16,5.0,A股,公众号当日估值文章,realtime,1.0,closing_statement,截止到收盘，还在5星,auto_high_confidence,1oujoLilcuI3SNEd4LKK6fTMrRRJbUcIU,https://drive.google.com/file/d/1oujoLilcuI3SNEd4LKK6fTMrRRJbUcIU/view?usp=drivesdk,［5月16日］指数估值数据(多资产配置如何指数化：固收+指数来了；港股专题估值表更新；抽奖福利),,,
2025-05-19,5.0,A股,公众号当日估值文章,realtime,0.995,today_market_statement,今天大盘微涨微跌，波动不大，还在5星,auto_high_confidence,1T2h-LILUBT6B4t2hBnBdFNHoMjgMtqoV,https://drive.google.com/file/d/1T2h-LILUBT6B4t2hBnBdFNHoMjgMtqoV/view?usp=drivesdk,［5月19日］指数估值数据(价值策略指数有哪些；月薪宝发薪日；黄金星级更新),,,
2025-05-20,5.0,A股,公众号当日估值文章,realtime,1.0,closing_statement,截止到收盘，大中小盘股都上涨，还在5星,auto_high_confidence,1Q4zEsgaKAsGc_8wJtMk42voRqsqkc9IB,https://drive.google.com/file/d/1Q4zEsgaKAsGc_8wJtMk42voRqsqkc9IB/view?usp=drivesdk,［5月20日］指数估值数据(螺丝钉定投实盘第365期：投顾组合发车；个人养老金定投实盘第15期；养老指数估值表更新),,,
2025-05-21,5.0,A股,公众号当日估值文章,realtime,1.0,closing_statement,截止到收盘，还在5星,auto_high_confidence,1X_UDctxTKz-HbEJ7HJ8lu9GX_J2Qrkft,https://drive.google.com/file/d/1X_UDctxTKz-HbEJ7HJ8lu9GX_J2Qrkft/view?usp=drivesdk,［5月21日］指数估值数据(存款利率下降，对股市是利好吗),,,
2025-05-22,5.0,A股,公众号当日估值文章,realtime,0.995,today_market_statement,今天大盘整体微跌，波动不大，还在5星,auto_high_confidence,1_R5Dy9uajRoufdxS5Y03eVjUl4qKI7Si,https://drive.google.com/file/d/1_R5Dy9uajRoufdxS5Y03eVjUl4qKI7Si/view?usp=drivesdk,［5月22日］指数估值数据(固收+创新高，收益来自于哪里；红利专题估值表更新；百分位估值表更新),,,
2025-05-23,5.0,A股,公众号当日估值文章,realtime,1.0,closing_statement,截止到收盘，还在5星,auto_high_confidence,1A9eWUOPJuiogfcikxeJnL1UOKfPGnjf9,https://drive.google.com/file/d/1A9eWUOPJuiogfcikxeJnL1UOKfPGnjf9/view?usp=drivesdk,［5月23日］指数估值数据(关税导致全球波动；港股医药估值如何；领取3周年奖章；港股估值表更新；抽奖福利),,,
2025-05-26,5.0,A股,公众号当日估值文章,realtime,1.0,closing_statement,到收盘跌幅收窄，还在5星,auto_high_confidence,1K64i6LxkwCOHaIT0Xdi1aN-wTGMOpNM2,https://drive.google.com/file/d/1K64i6LxkwCOHaIT0Xdi1aN-wTGMOpNM2/view?usp=drivesdk,［5月26日］指数估值数据(中证1000估值如何；月薪宝发薪日；黄金星级更新),,,
2025-05-27,5.0,A股,公众号当日估值文章,realtime,1.0,closing_statement,截止到收盘，还在5星,auto_high_confidence,1tzLJQR8HuRS8yukCw6E5PEQb4V-fyRpc,https://drive.google.com/file/d/1tzLJQR8HuRS8yukCw6E5PEQb4V-fyRpc/view?usp=drivesdk,［5月27日］指数估值数据(螺丝钉定投实盘第366期：投顾组合发车；个人养老金定投实盘第16期；养老指数估值表更新),,,
2025-05-29,5.0,A股,公众号当日估值文章,realtime,1.0,closing_statement,截止到收盘，还在5星,auto_high_confidence,1BZFhGUI5-cqUXEkm-XdghCq7aJ84N2yX,https://drive.google.com/file/d/1BZFhGUI5-cqUXEkm-XdghCq7aJ84N2yX/view?usp=drivesdk,［5月29日］指数估值数据(全球股市大涨；A股是分红市还是融资市；红利估值表更新；指数日报更新),,,
2025-05-30,5.0,A股,公众号当日估值文章,realtime,0.995,today_market_statement,今天大盘微跌，还在5星,auto_high_confidence,1RrE76wXohkK60d02uk_qaJJ0QSRK0WlK,https://drive.google.com/file/d/1RrE76wXohkK60d02uk_qaJJ0QSRK0WlK/view?usp=drivesdk,［5月30日］指数估值数据(创业板的估值如何；港股估值表更新；抽奖福利),,,
2025-06-03,5.0,A股,公众号当日估值文章,realtime,1.0,closing_statement,截止到收盘，还在5星,auto_high_confidence,1SG4kAJ7MWK2LGnOQUz-cZOaXlkAyEEyv,https://drive.google.com/file/d/1SG4kAJ7MWK2LGnOQUz-cZOaXlkAyEEyv/view?usp=drivesdk,［6月3日］指数估值数据(螺丝钉定投实盘第367期发车；个人养老金定投实盘第17期；养老指数估值表更新),,,
2025-06-04,5.0,A股,公众号当日估值文章,realtime,1.0,closing_statement,截止到收盘，还在5星,auto_high_confidence,1fiag3xropJn_GSFn95HugWcgC_pS8onS,https://drive.google.com/file/d/1fiag3xropJn_GSFn95HugWcgC_pS8onS/view?usp=drivesdk,［6月4日］指数估值数据(小盘股今年为啥比大盘强；免费领取3周年奖章),,,
2025-06-05,5.0,A股,公众号当日估值文章,realtime,1.0,closing_statement,到收盘变成上涨，波动不大，还在5星,auto_high_confidence,1ekocIwZFgy9l5oaFfPZC-8I_wXXdLXHN,https://drive.google.com/file/d/1ekocIwZFgy9l5oaFfPZC-8I_wXXdLXHN/view?usp=drivesdk,［6月5日］指数估值数据(自由现金流指数有效果吗；红利专题估值表更新；百分位估值表更新),,,
2025-06-06,5.0,A股,公众号当日估值文章,realtime,0.995,today_market_statement,今天大盘微跌，波动不大，还在5星,auto_high_confidence,1iUF30a4wG84vhiWjqeLWVLOyvNRdzL1n,https://drive.google.com/file/d/1iUF30a4wG84vhiWjqeLWVLOyvNRdzL1n/view?usp=drivesdk,［6月6日］指数估值数据(港股科技、医药估值如何；港股估值表更新；抽奖福利),,,
2025-06-09,5.0,A股,公众号当日估值文章,realtime,1.0,closing_statement,到收盘涨幅略有回落，还在5星,auto_high_confidence,17mTjKkdxebs1-rkHUm-ao3So98syjx2q,https://drive.google.com/file/d/17mTjKkdxebs1-rkHUm-ao3So98syjx2q/view?usp=drivesdk,［6月9日］指数估值数据(A股港股上涨，科技医药强势；月薪宝发薪日；黄金星级更新),,,
2025-06-10,5.0,A股,公众号当日估值文章,realtime,1.0,closing_statement,截止到收盘，还在5星,auto_high_confidence,1llUTsc9ktxt_lSefyrx0Y9tJZFjOYaJD,https://drive.google.com/file/d/1llUTsc9ktxt_lSefyrx0Y9tJZFjOYaJD/view?usp=drivesdk,［6月10日］指数估值数据(螺丝钉定投实盘第368期发车；个人养老金定投实盘第18期；养老指数估值表更新）,,,
2025-06-11,4.9,A股,公众号当日估值文章,realtime,0.995,today_market_statement,今天大盘整体上涨，一度摸到4.9星,auto_high_confidence,1wzDmWjAc9AA_NU_cP1UXr_d21H7Nuixd,https://drive.google.com/file/d/1wzDmWjAc9AA_NU_cP1UXr_d21H7Nuixd/view?usp=drivesdk,［6月11日］指数估值数据(又到指数调仓日，估值有哪些变化？）,,,
2025-06-13,5.0,A股,公众号当日估值文章,realtime,1.0,closing_statement,截止到收盘，还在5星,auto_high_confidence,1fHwAIRaqEmAJ9zGB_a6QPrSxVvIHb5Np,https://drive.google.com/file/d/1fHwAIRaqEmAJ9zGB_a6QPrSxVvIHb5Np/view?usp=drivesdk,［6月13日］指数估值数据(下跌的品种，何时迎来右侧上涨呢；港股估值表更新；抽奖福利）,,,
2025-06-16,5.0,A股,公众号当日估值文章,realtime,1.0,closing_statement,截止到收盘，还在5星,auto_high_confidence,1H8prtaPwDUF_9GQRHB_ogSewoIbjW2fj,https://drive.google.com/file/d/1H8prtaPwDUF_9GQRHB_ogSewoIbjW2fj/view?usp=drivesdk,［6月16日］指数估值数据(1星级大牛市10周年；月薪宝发薪日；黄金星级更新）,,,
2025-06-17,5.0,A股,公众号当日估值文章,realtime,1.0,closing_statement,到收盘跌幅缩小，波动不大，还在5星,auto_high_confidence,1TVDNPIohIkebiXBiql65BSEIxWCU832Q,https://drive.google.com/file/d/1TVDNPIohIkebiXBiql65BSEIxWCU832Q/view?usp=drivesdk,［6月17日］指数估值数据(螺丝钉定投实盘第369期发车；个人养老金定投实盘第19期；养老指数估值表更新；618购书福利）,,,
2025-06-18,5.0,A股,公众号当日估值文章,realtime,1.0,closing_statement,到收盘跌幅缩小，中证全指微跌，还在5星,auto_high_confidence,1h1lCmTvf2ph1YvPAVkhIx1puW73pjgw0,https://drive.google.com/file/d/1h1lCmTvf2ph1YvPAVkhIx1puW73pjgw0/view?usp=drivesdk,［6月18日］指数估值数据(未来消费行业还会起来么；ETF估值表已上线「今天几星」）,,,
2025-06-19,5.0,A股,公众号当日估值文章,realtime,1.0,closing_statement,截止到收盘，还在5星,auto_high_confidence,1DcDf96CLa91OaTnf_EMGxUFWL1zL62WA,https://drive.google.com/file/d/1DcDf96CLa91OaTnf_EMGxUFWL1zL62WA/view?usp=drivesdk,［6月19日］指数估值数据(港股下跌，港股科技重回低估；月薪宝的收益来源是什么；红利估值表更新；指数日报更新）,,,
2025-06-23,5.0,A股,公众号当日估值文章,realtime,1.0,closing_statement,截止到收盘，大盘整体微涨，还在5星,auto_high_confidence,1LH2uQuFP3eM1_mU8Nb-TuPx6Pt-4KzoT,https://drive.google.com/file/d/1LH2uQuFP3eM1_mU8Nb-TuPx6Pt-4KzoT/view?usp=drivesdk,［6月23日］指数估值数据(啥时候站上3400点；月薪宝发薪日；黄金星级更新）,,,
2025-06-24,5.0,A股,公众号当日估值文章,realtime,1.0,closing_statement,截止到收盘，还在5星,auto_high_confidence,1scEzTbET5VfJQ1hsmrNybIYpvmejhVcr,https://drive.google.com/file/d/1scEzTbET5VfJQ1hsmrNybIYpvmejhVcr/view?usp=drivesdk,［6月24日］指数估值数据(螺丝钉定投实盘第370期发车；个人养老金定投实盘第20期；养老指数估值表更新）,,,
2025-06-25,4.9,A股,公众号当日估值文章,realtime,0.995,today_market_statement,今天大盘继续上涨，回到4.9星,auto_high_confidence,1xg5V2XS6yrE-3CjSuZ1uYNOqERi5AkuW,https://drive.google.com/file/d/1xg5V2XS6yrE-3CjSuZ1uYNOqERi5AkuW/view?usp=drivesdk,［6月25日］指数估值数据(大盘上涨回到4.9星；个人养老金账户取钱要收税，还要开通么）,,,
2025-06-26,4.9,A股,公众号当日估值文章,realtime,0.99,opening_state_statement,还在4.9星,auto_high_confidence,16GMvtnLTpw9Z6Hm82gIq1nzxmnG9wMH_,https://drive.google.com/file/d/16GMvtnLTpw9Z6Hm82gIq1nzxmnG9wMH_/view?usp=drivesdk,［6月26日］指数估值数据(银行指数强势，要止盈吗；红利估值表更新；指数日报更新）,,,
2025-06-27,4.9,A股,公众号当日估值文章,realtime,1.0,closing_statement,截止到收盘，还在4.9星,auto_high_confidence,1rm_aViB8pC4YtSeW-DOgAE5vZFffsZay,https://drive.google.com/file/d/1rm_aViB8pC4YtSeW-DOgAE5vZFffsZay/view?usp=drivesdk,［6月27日］指数估值数据(港股医药回低估了么；港股估值表更新；抽奖福利）,,,
2025-06-30,4.9,A股,公众号当日估值文章,realtime,0.99,opening_state_statement,还在4.9星,auto_high_confidence,1yuj7nfzmgjovngSxteMFF2cs4d7ReZKQ,https://drive.google.com/file/d/1yuj7nfzmgjovngSxteMFF2cs4d7ReZKQ/view?usp=drivesdk,［6月30日］指数估值数据(A股上涨，上半年收官；牛熊市长短跟什么有关呢；月薪宝发薪日；黄金星级更新）,,,
2025-07-01,4.9,A股,公众号当日估值文章,realtime,1.0,closing_statement,截止到收盘，还在4.9星,auto_high_confidence,1HecPFA8tYnnfuVIubVBrPgOSi1MkyMCm,https://drive.google.com/file/d/1HecPFA8tYnnfuVIubVBrPgOSi1MkyMCm/view?usp=drivesdk,［7月1日］指数估值数据(螺丝钉定投实盘第371期发车；个人养老金定投实盘第21期；养老指数估值表更新）,,,
2025-07-02,4.9,A股,公众号当日估值文章,realtime,0.995,today_market_statement,今天大盘微跌，波动不大，还在4.9星,auto_high_confidence,1KQufI-zLUcq7msFMpGUCl2yBN0ZnAoJB,https://drive.google.com/file/d/1KQufI-zLUcq7msFMpGUCl2yBN0ZnAoJB/view?usp=drivesdk,［7月2日］指数估值数据(红利指数强势；主动基金表现好坏跟什么有关呢）,,,
2025-07-03,4.9,A股,公众号当日估值文章,realtime,1.0,closing_statement,截止到收盘，还在4.9星,auto_high_confidence,11gGXmVmaoq7MelLwJ4nKAcE8uixwut2Q,https://drive.google.com/file/d/11gGXmVmaoq7MelLwJ4nKAcE8uixwut2Q/view?usp=drivesdk,［7月3日］指数估值数据(A股继续上涨；月薪宝创新高，再平衡的机会来了么；红利估值表更新；指数日报更新）,,,
2025-07-04,4.9,A股,公众号当日估值文章,realtime,1.0,closing_statement,到收盘回落，中证全指略微下跌，还在4.9星,auto_high_confidence,14Q3-0xAL02R2ym46KHqcGQQFR5Ib3eq7,https://drive.google.com/file/d/14Q3-0xAL02R2ym46KHqcGQQFR5Ib3eq7/view?usp=drivesdk,［7月4日］指数估值数据(经济火热时适合投资吗；抽奖福利）,,,
2025-07-07,4.9,A股,公众号当日估值文章,realtime,0.995,today_market_statement,今天大盘波动不大，略微下跌，还在4.9星,auto_high_confidence,1cta3grXGUzAM3lXNjPSUh4igeY4n81gA,https://drive.google.com/file/d/1cta3grXGUzAM3lXNjPSUh4igeY4n81gA/view?usp=drivesdk,［7月7日］指数估值数据(月薪宝迎来调仓；百分位使用小技巧；5折优惠来了；黄金星级更新）,,,
2025-07-08,4.8,A股,公众号当日估值文章,realtime,1.0,closing_statement,到收盘，整体上涨，回到4.8星,auto_high_confidence,1E3y7wGEJH7SJmiIs3J03HmhMutyZ8eGl,https://drive.google.com/file/d/1E3y7wGEJH7SJmiIs3J03HmhMutyZ8eGl/view?usp=drivesdk,［7月8日］指数估值数据(螺丝钉定投实盘第372期发车；个人养老金定投实盘第22期；养老指数估值表更新）,,,
2025-07-09,4.8,A股,公众号当日估值文章,realtime,1.0,closing_statement,到收盘略微下跌，还在4.8星,auto_high_confidence,1W8r-8RmbQBIfpaoNgTFaVsaacYwTVwpt,https://drive.google.com/file/d/1W8r-8RmbQBIfpaoNgTFaVsaacYwTVwpt/view?usp=drivesdk,［7月9日］指数估值数据(冲击3500点；不同星级都有什么投资机会？）,,,
2025-07-10,4.8,A股,公众号当日估值文章,realtime,1.0,closing_statement,到收盘涨幅回落，还在4.8星,auto_high_confidence,1Llcbp7_ckaJvaKLpAxcab9998Aki5GB_,https://drive.google.com/file/d/1Llcbp7_ckaJvaKLpAxcab9998Aki5GB_/view?usp=drivesdk,［7月10日］指数估值数据(月薪宝继续创新高；红利指数什么时候会低迷；指数日报更新）,,,
2025-07-11,4.8,A股,公众号当日估值文章,realtime,0.99,opening_state_statement,还在4.8星,auto_high_confidence,1IKCo59kZ8jnJxv9wKY-2ZUZ8hANUc3K8,https://drive.google.com/file/d/1IKCo59kZ8jnJxv9wKY-2ZUZ8hANUc3K8/view?usp=drivesdk,［7月11日］指数估值数据(大盘冲高回落；港股科技还会发力吗；抽奖福利）,,,
2025-07-14,4.8,A股,公众号当日估值文章,realtime,0.995,today_market_statement,今天大盘整体微涨，还在4.8星,auto_high_confidence,1UpvYZ2oZrzXpPFGbzLgSjGSlc_YN9Hsb,https://drive.google.com/file/d/1UpvYZ2oZrzXpPFGbzLgSjGSlc_YN9Hsb/view?usp=drivesdk,［7月14日］指数估值数据(价值风格上涨；熊市为啥有长有短；月薪宝发薪日；黄金星级更新）,,,
2025-07-15,4.8,A股,公众号当日估值文章,realtime,0.99,opening_state_statement,还在4.8星,auto_high_confidence,1e_ojMZjqD697mJZs8S3o-gzJ5_HV2wqi,https://drive.google.com/file/d/1e_ojMZjqD697mJZs8S3o-gzJ5_HV2wqi/view?usp=drivesdk,［7月15日］指数估值数据(螺丝钉定投实盘第373期发车；个人养老金定投实盘第23期；养老指数估值表更新）,,,
2025-07-16,4.8,A股,公众号当日估值文章,realtime,1.0,closing_statement,截止到收盘，还在4.8星,auto_high_confidence,1UQoEeTODFf253tFGI4Cxfe2Ma5QFNhMa,https://drive.google.com/file/d/1UQoEeTODFf253tFGI4Cxfe2Ma5QFNhMa/view?usp=drivesdk,［7月16日］指数估值数据(这轮行情跟历史上哪一轮比较相似呢）,,,
2025-07-17,4.8,A股,公众号当日估值文章,realtime,1.0,closing_statement,截止到收盘，还在4.8星,auto_high_confidence,1LC9ztIoEtgpCLvi-nhI5h-21A12x1oW3,https://drive.google.com/file/d/1LC9ztIoEtgpCLvi-nhI5h-21A12x1oW3/view?usp=drivesdk,［7月17日］指数估值数据(A股港股成长股继续上涨；红利含银行股多么；指数日报更新）,,,
2025-07-18,4.8,A股,公众号当日估值文章,realtime,1.0,closing_statement,截止到收盘，还在4.8星,auto_high_confidence,18o0acJ__43OjpLZmBBKLnML7TXnaidsk,https://drive.google.com/file/d/18o0acJ__43OjpLZmBBKLnML7TXnaidsk/view?usp=drivesdk,［7月18日］指数估值数据(市场继续上涨；港股科技、医药估值如何；抽奖福利）,,,
2025-07-21,4.7,A股,公众号当日估值文章,realtime,0.995,today_market_statement,今天大盘继续上涨，回到4.7星,auto_high_confidence,159ObdHpHddFsv6ZyXzx3eneOwn3t9reG,https://drive.google.com/file/d/159ObdHpHddFsv6ZyXzx3eneOwn3t9reG/view?usp=drivesdk,［7月21日］指数估值数据(A股港股算进入牛市么；月薪宝发薪日；黄金星级更新）,,,
2025-07-22,4.7,A股,公众号当日估值文章,realtime,0.99,opening_state_statement,还在4.7星,auto_high_confidence,1cNbRzaptOlIOB0qun1xLZr_wB7L2K-2x,https://drive.google.com/file/d/1cNbRzaptOlIOB0qun1xLZr_wB7L2K-2x/view?usp=drivesdk,［7月22日］指数估值数据(螺丝钉定投实盘第374期发车；个人养老金定投实盘半年总结；养老指数估值表更新）,,,
2025-07-23,4.7,A股,公众号当日估值文章,realtime,1.0,closing_statement,到收盘回落，中证全指下跌0.29%，还在4.7星,auto_high_confidence,1ifB1sg1fBytRxLOWk9c_TigkcnkX2jF5,https://drive.google.com/file/d/1ifB1sg1fBytRxLOWk9c_TigkcnkX2jF5/view?usp=drivesdk,［7月23日］指数估值数据(回本了，要不要卖掉呢）,,,
2025-07-24,4.7,A股,公众号当日估值文章,realtime,1.0,closing_statement,截止到收盘，还在4.7星,auto_high_confidence,1bLRdcz60v6ugIywE8DAsNAGahqWVOcoR,https://drive.google.com/file/d/1bLRdcz60v6ugIywE8DAsNAGahqWVOcoR/view?usp=drivesdk,［7月24日］指数估值数据(大盘继续涨，隐忧在哪里；自由现金流指数估值如何；指数日报更新）,,,
2025-07-25,4.7,A股,公众号当日估值文章,realtime,1.0,closing_statement,截止到收盘，还在4.7星,auto_high_confidence,1URxWRI7UV2h70PhefPug5IoEHRa5zLBe,https://drive.google.com/file/d/1URxWRI7UV2h70PhefPug5IoEHRa5zLBe/view?usp=drivesdk,［7月25日］指数估值数据(债券基金下跌，还能投资吗；港股指数估值表更新；抽奖福利）,,,
2025-07-28,4.7,A股,公众号当日估值文章,realtime,0.99,opening_state_statement,还在4.7星,auto_high_confidence,1Qm7vqrhKgCQk5xoQs9YQriwfH1LgFIkb,https://drive.google.com/file/d/1Qm7vqrhKgCQk5xoQs9YQriwfH1LgFIkb/view?usp=drivesdk,［7月28日］指数估值数据(大盘继续上涨，成长股接力；育儿补贴制度来啦；月薪宝发薪日；黄金星级更新）,,,
2025-07-29,4.6,A股,公众号当日估值文章,realtime,0.99,manual_verification,og:title：［7月29日］指数估值数据(回到4.6星；…),verified_manual,1UZwNzZpharVs8saQxgwmUPGns9-BwHkn,https://drive.google.com/file/d/1UZwNzZpharVs8saQxgwmUPGns9-BwHkn/view?usp=drivesdk,［7月29日］指数估值数据(回到4.6星；螺丝钉定投实盘第375期发车；养老指数估值表更新）,HTML元数据明确给出当日星级；后续全量流程应继续用正文交叉验证,,
2025-07-30,4.7,A股,公众号当日估值文章,realtime,1.0,closing_statement,到收盘回到4.7星,auto_high_confidence,1n-oxafubum0eMYI6DaQvUsaKLD5Ujql1,https://drive.google.com/file/d/1n-oxafubum0eMYI6DaQvUsaKLD5Ujql1/view?usp=drivesdk,［7月30日］指数估值数据(大盘回调；观察市场涨跌，看上证还是中证指数呢）,,,
2025-07-31,4.7,A股,公众号当日估值文章,realtime,1.0,closing_statement,截止到收盘，还在4.7星,auto_high_confidence,1OW7H21hf8CumR6yy_BgMkkU6xoxXlPps,https://drive.google.com/file/d/1OW7H21hf8CumR6yy_BgMkkU6xoxXlPps/view?usp=drivesdk,［7月31日］指数估值数据(大盘回调，还会上涨吗；红利会较少到高估吗；指数日报更新）,,,
2025-08-01,4.7,A股,公众号当日估值文章,realtime,0.995,today_market_statement,今天大盘整体微跌，波动不大，还在4.7星,auto_high_confidence,16esp_Xo4QoeN9fOq0w83joe-xGPEulWw,https://drive.google.com/file/d/16esp_Xo4QoeN9fOq0w83joe-xGPEulWw/view?usp=drivesdk,［8月1日］指数估值数据(港股医疗和A股医疗有啥区别；港股指数估值表；抽奖福利）,,,
2025-08-04,4.7,A股,公众号当日估值文章,realtime,1.0,closing_statement,截止到收盘，还在4.7星,auto_high_confidence,1p7MJWsewZWZKbQ4WOYPaMS4upZi4k7Zc,https://drive.google.com/file/d/1p7MJWsewZWZKbQ4WOYPaMS4upZi4k7Zc/view?usp=drivesdk,［8月4日］指数估值数据(A股港股上涨；债券利息要收税，对我们投资有什么影响；月薪宝发薪日；黄金星级更新）,,,
2025-08-05,4.7,A股,公众号当日估值文章,realtime,1.0,closing_statement,截止到收盘，还在4.7星,auto_high_confidence,17SK8WkY5x9YsIJBCjBzi5JqHYXoRSH26,https://drive.google.com/file/d/17SK8WkY5x9YsIJBCjBzi5JqHYXoRSH26/view?usp=drivesdk,［8月5日］指数估值数据(螺丝钉定投实盘第376期发车；养老指数估值表更新）,,,
2025-08-06,4.6,A股,公众号当日估值文章,realtime,1.0,closing_statement,截止到收盘，回到4.6星,auto_high_confidence,1woOO5Fzmi2mjDufAA9Vwevvm9U1BbSPC,https://drive.google.com/file/d/1woOO5Fzmi2mjDufAA9Vwevvm9U1BbSPC/view?usp=drivesdk,［8月6日］指数估值数据(如果到牛市后期，还有哪些投资机会呢？）,,,
2025-08-07,4.6,A股,公众号当日估值文章,realtime,1.0,closing_statement,收盘反弹，中证全指略微下跌，波动不大，还在4.6星,auto_high_confidence,1tY-a8yu0kGYezU68mKLTxMYmuE2eWqeh,https://drive.google.com/file/d/1tY-a8yu0kGYezU68mKLTxMYmuE2eWqeh/view?usp=drivesdk,［8月7日］指数估值数据(红利指数自带低买高卖，还要低估投资么；自由现金流指数估值更新；指数日报更新）,,,
2025-08-08,4.6,A股,公众号当日估值文章,realtime,1.0,closing_statement,截止到收盘，还在4.6星,auto_high_confidence,11LPm44VZGajkUGPO7heY3l0P16hLM1tB,https://drive.google.com/file/d/11LPm44VZGajkUGPO7heY3l0P16hLM1tB/view?usp=drivesdk,［8月8日］指数估值数据(红利近期上涨原因；A股融资额接近前高，风险如何；港股估值表更新；抽奖福利）,,,
2025-08-11,4.6,A股,公众号当日估值文章,realtime,1.0,closing_statement,截止到收盘，还在4.6星,auto_high_confidence,1IS8PBK22oTtpUi6FLQAYtXnvyp93Sr7a,https://drive.google.com/file/d/1IS8PBK22oTtpUi6FLQAYtXnvyp93Sr7a/view?usp=drivesdk,［8月11日］指数估值数据(A股继续上涨；创业板指数估值如何；月薪宝发薪日；黄金星级更新）,,,
2025-08-12,4.6,A股,公众号当日估值文章,realtime,1.0,closing_statement,到收盘又拉涨起来，还在4.6星,auto_high_confidence,12-96J8On_VBf52JVl7eYBxw9ASLR88nQ,https://drive.google.com/file/d/12-96J8On_VBf52JVl7eYBxw9ASLR88nQ/view?usp=drivesdk,［8月12日］指数估值数据(螺丝钉定投实盘第377期发车；养老指数估值表更新）,,,
2025-08-13,4.5,A股,公众号当日估值文章,realtime,1.0,closing_statement,截止到收盘，大盘回到4.5星,auto_high_confidence,1RFHZcEbzJspIK6B5EzW02lXIQVjdIG2s,https://drive.google.com/file/d/1RFHZcEbzJspIK6B5EzW02lXIQVjdIG2s/view?usp=drivesdk,［8月13日］指数估值数据(A股港股继续上涨，回到4.5星；美元降息，对A股港股有利吗）,,,
2025-08-14,4.6,A股,公众号当日估值文章,realtime,0.995,today_market_statement,今天大盘迎来回调，回到4.6星,auto_high_confidence,1VOmR-Db1j-1lpYN5YTmwcED-z12d_IgB,https://drive.google.com/file/d/1VOmR-Db1j-1lpYN5YTmwcED-z12d_IgB/view?usp=drivesdk,［8月14日］指数估值数据(市场迎来回调；还有哪些品种估值比去年低；红利指数估值表更新；指数日报更新）,,,
2025-08-15,4.5,A股,公众号当日估值文章,realtime,1.0,closing_statement,截止到收盘，整体上涨，又回到4.5星,auto_high_confidence,1NFDkbJ1A9Un9i6BKFoJPazVJWiHALeDA,https://drive.google.com/file/d/1NFDkbJ1A9Un9i6BKFoJPazVJWiHALeDA/view?usp=drivesdk,［8月15日］指数估值数据(大盘上涨，回到4.5星；这轮牛市跟哪一轮比较像；抽奖福利）,,,
2025-08-18,4.5,A股,公众号当日估值文章,realtime,1.0,closing_statement,到收盘涨幅回落，还在4.5星,auto_high_confidence,1OmKbfO1qTSle--2iYklSGy_qqqSkfW1S,https://drive.google.com/file/d/1OmKbfO1qTSle--2iYklSGy_qqqSkfW1S/view?usp=drivesdk,［8月18日］指数估值数据(大盘继续上涨，摸到4.4星；这轮上涨跟什么有关；月薪宝发薪日；黄金星级更新）,,,
2025-08-19,4.5,A股,公众号当日估值文章,realtime,1.0,closing_statement,到收盘略微下跌，还在4.5星,auto_high_confidence,1-F2Or-khKBtx238UjRgwBXdv9ugJoob7,https://drive.google.com/file/d/1-F2Or-khKBtx238UjRgwBXdv9ugJoob7/view?usp=drivesdk,［8月19日］指数估值数据(螺丝钉定投实盘第378期发车；养老指数估值表更新）,,,
2025-08-20,4.4,A股,公众号当日估值文章,realtime,0.99,opening_state_statement,回到4.4星,auto_high_confidence,1qLdY4u5lsnVyJoR40cX0qHhOaLatA_GO,https://drive.google.com/file/d/1qLdY4u5lsnVyJoR40cX0qHhOaLatA_GO/view?usp=drivesdk,［8月20日］指数估值数据(A股强势上涨，回到4.4星；A股港股的牛市有哪些特点呢）,,,
2025-08-21,4.4,A股,公众号当日估值文章,realtime,0.995,today_market_statement,今天大盘整体微跌，中证全指下跌0.13%，还在4.4星,auto_high_confidence,1afVFcU3OyhynWWYCCD5LXT8fLHZtJisk,https://drive.google.com/file/d/1afVFcU3OyhynWWYCCD5LXT8fLHZtJisk/view?usp=drivesdk,［8月21日］指数估值数据(想稳健参与市场，买点啥好；红利指数估值表更新；指数日报更新）,,,
2025-08-22,4.3,A股,公众号当日估值文章,realtime,1.0,closing_statement,截止到收盘，回到了4.3星,auto_high_confidence,1xdl5B7f7fjiYdkZa0EJa3pSWaglRD_Vt,https://drive.google.com/file/d/1xdl5B7f7fjiYdkZa0EJa3pSWaglRD_Vt/view?usp=drivesdk,［8月22日］指数估值数据(大盘回到4.3星，部分品种摸到高估；有一笔资金，该如何投资呢；抽奖福利）,,,
2025-08-25,4.3,A股,公众号当日估值文章,realtime,1.0,closing_statement,截止到收盘，还在4.3星,auto_high_confidence,1M36YW4glN7C5j1kvom_QYpF1bfzAcwVT,https://drive.google.com/file/d/1M36YW4glN7C5j1kvom_QYpF1bfzAcwVT/view?usp=drivesdk,［8月25日］指数估值数据(A股港股继续上涨；A股牛市是结构性牛市么；月薪宝发薪日；黄金星级更新）,,,
2025-08-27,4.3,A股,公众号当日估值文章,realtime,1.0,closing_statement,到收盘回到4.3星,auto_high_confidence,16S82sSLGx_nAomqSpKewNceqGRjBB0u0,https://drive.google.com/file/d/16S82sSLGx_nAomqSpKewNceqGRjBB0u0/view?usp=drivesdk,［8月27日］指数估值数据(大盘回调，回到4.3星；存款利率下降，利好股市么）,,,
2025-08-28,4.3,A股,公众号当日估值文章,realtime,1.0,closing_statement,收盘前大幅上涨，中证全指上涨1.5%，还在4.3星,auto_high_confidence,1ky888jrXHv1wa9cyPZfm_FMx17u57kbb,https://drive.google.com/file/d/1ky888jrXHv1wa9cyPZfm_FMx17u57kbb/view?usp=drivesdk,［8月28日］指数估值数据(A股上涨，神奇两点半再现；成长股强势，为何价值股低迷；红利指数估值表更新；指数日报更新）,,,
2025-08-29,4.3,A股,公众号当日估值文章,realtime,0.995,today_market_statement,今天大盘整体微涨，还在4.3星,auto_high_confidence,1gSTuZzc1va9GRRczkOup-VTkHzxk0xW_,https://drive.google.com/file/d/1gSTuZzc1va9GRRczkOup-VTkHzxk0xW_/view?usp=drivesdk,［8月29日］指数估值数据(A股港股继续上涨；A股港股谁涨的多；港股指数估值表更新；抽奖福利）,,,
2025-09-01,4.2,A股,公众号当日估值文章,realtime,1.0,closing_statement,截止到收盘，回到4.2星,auto_high_confidence,1bGtZPm5y9YlFwpIWtpN_vVnUHXcmFwdu,https://drive.google.com/file/d/1bGtZPm5y9YlFwpIWtpN_vVnUHXcmFwdu/view?usp=drivesdk,［9月1日］指数估值数据(大盘继续上涨，回到4.2星；港股和A股上涨的品种有啥不同；月薪宝体验官福利来了；黄金星级更新）,,,
2025-09-02,4.3,A股,公众号当日估值文章,realtime,0.995,today_market_statement,今天大盘迎来回调，中证全指下跌1.74%，回到4.3星,auto_high_confidence,1T3CvujQ0NuwMPn-aFLEBkTYC8i7ORpl8,https://drive.google.com/file/d/1T3CvujQ0NuwMPn-aFLEBkTYC8i7ORpl8/view?usp=drivesdk,［9月2日］指数估值数据(螺丝钉定投实盘第380期发车；养老指数估值表更新；月薪宝体验官福利来了）,,,
2025-09-03,4.3,A股,公众号当日估值文章,realtime,1.0,closing_statement,截止收盘，还在4.3星,auto_high_confidence,1WsQSGKHExno6fB1_MXDdhNgBWkj5a82v,https://drive.google.com/file/d/1WsQSGKHExno6fB1_MXDdhNgBWkj5a82v/view?usp=drivesdk,［9月3日］指数估值数据(大盘波动；股票基金如何判断估值；增量版指数估值表已上线）,,,
2025-09-04,4.4,A股,公众号当日估值文章,realtime,1.0,closing_statement,截止到收盘，回到4.4星,auto_high_confidence,1VANPVJPC0B2Gheh547odIi5BNBmV_GhF,https://drive.google.com/file/d/1VANPVJPC0B2Gheh547odIi5BNBmV_GhF/view?usp=drivesdk,［9月4日］指数估值数据(大盘下跌回到4.4星；市场后面还会涨起来吗；红利指数估值表更新；指数日报更新）,,,
2025-09-05,4.3,A股,公众号当日估值文章,realtime,1.0,closing_statement,截止到收盘，又回到4.3星,auto_high_confidence,1NgvbMQEsTpwmc4e_-GL7T6HiYABFZCv_,https://drive.google.com/file/d/1NgvbMQEsTpwmc4e_-GL7T6HiYABFZCv_/view?usp=drivesdk,［9月5日］指数估值数据(A股港股大幅上涨，回到4.3星；未来会有3星么；港股指数估值表更新；抽奖福利）,,,
2025-09-08,4.3,A股,公众号当日估值文章,realtime,1.0,closing_statement,截止到收盘，整体微涨，还在4.3星,auto_high_confidence,1l8mlKKz1hsKE_-6nu0HQlmx4xjb_jAWH,https://drive.google.com/file/d/1l8mlKKz1hsKE_-6nu0HQlmx4xjb_jAWH/view?usp=drivesdk,［9月8日］指数估值数据(大盘继续上涨；消费行业，投资价值如何；月薪宝体验官福利来了）,,,
2025-09-09,4.3,A股,公众号当日估值文章,realtime,0.995,today_market_statement,今天A股大盘微跌，波动不大，还在4.3星,auto_high_confidence,1G2w8Y_weOrWlV7vvb3iIWlF7jczE_q3a,https://drive.google.com/file/d/1G2w8Y_weOrWlV7vvb3iIWlF7jczE_q3a/view?usp=drivesdk,［9月9日］指数估值数据(螺丝钉定投实盘第381期发车；养老指数估值表更新；月薪宝体验官福利来了）,,,
2025-09-10,4.3,A股,公众号当日估值文章,realtime,1.0,closing_statement,截止到收盘，还在4.3星,auto_high_confidence,1n_Oce5sqxP2WjAVrJzj6N-u5eyKtlHQ_,https://drive.google.com/file/d/1n_Oce5sqxP2WjAVrJzj6N-u5eyKtlHQ_/view?usp=drivesdk,［9月10日］指数估值数据(股市坚挺，债券下跌；A股什么时候创新高；「自动止盈」功能上线）,,,
2025-09-11,4.2,A股,公众号当日估值文章,realtime,1.0,closing_statement,截止到收盘，回到4.2星,auto_high_confidence,19unw5HblEqz2rFMbzKxEn3tMZ6ptA97I,https://drive.google.com/file/d/19unw5HblEqz2rFMbzKxEn3tMZ6ptA97I/view?usp=drivesdk,［9月11日］指数估值数据(A股大涨，回到4.2星；国内科技行业，竞争优势在哪里；红利指数估值表更新）,,,
2025-09-12,4.2,A股,公众号当日估值文章,realtime,1.0,closing_statement,截止到收盘，还在4.2星,auto_high_confidence,1jOoX0fE1l7MI-1NIlBkUpVUZ-nlcTlGW,https://drive.google.com/file/d/1jOoX0fE1l7MI-1NIlBkUpVUZ-nlcTlGW/view?usp=drivesdk,［9月12日］指数估值数据(今年哪些品种到过高估；自动止盈功能上线；港股指数估值表更新；抽奖福利）,,,
2025-09-15,4.2,A股,公众号当日估值文章,realtime,1.0,closing_statement,到收盘时涨幅回落，微涨微跌，还在4.2星,auto_high_confidence,1dmyQ0HGrizX2cce94abUZ29G1pFYx0Ai,https://drive.google.com/file/d/1dmyQ0HGrizX2cce94abUZ29G1pFYx0Ai/view?usp=drivesdk,［9月15日］指数估值数据(为啥同一品种，收益率会有差别；自动止盈功能上线；月薪宝体验官福利来了）,,,
2025-09-16,4.2,A股,公众号当日估值文章,realtime,1.0,closing_statement,到收盘反弹，全天下来略微上涨，还在4.2星,auto_high_confidence,1J91agPu01yl2S0Z4KcUbkqVNzcAssppX,https://drive.google.com/file/d/1J91agPu01yl2S0Z4KcUbkqVNzcAssppX/view?usp=drivesdk,［9月16日］指数估值数据(螺丝钉定投实盘第382期发车；养老指数估值表更新）,,,
2025-09-17,4.2,A股,公众号当日估值文章,realtime,1.0,closing_statement,截止到收盘，整体上涨，还在4.2星,auto_high_confidence,1EpcmIS65iVbfGPpujb8Uyn2Ko6HFfj2Q,https://drive.google.com/file/d/1EpcmIS65iVbfGPpujb8Uyn2Ko6HFfj2Q/view?usp=drivesdk,［9月17日］指数估值数据(港股科技大涨，估值如何；大盘多少点到3星）,,,
2025-09-18,4.2,A股,公众号当日估值文章,realtime,1.0,closing_statement,收盘还在4.2星,auto_high_confidence,1_UverIY7BH4xNNssIS1K2iy0NfIGG2T_,https://drive.google.com/file/d/1_UverIY7BH4xNNssIS1K2iy0NfIGG2T_/view?usp=drivesdk,［9月18日］指数估值数据(大盘回调；美联储降息，对A股港股影响如何；红利指数估值表更新）,,,
2025-09-19,4.2,A股,公众号当日估值文章,realtime,0.995,today_market_statement,今天大盘略微下跌，还在4.2星,auto_high_confidence,1QTgjVUYCtHgcPRpb2iIjEsyfp44Kbr2P,https://drive.google.com/file/d/1QTgjVUYCtHgcPRpb2iIjEsyfp44Kbr2P/view?usp=drivesdk,［9月19日］指数估值数据(港股牛市上涨，跟A股有啥区别；自动止盈功能上线；港股指数估值表更新；抽奖福利）,,,
2025-09-22,4.2,A股,公众号当日估值文章,realtime,0.99,opening_state_statement,还在4.2星,auto_high_confidence,1kFSR3x67X0yYjzOkIw3XpJERpZIj2fLd,https://drive.google.com/file/d/1kFSR3x67X0yYjzOkIw3XpJERpZIj2fLd/view?usp=drivesdk,［9月22日］指数估值数据(大盘继续上涨；老登股是啥意思；月薪宝体验官福利来了）,,,
2025-09-23,4.2,A股,公众号当日估值文章,realtime,1.0,closing_statement,到收盘前又顽强的反弹了起来，还在4.2星,auto_high_confidence,1osl8KQvT45anEp-uDvQqexIQ-IzJ9c5x,https://drive.google.com/file/d/1osl8KQvT45anEp-uDvQqexIQ-IzJ9c5x/view?usp=drivesdk,［9月23日］指数估值数据(螺丝钉定投实盘第383期发车；养老指数估值表更新）,,,
2025-09-24,4.2,A股,公众号当日估值文章,realtime,1.0,closing_statement,截止到收盘，还在4.2星,auto_high_confidence,1r5vkIBYmffSs4TqLwR3Kq9AYL3i_norQ,https://drive.google.com/file/d/1r5vkIBYmffSs4TqLwR3Kq9AYL3i_norQ/view?usp=drivesdk,［9月24日］指数估值数据(大盘继续上涨；5.9星一周年，市场还会继续向上吗；自动止盈功能上线）,,,
2025-09-25,4.2,A股,公众号当日估值文章,realtime,1.0,closing_statement,到收盘涨幅回落，还在4.2星,auto_high_confidence,1WJhmSzr1-YXRutVZHbsyrineX6x2oUA0,https://drive.google.com/file/d/1WJhmSzr1-YXRutVZHbsyrineX6x2oUA0/view?usp=drivesdk,［9月25日］指数估值数据(牛市中遇到回调怎么办；红利指数估值表更新；指数日报更新）,,,
2025-09-26,4.2,A股,公众号当日估值文章,realtime,1.0,closing_statement,截止到收盘，还在4.2星,auto_high_confidence,1QMppdySyr8G0EXFz8mL2DHboY-Thog3e,https://drive.google.com/file/d/1QMppdySyr8G0EXFz8mL2DHboY-Thog3e/view?usp=drivesdk,［9月26日］指数估值数据(大盘回调；港股科技指数有哪些，估值如何；港股指数估值表更新）,,,
2025-09-29,4.2,A股,公众号当日估值文章,realtime,1.0,closing_statement,截止到收盘，还在4.2星,auto_high_confidence,1CpDXoz4Xe_j0W2rWQEQ9VOMsL9aw2hsu,https://drive.google.com/file/d/1CpDXoz4Xe_j0W2rWQEQ9VOMsL9aw2hsu/view?usp=drivesdk,［9月29日］指数估值数据(A股港股继续上涨；要不要持股过节；月薪宝体验官福利来了）,,,
2025-09-30,4.1,A股,公众号当日估值文章,realtime,1.0,manual_verification,今天大盘整体上涨，截止到收盘，回到4.1星。,verified_manual,15tz95ooTiDoR7hQ1t_zhKRMO6Yxyt3ek,https://drive.google.com/file/d/15tz95ooTiDoR7hQ1t_zhKRMO6Yxyt3ek/view?usp=drivesdk,［9月30日］指数估值数据(A股港股上涨，回到4.1星；螺丝钉定投实盘第384期发车；养老指数估值表更新）,正文明确给出当日收盘星级,,
2025-10-08,4.1,A股,公众号当日估值文章,realtime,0.99,opening_state_statement,回到4.1星,auto_high_confidence,1BOX2d_-5lp7aHedb1zXvSwmatFtCU2Ce,https://drive.google.com/file/d/1BOX2d_-5lp7aHedb1zXvSwmatFtCU2Ce/view?usp=drivesdk,［10月8日］指数估值数据(假期后，A股能涨多少呢）,,,
2025-10-09,4.1,A股,公众号当日估值文章,realtime,1.0,closing_statement,截止到收盘，还在4.1星,auto_high_confidence,1pJhtiyJDgAplyrtIfblt9il13SsZl648,https://drive.google.com/file/d/1pJhtiyJDgAplyrtIfblt9il13SsZl648/view?usp=drivesdk,［10月9日］指数估值数据(不同星级，该买什么基金；红利指数估值表更新）,,,
2025-10-10,4.1,A股,公众号当日估值文章,realtime,1.0,closing_statement,截止到收盘，还在4.1星,auto_high_confidence,1V4pTRQYvCoaONu__klifFqmggYuuSKRH,https://drive.google.com/file/d/1V4pTRQYvCoaONu__klifFqmggYuuSKRH/view?usp=drivesdk,［10月10日］指数估值数据(成长风格回调，价值风格上涨；港股医药回低估了吗；港股指数估值表更新；抽奖福利）,,,
2025-10-13,4.2,A股,公众号当日估值文章,realtime,1.0,closing_statement,到收盘大盘微跌，还在4.2星,auto_high_confidence,1-LmekYLGt9Kkvwl1X1obp4o021tnDvIw,https://drive.google.com/file/d/1-LmekYLGt9Kkvwl1X1obp4o021tnDvIw/view?usp=drivesdk,［10月13日］指数估值数据(A股港股深V反弹；好品种+好价格+长期持有=好收益）,,,
2025-10-14,4.2,A股,公众号当日估值文章,realtime,0.995,today_market_statement,今天大盘整体下跌，还在4.2星,auto_high_confidence,1hM5Qqwj5cM1TphiVvKQcGp6nYkRmF6_F,https://drive.google.com/file/d/1hM5Qqwj5cM1TphiVvKQcGp6nYkRmF6_F/view?usp=drivesdk,［10月14日］指数估值数据(螺丝钉定投实盘第385期发车；养老指数估值表更新）,,,
2025-10-15,4.2,A股,公众号当日估值文章,realtime,1.0,closing_statement,截止到收盘，还在4.2星,auto_high_confidence,1_FNQMNJfqYHgVuaEKW40LiGL_5MDOtvu,https://drive.google.com/file/d/1_FNQMNJfqYHgVuaEKW40LiGL_5MDOtvu/view?usp=drivesdk,［10月15日］指数估值数据(A股港股牛市有啥特点，牛市结束了么）,,,
2025-10-16,4.2,A股,公众号当日估值文章,realtime,0.995,today_market_statement,今天大盘整体微跌，中证全指下跌0.44%，还在4.2星,auto_high_confidence,1fIdiHBWBRdjN2DVNCNxZADFEqN8zOyDK,https://drive.google.com/file/d/1fIdiHBWBRdjN2DVNCNxZADFEqN8zOyDK/view?usp=drivesdk,［10月16日］指数估值数据(成长低迷，价值强势，风格轮动怎么应对；红利指数估值表更新）,,,
2025-10-17,4.3,A股,公众号当日估值文章,realtime,1.0,closing_statement,截止到收盘，中证全指下跌2.55%，回到4.3星,auto_high_confidence,1fxv9ykEDFIWxz9R8bPiKEaPfIXfY3TuP,https://drive.google.com/file/d/1fxv9ykEDFIWxz9R8bPiKEaPfIXfY3TuP/view?usp=drivesdk,［10月17日］指数估值数据（大跌，回到4.3星；波动还能涨回来吗；港股指数估值表更新；抽奖福利）,,,
2025-10-20,4.3,A股,公众号当日估值文章,realtime,0.995,today_market_statement,今天大盘整体上涨，还在4.3星,auto_high_confidence,1FVkZAVf0xwEWNEFEpiWRzd4QEF_PxiiF,https://drive.google.com/file/d/1FVkZAVf0xwEWNEFEpiWRzd4QEF_PxiiF/view?usp=drivesdk,［10月20日］指数估值数据(上涨中遇到波动怎么办）,,,
2025-10-21,4.2,A股,公众号当日估值文章,realtime,0.995,today_market_statement,今天大盘整体上涨，回到了4.2星,auto_high_confidence,16xigwWk7YXHg5cDrkzEAAKRYkUsENsY6,https://drive.google.com/file/d/16xigwWk7YXHg5cDrkzEAAKRYkUsENsY6/view?usp=drivesdk,［10月21日］指数估值数据(螺丝钉定投实盘第386期发车；养老指数估值表更新）,,,
2025-10-22,4.2,A股,公众号当日估值文章,realtime,1.0,closing_statement,截止到收盘，还在4.2星,auto_high_confidence,1OpKQi6VPrf1qRa5GFcJdvyoPn7AtPT9T,https://drive.google.com/file/d/1OpKQi6VPrf1qRa5GFcJdvyoPn7AtPT9T/view?usp=drivesdk,［10月22日］指数估值数据(价值风格强势；季报更新，哪些品种盈利增长好；ETF估值表已上线）,,,
2025-10-23,4.2,A股,公众号当日估值文章,realtime,1.0,closing_statement,到收盘，跌幅缩小，全天波动不大，还在4.2星,auto_high_confidence,184mxxDMULha8XT_g1AZwD4Etyu--RKJb,https://drive.google.com/file/d/184mxxDMULha8XT_g1AZwD4Etyu--RKJb/view?usp=drivesdk,［10月23日］指数估值数据(大盘V字反弹；红利指数估值表更新；免费领投资手册福利来了）,,,
2025-10-24,4.2,A股,公众号当日估值文章,realtime,1.0,closing_statement,截止到收盘，在4.2星,auto_high_confidence,1RkE5dlvp3j6SuJk-zNNy8S6JmPjUk6t9,https://drive.google.com/file/d/1RkE5dlvp3j6SuJk-zNNy8S6JmPjUk6t9/view?usp=drivesdk,［10月24日］指数估值数据(大盘上涨；消费行业还会有行情吗；港股指数估值表更新；抽奖福利）,,,
2025-10-27,4.1,A股,公众号当日估值文章,realtime,1.0,closing_statement,截止到收盘，回到4.1星,auto_high_confidence,1eLErwdLkVEFqHZjTyrZC40TczVJr55fd,https://drive.google.com/file/d/1eLErwdLkVEFqHZjTyrZC40TczVJr55fd/view?usp=drivesdk,［10月27日］指数估值数据(A股港股继续上涨，回到4.1星）,,,
2025-10-28,4.1,A股,公众号当日估值文章,realtime,1.0,closing_statement,到收盘变成微跌，还在4.1星,auto_high_confidence,1eDoz64aqYMaYg-oYFS_oIzyUE3moBUJH,https://drive.google.com/file/d/1eDoz64aqYMaYg-oYFS_oIzyUE3moBUJH/view?usp=drivesdk,［10月28日］指数估值数据(螺丝钉定投实盘第387期发车；养老指数估值表更新）,,,
2025-10-29,4.1,A股,公众号当日估值文章,realtime,1.0,closing_statement,截止到收盘，还在4.1星,auto_high_confidence,1RLvz52JW6NESkbQtKR435-HpHUCtw_1A,https://drive.google.com/file/d/1RLvz52JW6NESkbQtKR435-HpHUCtw_1A/view?usp=drivesdk,［10月29日］指数估值数据(大盘继续上涨；未来还会有5星级么？）,,,
2025-10-30,4.1,A股,公众号当日估值文章,realtime,0.995,today_market_statement,今天大盘整体下跌，还在4.1星,auto_high_confidence,18rF2SZnLPbJgIgakzeUavD51Ai9LmZSe,https://drive.google.com/file/d/18rF2SZnLPbJgIgakzeUavD51Ai9LmZSe/view?usp=drivesdk,［10月30日］指数估值数据(美元降息落地，对市场有啥影响；红利指数估值表更新）,,,
2025-10-31,4.1,A股,公众号当日估值文章,realtime,0.995,today_market_statement,今天大盘整体下跌，还在4.1星,auto_high_confidence,1nyv0SeUolF27d7l5p6s7N_V7wBmnU5Wk,https://drive.google.com/file/d/1nyv0SeUolF27d7l5p6s7N_V7wBmnU5Wk/view?usp=drivesdk,［10月31日］指数估值数据(大盘下跌；三季报里的公司盈利如何；港股指数估值表更新；抽奖福利）,,,
2025-11-03,4.1,A股,公众号当日估值文章,realtime,1.0,closing_statement,到收盘整体微涨，还在4.1星,auto_high_confidence,1USgmuIst7SA_A75gnOjNZgRebOENxVjz,https://drive.google.com/file/d/1USgmuIst7SA_A75gnOjNZgRebOENxVjz/view?usp=drivesdk,［11月3日］指数估值数据(大盘上涨了，为啥还有人亏钱？）,,,
2025-11-04,4.2,A股,公众号当日估值文章,realtime,1.0,closing_statement,截止到收盘，回到4.2星,auto_high_confidence,1JQUBVDjruCpDdIA10ezqdcj_I3TL-FiU,https://drive.google.com/file/d/1JQUBVDjruCpDdIA10ezqdcj_I3TL-FiU/view?usp=drivesdk,［11月4日］指数估值数据(螺丝钉定投实盘第388期发车；养老指数估值表更新）,,,
2025-11-05,4.2,A股,公众号当日估值文章,realtime,1.0,closing_statement,到收盘整体上涨，波动不大，还在4.2星,auto_high_confidence,1TbYx6gTOJ8u4pOnV1C9DkkRNrraWN4x1,https://drive.google.com/file/d/1TbYx6gTOJ8u4pOnV1C9DkkRNrraWN4x1/view?usp=drivesdk,［11月5日］指数估值数据(A股低开高走；全球资产出现波动，原因为何）,,,
2025-11-06,4.1,A股,公众号当日估值文章,realtime,1.0,closing_statement,截止到收盘，回到4.1星,auto_high_confidence,1462XrhUBJKyUZVHSDyGuCK7c5bElerWl,https://drive.google.com/file/d/1462XrhUBJKyUZVHSDyGuCK7c5bElerWl/view?usp=drivesdk,［11月6日］指数估值数据(A股港股继续上涨；未来还会不会遇到1星级；红利指数估值表更新）,,,
2025-11-07,4.1,A股,公众号当日估值文章,realtime,0.995,today_market_statement,今天大盘略微下跌，波动不大，还在4.1星,auto_high_confidence,1zA2IYACbM7kCY5DqKnSy2HvzagZkoFov,https://drive.google.com/file/d/1zA2IYACbM7kCY5DqKnSy2HvzagZkoFov/view?usp=drivesdk,［11月7日］指数估值数据(普通家庭如何分享经济增长；港股指数估值表更新；抽奖福利）,,,
2025-11-10,4.1,A股,公众号当日估值文章,realtime,0.995,today_market_statement,今天大盘整体微涨，波动不大，还在4.1星,auto_high_confidence,1NKpspoUc-og8HPgLiS4egqgkc8f_GK2O,https://drive.google.com/file/d/1NKpspoUc-og8HPgLiS4egqgkc8f_GK2O/view?usp=drivesdk,［11月10日］指数估值数据(现金流、消费大涨，上市公司基本面复苏了么）,,,
2025-11-11,4.1,A股,公众号当日估值文章,realtime,0.995,today_market_statement,今天大盘略微下跌，波动不大，还在4.1星,auto_high_confidence,1d-K1TZ1TWFjQL-13zhb3VlVeoXpqSOBW,https://drive.google.com/file/d/1d-K1TZ1TWFjQL-13zhb3VlVeoXpqSOBW/view?usp=drivesdk,［11月11日］指数估值数据(螺丝钉定投实盘第389期发车；养老指数估值表更新）,,,
2025-11-12,4.1,A股,公众号当日估值文章,realtime,0.995,today_market_statement,今天大盘整体微跌，中证全指下跌0.41%，波动不大，还在4.1星,auto_high_confidence,1s8zaQW4JBdJh6bSra20A795pB5Ve-xoQ,https://drive.google.com/file/d/1s8zaQW4JBdJh6bSra20A795pB5Ve-xoQ/view?usp=drivesdk,［11月12日］指数估值数据(价值风格持续强势；市场风格轮动，我们该如何投资）,,,
2025-11-13,4.1,A股,公众号当日估值文章,realtime,1.0,closing_statement,截止到收盘，大盘还在4.1星,auto_high_confidence,1_cSRh3b314nZK6vZurlGELIsEA5tmLk2,https://drive.google.com/file/d/1_cSRh3b314nZK6vZurlGELIsEA5tmLk2/view?usp=drivesdk,［11月13日］指数估值数据(大盘继续上涨；红利创新高，估值高了么；红利指数估值表更新；免费领福利）,,,
2025-11-14,4.1,A股,公众号当日估值文章,realtime,0.995,today_market_statement,今天大盘整体下跌，还在4.1星,auto_high_confidence,1xswA6OdIdsg-no8q6yj3splTYq28C3uA,https://drive.google.com/file/d/1xswA6OdIdsg-no8q6yj3splTYq28C3uA/view?usp=drivesdk,［11月14日］指数估值数据(全球市场波动，原因为何；消费类指数有哪些；港股指数估值表更新；抽奖福利）,,,
2025-11-17,4.1,A股,公众号当日估值文章,realtime,0.995,today_market_statement,今天大盘略微下跌，波动不大，还在4.1星,auto_high_confidence,1s9o15D_ROqNspZhmFkJhQvjjjtbdFND7,https://drive.google.com/file/d/1s9o15D_ROqNspZhmFkJhQvjjjtbdFND7/view?usp=drivesdk,［11月17日］指数估值数据(大盘横盘震荡，还会有上涨的阶段吗）,,,
2025-11-18,4.2,A股,公众号当日估值文章,realtime,1.0,closing_statement,截止到收盘，回到4.2星,auto_high_confidence,1YY6zFa4wrd6XNKG5SoLzVbI-b0WQL7KP,https://drive.google.com/file/d/1YY6zFa4wrd6XNKG5SoLzVbI-b0WQL7KP/view?usp=drivesdk,［11月18日］指数估值数据(大盘下跌回到4.2星级；螺丝钉定投实盘第390期发车；养老指数估值表更新）,,,
2025-11-19,4.2,A股,公众号当日估值文章,realtime,0.995,today_market_statement,今天大盘略微下跌，中证全指下跌0.28%，还在4.2星,auto_high_confidence,162pZ9jdXfdZLs97OYaITaCpNbNqGGajy,https://drive.google.com/file/d/162pZ9jdXfdZLs97OYaITaCpNbNqGGajy/view?usp=drivesdk,［11月19日］指数估值数据(全球市场波动，原因为何；市场还会有上涨阶段么）,,,
2025-11-20,4.2,A股,公众号当日估值文章,realtime,1.0,closing_statement,截止到收盘，还在4.2星,auto_high_confidence,1IEbFkBTFnZdlQjQxi2jZu-UbJZ2j9sf4,https://drive.google.com/file/d/1IEbFkBTFnZdlQjQxi2jZu-UbJZ2j9sf4/view?usp=drivesdk,［11月20日］指数估值数据(红利类指数基金如何止盈；红利指数估值表更新；免费领福利）,,,
2025-11-21,4.4,A股,公众号当日估值文章,realtime,0.995,today_market_statement,今天大盘下跌较多，一口气回到4.4星,auto_high_confidence,1oFdTnqxLCHd_f-qPkwOhU78DIg286kRa,https://drive.google.com/file/d/1oFdTnqxLCHd_f-qPkwOhU78DIg286kRa/view?usp=drivesdk,［11月21日］指数估值数据(全球资产大跌，A股回到4.4星；港股指数估值表更新；抽奖福利）,,,
2025-11-24,4.4,A股,公众号当日估值文章,realtime,1.0,closing_statement,到收盘变成上涨，还在4.4星,auto_high_confidence,1tMdfIYWf744-PD8hrAYXCYZvdHB7P4jh,https://drive.google.com/file/d/1tMdfIYWf744-PD8hrAYXCYZvdHB7P4jh/view?usp=drivesdk,［11月24日］指数估值数据(A股港股反弹上涨；港股科技股波动原因是什么）,,,
2025-11-25,4.3,A股,公众号当日估值文章,realtime,1.0,closing_statement,截止到收盘，回到4.3星,auto_high_confidence,1uh7Y_sM6z1dMFDcsd1XiPdPXE1K2-Eg6,https://drive.google.com/file/d/1uh7Y_sM6z1dMFDcsd1XiPdPXE1K2-Eg6/view?usp=drivesdk,［11月25日］指数估值数据(螺丝钉定投实盘第391期发车；养老指数估值表更新）,,,
2025-11-26,4.3,A股,公众号当日估值文章,realtime,1.0,closing_statement,截止到收盘，还在4.3星,auto_high_confidence,1pGgLCMyzTW-MC1NE37fQO-E0udW5fYwN,https://drive.google.com/file/d/1pGgLCMyzTW-MC1NE37fQO-E0udW5fYwN/view?usp=drivesdk,［11月26日］指数估值数据(股票上涨，债券下跌；A股现在还是牛市吗？）,,,
2025-11-27,4.3,A股,公众号当日估值文章,realtime,1.0,closing_statement,到收盘回落，大盘整体波动不大，还在4.3星,auto_high_confidence,1pvb3kzLcMMeWiDzG1luVQSEfmGdGF-X_,https://drive.google.com/file/d/1pvb3kzLcMMeWiDzG1luVQSEfmGdGF-X_/view?usp=drivesdk,［11月27日］指数估值数据(债券基金下跌，原因为何；红利指数估值表更新）,,,
2025-11-28,4.2,A股,公众号当日估值文章,realtime,1.0,closing_statement,截止到收盘，回到4.2星,auto_high_confidence,1ux09wpmlEVfJIivcK6TY01pU7S34evU6,https://drive.google.com/file/d/1ux09wpmlEVfJIivcK6TY01pU7S34evU6/view?usp=drivesdk,［11月28日］指数估值数据(牛市中后期，有哪些信号要注意；港股指数估值表更新；抽奖福利）,,,
2025-12-01,4.2,A股,公众号当日估值文章,realtime,1.0,closing_statement,截止到收盘，回到4.2星,auto_high_confidence,1jdBb-9vCF917OmQp-hFEKeNT7amRoNL7,https://drive.google.com/file/d/1jdBb-9vCF917OmQp-hFEKeNT7amRoNL7/view?usp=drivesdk,［12月1日］指数估值数据(大盘上涨，回到4.2星；债基踩雷风险，该如何应对？）,,,
2025-12-02,4.2,A股,公众号当日估值文章,realtime,1.0,closing_statement,到收盘跌幅缩小，还在4.2星,auto_high_confidence,1aMEH0BCodnJ0XqdoDZ_qfaV6qZVTiAz0,https://drive.google.com/file/d/1aMEH0BCodnJ0XqdoDZ_qfaV6qZVTiAz0/view?usp=drivesdk,［12月2日］指数估值数据(螺丝钉定投实盘第392期发车；养老指数估值表更新）,,,
2025-12-03,4.3,A股,公众号当日估值文章,realtime,1.0,closing_statement,截止到收盘，回到4.3星,auto_high_confidence,1higFvWvkmS6283ozNvO2-lAdQLZzLczL,https://drive.google.com/file/d/1higFvWvkmS6283ozNvO2-lAdQLZzLczL/view?usp=drivesdk,［12月3日］指数估值数据(大盘还会上4000点么）,,,
2025-12-04,4.3,A股,公众号当日估值文章,realtime,1.0,closing_statement,截止到收盘，还在4.3星,auto_high_confidence,1Rri2BZxP5-icBF6uDAw1qKyJVMynqZVj,https://drive.google.com/file/d/1Rri2BZxP5-icBF6uDAw1qKyJVMynqZVj/view?usp=drivesdk,［12月4日］指数估值数据(价值投资策略在A股有效吗；红利指数估值表更新；免费领「财富达人」奖章）,,,
2025-12-05,4.2,A股,公众号当日估值文章,realtime,0.995,today_market_statement,今天大盘低开高走，整体上涨，回到4.2星,auto_high_confidence,15YxyFGYmRejkYz1Mhh150rk2nlWNvQ4N,https://drive.google.com/file/d/15YxyFGYmRejkYz1Mhh150rk2nlWNvQ4N/view?usp=drivesdk,［12月5日］指数估值数据(利好出现，A股港股上涨；牛市里没到高估怎么办；港股指数估值表更新；抽奖福利）,,,
2025-12-08,4.2,A股,公众号当日估值文章,realtime,1.0,closing_statement,截止到收盘，还在4.2星,auto_high_confidence,1eTPS7z2Q1bjzeWT696GI0F-YXIlprgyu,https://drive.google.com/file/d/1eTPS7z2Q1bjzeWT696GI0F-YXIlprgyu/view?usp=drivesdk,［12月8日］指数估值数据(两大利好，推动市场上涨；保险机构喜欢哪些指数呢）,,,
2025-12-09,4.2,A股,公众号当日估值文章,realtime,1.0,closing_statement,截止到收盘，还在4.2星,auto_high_confidence,1OmyRAy42GMFzWWYdVJN7nlFZ_wS5l0RL,https://drive.google.com/file/d/1OmyRAy42GMFzWWYdVJN7nlFZ_wS5l0RL/view?usp=drivesdk,［12月9日］指数估值数据(螺丝钉定投实盘第393期发车；养老指数估值表更新）,,,
2025-12-10,4.2,A股,公众号当日估值文章,realtime,0.99,opening_state_statement,还在4.2星,auto_high_confidence,1bBYkxLVaVenJaOGonVslENZ8C8NSPad2,https://drive.google.com/file/d/1bBYkxLVaVenJaOGonVslENZ8C8NSPad2/view?usp=drivesdk,［12月10日］指数估值数据(A股港股反弹；指数调仓，会给估值带来什么变化）,,,
2025-12-11,4.2,A股,公众号当日估值文章,realtime,1.0,closing_statement,截止到收盘，还在4.2星,auto_high_confidence,1T17Y8ndwNyQLbru2kIZDudTdQjus-Qpq,https://drive.google.com/file/d/1T17Y8ndwNyQLbru2kIZDudTdQjus-Qpq/view?usp=drivesdk,［12月11日］指数估值数据(美元降息放缓，对全球市场有啥影响；红利指数估值表更新；免费领「财富达人」奖章）,,,
2025-12-12,4.2,A股,公众号当日估值文章,realtime,1.0,closing_statement,截止到收盘，还在4.2星,auto_high_confidence,1gNv8tkmF7b_jMe4Lnk2-VgvBrUGi9bqE,https://drive.google.com/file/d/1gNv8tkmF7b_jMe4Lnk2-VgvBrUGi9bqE/view?usp=drivesdk,［12月12日］指数估值数据(A股港股上涨；价值风格回调，风险如何呢；港股指数估值表更新；抽奖福利）,,,
2025-12-15,4.2,A股,公众号当日估值文章,realtime,1.0,closing_statement,截止到收盘，还在4.2星,auto_high_confidence,1-e3qRJt3LYl1x8tKW_S5YAL6J2OI-jhx,https://drive.google.com/file/d/1-e3qRJt3LYl1x8tKW_S5YAL6J2OI-jhx/view?usp=drivesdk,［12月15日］指数估值数据(指数调仓落地，估值更新；债基适合定投吗？）,,,
2025-12-16,4.3,A股,公众号当日估值文章,realtime,1.0,closing_statement,截止到收盘，回到4.3星,auto_high_confidence,1AzDvvpTNyx0HvijCT36it0gL-qUgxi6m,https://drive.google.com/file/d/1AzDvvpTNyx0HvijCT36it0gL-qUgxi6m/view?usp=drivesdk,［12月16日］指数估值数据(螺丝钉定投实盘第394期发车；养老指数估值表更新）,,,
2025-12-17,4.2,A股,公众号当日估值文章,realtime,1.0,closing_statement,到收盘的时候大盘上涨比较多，一口气回到4.2星,auto_high_confidence,1lSHESd7bvFAAtQhBSQ9VY3cNJCY-fd17,https://drive.google.com/file/d/1lSHESd7bvFAAtQhBSQ9VY3cNJCY-fd17/view?usp=drivesdk,［12月17日］指数估值数据(神奇两点半再现，大盘上涨；最近市场波动是啥原因？）,,,
2025-12-18,4.2,A股,公众号当日估值文章,realtime,0.995,today_market_statement,今天大盘略微下跌，中证全指下跌0.39%，波动不大，还在4.2星,auto_high_confidence,1enQhGtfv5W1oMnWv4yBu3dfuGUUPJT6U,https://drive.google.com/file/d/1enQhGtfv5W1oMnWv4yBu3dfuGUUPJT6U/view?usp=drivesdk,［12月18日］指数估值数据(A股现在是分红市还是融资市呢；红利指数估值表更新）,,,
2025-12-19,4.2,A股,公众号当日估值文章,realtime,1.0,closing_statement,截止到收盘，还在4.2星,auto_high_confidence,1o_go9fYyaLrKIle-C53vjlvZ9IytDQvv,https://drive.google.com/file/d/1o_go9fYyaLrKIle-C53vjlvZ9IytDQvv/view?usp=drivesdk,［12月19日］指数估值数据(A股港股上涨；从做生意的视角，看指数基金投资；港股指数估值表更新；抽奖福利）,,,
2025-12-22,4.2,A股,公众号当日估值文章,realtime,1.0,closing_statement,截止到收盘还在4.2星,auto_high_confidence,1opzYmefFkw0-i7fjf7ICn7nf8HqL7urZ,https://drive.google.com/file/d/1opzYmefFkw0-i7fjf7ICn7nf8HqL7urZ/view?usp=drivesdk,［12月22日］指数估值数据(A股港股上涨；品种高估了，还会考虑投资吗）,,,
2025-12-23,4.2,A股,公众号当日估值文章,realtime,1.0,closing_statement,截止到收盘，还在4.2星,auto_high_confidence,1K7fdDKqzmwsbG40BWgRQWrJb-j6W0hIE,https://drive.google.com/file/d/1K7fdDKqzmwsbG40BWgRQWrJb-j6W0hIE/view?usp=drivesdk,［12月23日］指数估值数据(螺丝钉定投实盘第395期发车；养老指数估值表更新）,,,
2025-12-24,4.1,A股,公众号当日估值文章,realtime,1.0,closing_statement,截止到收盘，回到4.1星,auto_high_confidence,1dphllpe-BbWocNCbs5JW-mPJgGrjfTeF,https://drive.google.com/file/d/1dphllpe-BbWocNCbs5JW-mPJgGrjfTeF/view?usp=drivesdk,［12月24日］指数估值数据(A股港股上涨，回到4.1星；A500规模大增，A系列指数投资价值如何？）,,,
2025-12-25,4.1,A股,公众号当日估值文章,realtime,1.0,closing_statement,截止到收盘，还在4.1星,auto_high_confidence,1wunhPjk9Frsp1CVKvIk-jaGtxMDah6qt,https://drive.google.com/file/d/1wunhPjk9Frsp1CVKvIk-jaGtxMDah6qt/view?usp=drivesdk,［12月25日］指数估值数据(大盘继续上涨；红利指数涨的少，要换吗；红利指数估值表更新；免费领「财富达人」奖章）,,,
2025-12-26,4.1,A股,公众号当日估值文章,realtime,0.995,today_market_statement,今天大盘微涨微跌，波动不大，还在4.1星,auto_high_confidence,19y1UuVZAOv9vIE6_4vUJaXsWOBosrZav,https://drive.google.com/file/d/19y1UuVZAOv9vIE6_4vUJaXsWOBosrZav/view?usp=drivesdk,［12月26日］指数估值数据(白银基金溢价风险，是怎么回事；港股指数估值表更新；抽奖福利）,,,
2025-12-29,4.1,A股,公众号当日估值文章,realtime,1.0,closing_statement,到收盘的时候变成下跌，还在4.1星,auto_high_confidence,1k5E05L_eTBFZNn5wOHJcLQLdPq-4IWLn,https://drive.google.com/file/d/1k5E05L_eTBFZNn5wOHJcLQLdPq-4IWLn/view?usp=drivesdk,［12月29日］指数估值数据(A股港股回调；港股IPO融资大幅提升，对投资有什么影响；免费领5星级好书）,,,
2025-12-30,4.1,A股,公众号当日估值文章,realtime,1.0,closing_statement,截止到收盘，还在4.1星,auto_high_confidence,1ouKGgHOr1upHFr--_jwInI9VeoyjZnh5,https://drive.google.com/file/d/1ouKGgHOr1upHFr--_jwInI9VeoyjZnh5/view?usp=drivesdk,［12月30日］指数估值数据(螺丝钉定投实盘第396期发车；养老指数估值表更新）,,,
2025-12-31,4.1,A股,公众号当日估值文章,realtime,1.0,closing_statement,到收盘变成下跌，还在4.1星,auto_high_confidence,1zncPqY99A8GA3IY3e-bv0GExl45V4_mE,https://drive.google.com/file/d/1zncPqY99A8GA3IY3e-bv0GExl45V4_mE/view?usp=drivesdk,［12月31日］指数估值数据(2025年收官，来年再战；免费领好书福利）,,,
2026-01-05,4.0,A股,公众号当日估值文章,realtime,1.0,closing_statement,截止到收盘，A股整体回到4.0星,auto_high_confidence,1g2UsjZGcAdS5ADN1uwIrDO83afMZbpQ4,https://drive.google.com/file/d/1g2UsjZGcAdS5ADN1uwIrDO83afMZbpQ4/view?usp=drivesdk,［1月5日］指数估值数据(A股大涨，迎来开门红；免费领好书福利）,,,
2026-01-06,3.9,A股,公众号当日估值文章,realtime,1.0,manual_verification,今天大盘整体上涨，截止到收盘，大盘回到3.9星。,verified_manual,1PywA8IMBorWQeIFoHfp1vLNmReZB11Mx,https://drive.google.com/file/d/1PywA8IMBorWQeIFoHfp1vLNmReZB11Mx/view?usp=drivesdk,［1月6日］指数估值数据(大盘继续上涨，回到3星级；螺丝钉定投实盘第397期发车；养老指数估值表更新）,标题只写3星级，正文给出精确3.9；应以正文为准,,
2026-01-07,3.9,A股,公众号当日估值文章,realtime,1.0,closing_statement,截止到收盘，还在3.9星,auto_high_confidence,18EEBJXLAymfjP5hh9IMplnunX-HGMOkB,https://drive.google.com/file/d/18EEBJXLAymfjP5hh9IMplnunX-HGMOkB/view?usp=drivesdk,［1月7日］指数估值数据(3点几星级该如何投资，未来还会有5星吗；免费领好书福利）,,,
2026-01-08,3.9,A股,公众号当日估值文章,realtime,0.995,today_market_statement,今天大盘波动不大，还在3.9星,auto_high_confidence,1tu40JTCTbxNPI-jRryEE2pFRTi9159Uo,https://drive.google.com/file/d/1tu40JTCTbxNPI-jRryEE2pFRTi9159Uo/view?usp=drivesdk,［1月8日］指数估值数据(投资中的两重考验；红利指数估值表更新；指数日报更新）,,,
2026-01-09,3.8,A股,公众号当日估值文章,realtime,1.0,closing_statement,截止到收盘，大盘回到3.90星，距离3.8星,auto_high_confidence,1smc1AftaMLtTlXuaAa2QSB9XWo0Q02hQ,https://drive.google.com/file/d/1smc1AftaMLtTlXuaAa2QSB9XWo0Q02hQ/view?usp=drivesdk,［1月9日］指数估值数据(大盘继续上涨，牛市到什么阶段；港股指数估值表更新；抽奖福利）,,,
2026-01-12,3.8,A股,公众号当日估值文章,realtime,1.0,closing_statement,截止到收盘，回到3.8星,auto_high_confidence,1SMPBkujNKzpINhwiS0HhgWl4HwmINYPR,https://drive.google.com/file/d/1SMPBkujNKzpINhwiS0HhgWl4HwmINYPR/view?usp=drivesdk,［1月12日］指数估值数据(涨到3.8星级，股基组合暂停申购；免费领好书福利）,,,
2026-01-13,3.8,A股,公众号当日估值文章,realtime,1.0,closing_statement,截止到收盘，还在3.8星,auto_high_confidence,1QbtbedrccUPebObEb6J89EB3-eROUhe4,https://drive.google.com/file/d/1QbtbedrccUPebObEb6J89EB3-eROUhe4/view?usp=drivesdk,［1月13日］指数估值数据(螺丝钉定投实盘第398期发车；养老指数估值表更新）,,,
2026-01-14,3.7,A股,公众号当日估值文章,realtime,1.0,closing_statement,收盘的时候，达到3.7星,auto_high_confidence,1DFpxrinAlXrLRO8AY5_OBxBOK6yYXcAw,https://drive.google.com/file/d/1DFpxrinAlXrLRO8AY5_OBxBOK6yYXcAw/view?usp=drivesdk,［1月14日］指数估值数据(盘中震荡，牛市中后期的两个信号出现了；新书来了）,,,
2026-01-15,3.8,A股,公众号当日估值文章,realtime,1.0,closing_statement,截止到收盘，还在3.8星,auto_high_confidence,1ZQhnRinR1n6-pJzUHNBLTorjYlzkYIQj,https://drive.google.com/file/d/1ZQhnRinR1n6-pJzUHNBLTorjYlzkYIQj/view?usp=drivesdk,［1月15日］指数估值数据(低估，总会有估值上涨的阶段；红利指数估值表更新；新书来了；指数基金定投之路感想征集）,,,
2026-01-16,3.8,A股,公众号当日估值文章,realtime,0.995,today_market_statement,今天大盘整体下跌，波动不大，还在3.8星,auto_high_confidence,1TSHVuxBADu4-JxBo6yaKR5WcCzYEj48o,https://drive.google.com/file/d/1TSHVuxBADu4-JxBo6yaKR5WcCzYEj48o/view?usp=drivesdk,［1月16日］指数估值数据(ETF资金净流出，机构开始止盈了么；新书荣登榜首；港股指数估值表更新；抽奖福利）,,,
2026-01-19,3.8,A股,公众号当日估值文章,realtime,0.995,today_market_statement,今天大盘略微上涨，波动不大，还在3.8星,auto_high_confidence,1rAD6_fqL1gC1Ap6fRkOYmgdJgrCmJya2,https://drive.google.com/file/d/1rAD6_fqL1gC1Ap6fRkOYmgdJgrCmJya2/view?usp=drivesdk,［1月19日］指数估值数据(未来A股还会有熊市吗；《红利指数基金投资指南》荣登榜首）,,,
2026-01-20,3.8,A股,公众号当日估值文章,realtime,1.0,closing_statement,截止到收盘，还在3.8星,auto_high_confidence,1iI5yJnPtArv0nr_0_932q9pnFbPfSwAE,https://drive.google.com/file/d/1iI5yJnPtArv0nr_0_932q9pnFbPfSwAE/view?usp=drivesdk,［1月20日］指数估值数据(螺丝钉定投实盘第399期发车；养老指数估值表更新）,,,
2026-01-21,3.8,A股,公众号当日估值文章,realtime,1.0,closing_statement,到收盘，还在3.8星,auto_high_confidence,1aXqFQbFE15G1cBS7gunOq60a5cw5cXdE,https://drive.google.com/file/d/1aXqFQbFE15G1cBS7gunOq60a5cw5cXdE/view?usp=drivesdk,［1月21日］指数估值数据(A股港股继续上涨，海外市场波动；《红利指数基金投资指南》荣登榜首）,,,
2026-01-22,3.8,A股,公众号当日估值文章,realtime,0.99,opening_state_statement,还在3.8星,auto_high_confidence,1QGN04gyHOUrt08hUO0bMmQjctCqeFAY-,https://drive.google.com/file/d/1QGN04gyHOUrt08hUO0bMmQjctCqeFAY-/view?usp=drivesdk,［1月22日］指数估值数据(A股港股继续上涨；红利指数不同渠道估值不同，原因为何？）,,,
2026-01-23,3.7,A股,公众号当日估值文章,realtime,1.0,closing_statement,截止到收盘，大盘回到3.7星,auto_high_confidence,1e5le6Yu_cZXY6Io-3EzTe4rg-y4_ceBD,https://drive.google.com/file/d/1e5le6Yu_cZXY6Io-3EzTe4rg-y4_ceBD/view?usp=drivesdk,［1月23日］指数估值数据(上涨到3.7星级，500低波动到高估；《红利指数基金投资指南》荣登榜首；抽奖福利）,,,
2026-01-26,3.8,A股,公众号当日估值文章,realtime,1.0,closing_statement,到收盘回落，波动不大，还在3.8星,auto_high_confidence,1acbN0qp-EKdykfeIxaIHyHI3hTUcD8fD,https://drive.google.com/file/d/1acbN0qp-EKdykfeIxaIHyHI3hTUcD8fD/view?usp=drivesdk,［1月26日］指数估值数据(红利上涨，小盘下跌；消费行业低迷是什么原因；《红利指数基金投资指南》荣登榜首）,,,
2026-01-27,3.8,A股,公众号当日估值文章,realtime,0.995,today_market_statement,今天大盘波动不大，还在3.8星,auto_high_confidence,1Df2Dj615P9_lKXYC0fSfSnyE8Uog6eTD,https://drive.google.com/file/d/1Df2Dj615P9_lKXYC0fSfSnyE8Uog6eTD/view?usp=drivesdk,［1月27日］指数估值数据(螺丝钉定投实盘第400期发车；养老指数估值表更新）,,,
2026-01-28,3.8,A股,公众号当日估值文章,realtime,1.0,closing_statement,截止到收盘，还在3.8星,auto_high_confidence,1K_9_iR1YYo1wajNmB2eLZTPEAjNO4d4Y,https://drive.google.com/file/d/1K_9_iR1YYo1wajNmB2eLZTPEAjNO4d4Y/view?usp=drivesdk,［1月28日］指数估值数据(红利、港股大涨，组合新高；这轮牛市的风格是什么；《红利指数基金投资指南》荣登榜首）,,,
2026-01-29,3.8,A股,公众号当日估值文章,realtime,0.995,today_market_statement,今天大盘整体微跌，波动不大，还在3.8星,auto_high_confidence,1boi9bxInJv9M53i0it5lMd8MCqL2M5_l,https://drive.google.com/file/d/1boi9bxInJv9M53i0it5lMd8MCqL2M5_l/view?usp=drivesdk,［1月29日］指数估值数据(消费大涨；A股指数会走向慢牛吗；《红利指数基金投资指南》荣登榜首）,,,
2026-01-30,3.8,A股,公众号当日估值文章,realtime,1.0,closing_statement,截止到收盘，还在3.8星,auto_high_confidence,1ANgdTyBdRAIpVqNkIBhLidY7hr1x_qAW,https://drive.google.com/file/d/1ANgdTyBdRAIpVqNkIBhLidY7hr1x_qAW/view?usp=drivesdk,［1月30日］指数估值数据(A股港股回调；港股指数估值表更新；《红利指数基金投资指南》荣登榜首；抽奖福利）,,,
2026-02-02,4.0,A股,公众号当日估值文章,realtime,0.99,opening_state_statement,回到4星级,auto_high_confidence,1unHuGcybhLEuZSMO_aVdh6Nj8t2-Ppl0,https://drive.google.com/file/d/1unHuGcybhLEuZSMO_aVdh6Nj8t2-Ppl0/view?usp=drivesdk,［2月2日］指数估值数据(金银大跌，A股回到4星级；《红利指数基金投资指南》荣登榜首）,,,
2026-02-03,3.9,A股,公众号当日估值文章,realtime,1.0,closing_statement,截止到收盘，回到3.9星,auto_high_confidence,1YC4BR2wxpH20-qOb5awmmFF8SC9RlNLi,https://drive.google.com/file/d/1YC4BR2wxpH20-qOb5awmmFF8SC9RlNLi/view?usp=drivesdk,［2月3日］指数估值数据(螺丝钉定投实盘第401期发车；养老指数估值表更新）,,,
2026-02-04,3.8,A股,公众号当日估值文章,realtime,1.0,closing_statement,截止到收盘，回到3.8星,auto_high_confidence,1D_OAUZw9GCxopISesL79moIPRf9YF-2Z,https://drive.google.com/file/d/1D_OAUZw9GCxopISesL79moIPRf9YF-2Z/view?usp=drivesdk,［2月4日］指数估值数据(红利类指数大涨；面对股市涨跌，如何调整自己的心态？）,,,
2026-02-05,3.9,A股,公众号当日估值文章,realtime,1.0,closing_statement,到收盘跌幅缩小，还在3.9星,auto_high_confidence,19iqp-1uMo81eIEvsDhxf_KJmgfwypUFl,https://drive.google.com/file/d/19iqp-1uMo81eIEvsDhxf_KJmgfwypUFl/view?usp=drivesdk,［2月5日］指数估值数据(红利、港股上涨；存款会入市吗；投顾四周年成绩单来了）,,,
2026-02-06,3.9,A股,公众号当日估值文章,realtime,1.0,closing_statement,截止到收盘，还在3.9星,auto_high_confidence,1jwP7qPh_Ee5ECGVbineUUKn5JnnZZm_W,https://drive.google.com/file/d/1jwP7qPh_Ee5ECGVbineUUKn5JnnZZm_W/view?usp=drivesdk,［2月6日］指数估值数据(港股也有风格轮动吗；港股指数估值表更新；投顾四周年成绩单来了）,,,
2026-02-09,3.8,A股,公众号当日估值文章,realtime,1.0,closing_statement,截止到收盘，回到3.8星,auto_high_confidence,17cz0zdaPABg70WLR_W9j7IL4HZmgrh1m,https://drive.google.com/file/d/17cz0zdaPABg70WLR_W9j7IL4HZmgrh1m/view?usp=drivesdk,［2月9日］指数估值数据(A股港股大涨，回到3.8星；投顾四周年成绩单来了）,,,
2026-02-10,3.8,A股,公众号当日估值文章,realtime,0.995,today_market_statement,今天大盘微涨微跌，波动不大，还在3.8星,auto_high_confidence,17oEqs0vvKwGLd250RjoTEza7PqqDmmFi,https://drive.google.com/file/d/17oEqs0vvKwGLd250RjoTEza7PqqDmmFi/view?usp=drivesdk,［2月10日］指数估值数据(螺丝钉定投实盘第402期发车；领马年红包封面）,,,
2026-02-11,3.8,A股,公众号当日估值文章,realtime,0.995,today_market_statement,今天大盘略微下跌，波动不大，还在3.8星,auto_high_confidence,1p92NWkEFoQ4GO84oqswHSqhnwzn9N1IV,https://drive.google.com/file/d/1p92NWkEFoQ4GO84oqswHSqhnwzn9N1IV/view?usp=drivesdk,［2月11日］指数估值数据(3点几星还能定投吗；基金假期还有收益吗；领马年红包封面）,,,
2026-02-12,3.8,A股,公众号当日估值文章,realtime,1.0,closing_statement,截止到收盘，还在3.8星,auto_high_confidence,1xl8D2V2M06NPnsJEUIWzlj1-BPk2q6WI,https://drive.google.com/file/d/1xl8D2V2M06NPnsJEUIWzlj1-BPk2q6WI/view?usp=drivesdk,［2月12日］指数估值数据(不同品种为何涨幅不同；红利指数估值表更新；领马年红包封面）,,,
2026-02-13,3.8,A股,公众号当日估值文章,realtime,1.0,closing_statement,截止到收盘，还在3.8星,auto_high_confidence,1F0h8cjYhFS8m3QE4WevmJO1GmML8y6iX,https://drive.google.com/file/d/1F0h8cjYhFS8m3QE4WevmJO1GmML8y6iX/view?usp=drivesdk,［2月13日］指数估值数据(全球市场波动；机构卖出指数基金意味着什么；领马年红包封面）,,,
2026-02-24,3.8,A股,公众号当日估值文章,realtime,1.0,closing_statement,截止到收盘，还在3.8星,auto_high_confidence,13qMtYR8FesYFUR_bEtzZ92sDwc_R3tW9,https://drive.google.com/file/d/13qMtYR8FesYFUR_bEtzZ92sDwc_R3tW9/view?usp=drivesdk,［2月24日］指数估值数据(螺丝钉定投实盘第403期发车；个人养老金定投实盘第53期）,,,
2026-02-25,3.7,A股,公众号当日估值文章,realtime,1.0,manual_verification,截止到收盘，达到3.7星。,verified_manual,1sC7jDez-EFTIkj9HY-kKbUAaUz18UCNy,https://drive.google.com/file/d/1sC7jDez-EFTIkj9HY-kKbUAaUz18UCNy/view?usp=drivesdk,［2月25日］指数估值数据(大盘继续上涨，回到3.7星；到高估的指数，要止盈吗）,正文明确给出当日收盘星级,,
2026-02-26,3.7,A股,公众号当日估值文章,realtime,1.0,closing_statement,截止到收盘，还在3.7星,auto_high_confidence,1LvdrKYPEQK16NZpDqKzvnNyzgyWV40PK,https://drive.google.com/file/d/1LvdrKYPEQK16NZpDqKzvnNyzgyWV40PK/view?usp=drivesdk,［2月26日］指数估值数据(港股科技类指数回调，还会起来吗；红利指数估值表更新）,,,
2026-02-27,3.7,A股,公众号当日估值文章,realtime,1.0,closing_statement,截止到收盘，还在3.7星,auto_high_confidence,15iTBbLAs5dITj3v-of7DGwQ8R4JvRSmK,https://drive.google.com/file/d/15iTBbLAs5dITj3v-of7DGwQ8R4JvRSmK/view?usp=drivesdk,［2月27日］指数估值数据(刚开始定投基金，选什么会容易；港股指数估值表更新；抽奖福利）,,,
2026-03-02,3.7,A股,公众号当日估值文章,realtime,1.0,closing_statement,收盘，大盘还在3.7星,auto_high_confidence,1Eoj0Cx-Avxd3T65GPPE9sUdboWDBvSvT,https://drive.google.com/file/d/1Eoj0Cx-Avxd3T65GPPE9sUdboWDBvSvT/view?usp=drivesdk,［3月2日］指数估值数据(全球市场波动，对A股有影响吗）,,,
2026-03-03,3.9,A股,公众号当日估值文章,realtime,1.0,closing_statement,截止到收盘，回到3.9星,auto_high_confidence,1psreg1YB956jQCyYN6t3GEOlC_FtnxAY,https://drive.google.com/file/d/1psreg1YB956jQCyYN6t3GEOlC_FtnxAY/view?usp=drivesdk,［3月3日］指数估值数据(螺丝钉定投实盘第404期发车；个人养老金定投实盘第54期）,,,
2026-03-04,3.9,A股,公众号当日估值文章,realtime,1.0,closing_statement,截止到收盘，大盘回落到3.9星,auto_high_confidence,16piR5JozR7jB1HJTbhHPeE9J_oYeHySn,https://drive.google.com/file/d/16piR5JozR7jB1HJTbhHPeE9J_oYeHySn/view?usp=drivesdk,［3月4日］指数估值数据(全球市场波动，该怎么办；主动优选、指数增强回低估了么；《个人养老金投资指南》新书预告）,,,
2026-03-05,3.9,A股,公众号当日估值文章,realtime,1.0,closing_statement,截止到收盘，还在3.9星,auto_high_confidence,1w9tBKH6-Iqg4ebx0KG6QpGvNyetDxZkH,https://drive.google.com/file/d/1w9tBKH6-Iqg4ebx0KG6QpGvNyetDxZkH/view?usp=drivesdk,［3月5日］指数估值数据(大盘反弹；不同红利指数，重仓行业有啥区别；《个人养老金投资指南》来啦）,,,
2026-03-06,3.8,A股,公众号当日估值文章,realtime,1.0,closing_statement,截止到收盘，回到3.8星,auto_high_confidence,1P-MRk5EtFzDp615r2KbwljyYtLXxo1ZI,https://drive.google.com/file/d/1P-MRk5EtFzDp615r2KbwljyYtLXxo1ZI/view?usp=drivesdk,［3月6日］指数估值数据(大盘继续上涨；A股港股长期回报谁高；《个人养老金投资指南》荣登榜首）,,,
2026-03-09,3.9,A股,公众号当日估值文章,realtime,0.995,today_market_statement,今天大盘开盘下跌较多，到下午又反弹，跌幅缩小，还在3.9星,auto_high_confidence,1dziAfeDT_Sc5RPsR2AK_nD3hOUhYJsd0,https://drive.google.com/file/d/1dziAfeDT_Sc5RPsR2AK_nD3hOUhYJsd0/view?usp=drivesdk,［3月9日］指数估值数据(油价上涨引发市场波动；《个人养老金投资指南》荣登榜首）,,,
2026-03-10,3.8,A股,公众号当日估值文章,realtime,1.0,closing_statement,截止到收盘，回到3.8星,auto_high_confidence,1FgstmIyeG9k1gKdd7qhdszNusREM8NuA,https://drive.google.com/file/d/1FgstmIyeG9k1gKdd7qhdszNusREM8NuA/view?usp=drivesdk,［3月10日］指数估值数据(螺丝钉定投实盘第405期发车；个人养老金定投实盘第55期）,,,
2026-03-11,3.8,A股,公众号当日估值文章,realtime,1.0,closing_statement,截止到收盘，还在3.8星,auto_high_confidence,1lF15RUErhoyD_tkTyIzT9KAHxuvllmCI,https://drive.google.com/file/d/1lF15RUErhoyD_tkTyIzT9KAHxuvllmCI/view?usp=drivesdk,［3月11日］指数估值数据(大盘继续上涨；为啥不同平台的估值数据不同呢；《个人养老金投资指南》荣登榜首）,,,
2026-03-12,3.8,A股,公众号当日估值文章,realtime,1.0,closing_statement,到收盘跌幅缩小，全天波动不大，还在3.8星,auto_high_confidence,1J4i96hykA3HcdUEmSkdPvDekKIOihYP-,https://drive.google.com/file/d/1J4i96hykA3HcdUEmSkdPvDekKIOihYP-/view?usp=drivesdk,［3月12日］指数估值数据(市场波动的原因；红利指数估值表更新；《个人养老金投资指南》荣登榜首）,,,
2026-03-13,3.8,A股,公众号当日估值文章,realtime,0.995,today_market_statement,今天大盘整体下跌，还在3.8星,auto_high_confidence,1TMESZVBeIRvX0LyHSi3MTXrEeryQVYna,https://drive.google.com/file/d/1TMESZVBeIRvX0LyHSi3MTXrEeryQVYna/view?usp=drivesdk,［3月13日］指数估值数据(指数基金会失效吗；港股指数估值表更新；抽奖福利）,,,
2026-03-16,3.9,A股,公众号当日估值文章,realtime,1.0,closing_statement,到收盘反弹，大盘微跌，回到3.9星,auto_high_confidence,1BuqK6XMUCYtT3SihWntTlV7B6zGVJeHb,https://drive.google.com/file/d/1BuqK6XMUCYtT3SihWntTlV7B6zGVJeHb/view?usp=drivesdk,［3月16日］指数估值数据(港股反弹；攒多少钱才能提前退休，普通人能实现吗？）,,,
2026-03-17,3.9,A股,公众号当日估值文章,realtime,1.0,closing_statement,到收盘回到3.9星,auto_high_confidence,1NrFx0q5dO4wrIvU5y9jjhTEQEsBUbgZm,https://drive.google.com/file/d/1NrFx0q5dO4wrIvU5y9jjhTEQEsBUbgZm/view?usp=drivesdk,［3月17日］指数估值数据(螺丝钉定投实盘第406期发车；个人养老金定投实盘第56期）,,,
2026-03-18,3.9,A股,公众号当日估值文章,realtime,0.995,today_market_statement,今天大盘整体微涨，还在3.9星,auto_high_confidence,1CWWB0YcVJ65eVcdOtPAawySzPeYIxZgC,https://drive.google.com/file/d/1CWWB0YcVJ65eVcdOtPAawySzPeYIxZgC/view?usp=drivesdk,［3月18日］指数估值数据(A股港股反弹；现在A股还算在牛市么？）,,,
2026-03-19,4.0,A股,公众号当日估值文章,realtime,1.0,closing_statement,截止到收盘，回到4.0星,auto_high_confidence,1s2gPOOGX3_qJskulZ3kcfDaaJAjcSHqn,https://drive.google.com/file/d/1s2gPOOGX3_qJskulZ3kcfDaaJAjcSHqn/view?usp=drivesdk,［3月19日］指数估值数据(全球市场大跌，A股港股回到4星；红利指数估值表更新）,,,
2026-03-20,4.1,A股,公众号当日估值文章,realtime,1.0,closing_statement,截止到收盘，回到4.1星,auto_high_confidence,1PwFN113eZ4_Umm7Z5hV8k2WnoL8J1eXr,https://drive.google.com/file/d/1PwFN113eZ4_Umm7Z5hV8k2WnoL8J1eXr/view?usp=drivesdk,［3月20日］指数估值数据(大盘下跌，回到4.1星；主动和指数组合何时会打开申购；抽奖福利）,,,
2026-03-23,4.3,A股,公众号当日估值文章,realtime,1.0,closing_statement,截止到收盘，回到4.3星,auto_high_confidence,1tRoJdbAcT6iN6fepxZ5_L-xkvVGWKQ1t,https://drive.google.com/file/d/1tRoJdbAcT6iN6fepxZ5_L-xkvVGWKQ1t/view?usp=drivesdk,［3月23日］指数估值数据(回到4.3星，组合恢复申购；股票、黄金大跌，我们该怎么办）,,,
2026-03-24,4.2,A股,公众号当日估值文章,realtime,1.0,closing_statement,截止到收盘，回到4.2星,auto_high_confidence,19AzQmGEXyCuA9lYxp3WmMb0LyBdN7oUW,https://drive.google.com/file/d/19AzQmGEXyCuA9lYxp3WmMb0LyBdN7oUW/view?usp=drivesdk,［3月24日］指数估值数据(螺丝钉定投实盘第407期发车；个人养老金定投实盘第57期）,,,
2026-03-25,4.1,A股,公众号当日估值文章,realtime,1.0,closing_statement,截止到收盘，回到4.1星,auto_high_confidence,1Sj5RXBMy6eLkwFzgb2NPEWfnpWsauOnT,https://drive.google.com/file/d/1Sj5RXBMy6eLkwFzgb2NPEWfnpWsauOnT/view?usp=drivesdk,［3月25日］指数估值数据(上涨回到4.1星；短期涨跌无法预测，靠什么盈利）,,,
2026-03-26,4.1,A股,公众号当日估值文章,realtime,1.0,closing_statement,截止到收盘，还在4.1星,auto_high_confidence,1Zlt79cu_n4p2Gn4NRzJFutBmabVXamO4,https://drive.google.com/file/d/1Zlt79cu_n4p2Gn4NRzJFutBmabVXamO4/view?usp=drivesdk,［3月26日］指数估值数据(红利低波动，也会有下跌波动么；红利指数估值表更新）,,,
2026-03-27,4.1,A股,公众号当日估值文章,realtime,1.0,closing_statement,截止到收盘，还在4.1星,auto_high_confidence,1cwASwTuTojDZl7Yf0tsSdiejkLGukLkB,https://drive.google.com/file/d/1cwASwTuTojDZl7Yf0tsSdiejkLGukLkB/view?usp=drivesdk,［3月27日］指数估值数据(A股港股上涨；定投基金，怎么才能赚钱；港股指数估值表更新；抽奖福利）,,,
2026-03-30,4.1,A股,公众号当日估值文章,realtime,1.0,closing_statement,截止到收盘，还在4.1星,auto_high_confidence,1kZe9tKG_kBSnTQjSaL-k32dJRyOzmU-s,https://drive.google.com/file/d/1kZe9tKG_kBSnTQjSaL-k32dJRyOzmU-s/view?usp=drivesdk,［3月30日］指数估值数据(面对大跌时，我们该怎么做？）,,,
2026-03-31,4.2,A股,公众号当日估值文章,realtime,1.0,closing_statement,截止到收盘，回到4.2星,auto_high_confidence,1E5wzpTy9sH7jfZqnuSG6_RI0tPQ-qYpI,https://drive.google.com/file/d/1E5wzpTy9sH7jfZqnuSG6_RI0tPQ-qYpI/view?usp=drivesdk,［3月31日］指数估值数据(螺丝钉定投实盘第408期发车；个人养老金定投实盘第58期）,,,
2026-04-01,4.1,A股,公众号当日估值文章,realtime,1.0,closing_statement,截止到收盘，大盘回到4.1星,auto_high_confidence,1mw-xA8K4xgtlHTGtffpbKo6hL9aPPeuH,https://drive.google.com/file/d/1mw-xA8K4xgtlHTGtffpbKo6hL9aPPeuH/view?usp=drivesdk,［4月1日］指数估值数据(油价回落，全球市场上涨，A股回到4.1星级）,,,
2026-04-02,4.1,A股,公众号当日估值文章,realtime,1.0,closing_statement,截止到收盘，还在4.1星,auto_high_confidence,19G6v6jpisA3B0-jgH2iH5raZaC9OT7_U,https://drive.google.com/file/d/19G6v6jpisA3B0-jgH2iH5raZaC9OT7_U/view?usp=drivesdk,［4月2日］指数估值数据(全球市场波动；红利低波动指数，还在低估吗？）,,,
2026-04-03,4.2,A股,公众号当日估值文章,realtime,1.0,closing_statement,截止到收盘，回到4.2星,auto_high_confidence,1mdtDtVYTrEivXzUL1536L5UceS0teCh5,https://drive.google.com/file/d/1mdtDtVYTrEivXzUL1536L5UceS0teCh5/view?usp=drivesdk,［4月3日］指数估值数据(大盘下跌回到4.2星；经济四周期现在到哪了；港股指数估值表更新；抽奖福利）,,,
2026-04-07,4.2,A股,公众号当日估值文章,realtime,1.0,closing_statement,截止到收盘，还在4.2星,auto_high_confidence,1s_Gd3cNaFIXpwRt5Cc7mzxiQJirG1JjR,https://drive.google.com/file/d/1s_Gd3cNaFIXpwRt5Cc7mzxiQJirG1JjR/view?usp=drivesdk,［4月7日］指数估值数据(螺丝钉定投实盘第409期发车；个人养老金定投实盘第59期）,,,
2026-04-08,4.0,A股,公众号当日估值文章,realtime,1.0,closing_statement,截止到收盘，回到4.0星,auto_high_confidence,1wlbrjqcyMTZWqqbTPxUYUBPmimMMGpUe,https://drive.google.com/file/d/1wlbrjqcyMTZWqqbTPxUYUBPmimMMGpUe/view?usp=drivesdk,［4月8日］指数估值数据(回到4.0星；全球股市大涨，原因为何）,,,
2026-04-09,4.0,A股,公众号当日估值文章,realtime,1.0,closing_statement,截止到收盘，还在4.0星,auto_high_confidence,12YuH9U3zlcvCeS81qjrELnX19vc1dI3_,https://drive.google.com/file/d/12YuH9U3zlcvCeS81qjrELnX19vc1dI3_/view?usp=drivesdk,［4月9日］指数估值数据(A股港股红利低波怎么选；红利指数估值表更新）,,,
2026-04-10,4.0,A股,公众号当日估值文章,realtime,1.0,closing_statement,截止到收盘，回到4.0星,auto_high_confidence,1Hf8HvN84O4bY-XSx7CdwU9BUQu_JEKu7,https://drive.google.com/file/d/1Hf8HvN84O4bY-XSx7CdwU9BUQu_JEKu7/view?usp=drivesdk,［4月10日］指数估值数据(大盘继续上涨；如何区分成长和价值风格；港股指数估值表更新）,,,
2026-04-13,3.9,A股,公众号当日估值文章,realtime,0.99,opening_state_statement,回到3.9星,auto_high_confidence,1zRIRz9mMKHe0h3VNg_yU4QqgxcpM6Iiz,https://drive.google.com/file/d/1zRIRz9mMKHe0h3VNg_yU4QqgxcpM6Iiz/view?usp=drivesdk,［4月13日］指数估值数据(油价反弹，全球市场波动；FOF基金总规模大涨，原因为何？）,,,
2026-04-14,3.9,A股,公众号当日估值文章,realtime,1.0,closing_statement,截止到收盘，大盘重回3.9星,auto_high_confidence,1xkZG9WeGEo5QuLMMNRGhX4LRDLsUit5z,https://drive.google.com/file/d/1xkZG9WeGEo5QuLMMNRGhX4LRDLsUit5z/view?usp=drivesdk,［4月14日］指数估值数据(大盘重回3.9星；螺丝钉定投实盘第410期发车；个人养老金定投实盘第60期）,,,
2026-04-15,3.9,A股,公众号当日估值文章,realtime,0.995,today_market_statement,今天大盘微跌，波动不大，还在3.9星,auto_high_confidence,1D7tA8LwaqLY9JPasGGb_oXMAyANp-lc8,https://drive.google.com/file/d/1D7tA8LwaqLY9JPasGGb_oXMAyANp-lc8/view?usp=drivesdk,［4月15日］指数估值数据(创业板是啥风格，估值如何？）,,,
2026-04-16,3.8,A股,公众号当日估值文章,realtime,1.0,closing_statement,截止到收盘，大盘回到3.8星,auto_high_confidence,1ociZBFglPaMQD5WIuzzpvC7bINMRW5mL,https://drive.google.com/file/d/1ociZBFglPaMQD5WIuzzpvC7bINMRW5mL/view?usp=drivesdk,［4月16日］指数估值数据(大盘涨回3.8星；一笔资金不希望冒风险，该怎么配置；红利指数估值表更新）,,,
2026-04-17,3.8,A股,公众号当日估值文章,realtime,0.995,today_market_statement,今天大盘整体微涨微跌，波动不大，还在3.8星,auto_high_confidence,1_29xH6Gf7FgRvPnOfBagCOLgKzaiPFyU,https://drive.google.com/file/d/1_29xH6Gf7FgRvPnOfBagCOLgKzaiPFyU/view?usp=drivesdk,［4月17日］指数估值数据(汇率对投资有啥影响；港股指数估值表更新；抽奖福利）,,,
2026-04-20,3.8,A股,公众号当日估值文章,realtime,1.0,closing_statement,截止到收盘，还在3.8星,auto_high_confidence,18m3pwvObxLNMAzi2MqlZijeN5JIuq4O4,https://drive.google.com/file/d/18m3pwvObxLNMAzi2MqlZijeN5JIuq4O4/view?usp=drivesdk,［4月20日］指数估值数据(大盘继续上涨；ETF总规模缩水1万亿，原因为何？）,,,
2026-04-21,3.8,A股,公众号当日估值文章,realtime,0.99,opening_state_statement,还在3.8星,auto_high_confidence,1O60p78g-cN-8utNHFcZ39ezpcFje9no0,https://drive.google.com/file/d/1O60p78g-cN-8utNHFcZ39ezpcFje9no0/view?usp=drivesdk,［4月21日］指数估值数据(螺丝钉定投实盘第411期发车；个人养老金定投实盘第61期）,,,
2026-04-22,3.7,A股,公众号当日估值表图片,realtime,0.99,image_star_fill,估值表顶部显示3颗完整星，第4颗约70%填充；与正文3.7-3.8星区间交叉确认3.7星,verified_image,1nRk0DVOho_4vdQCZ6mAjKXixKfLEDaLr,https://drive.google.com/file/d/1nRk0DVOho_4vdQCZ6mAjKXixKfLEDaLr/view?usp=drivesdk,［4月22日］指数估值数据(大盘继续上涨；什么时候会出现5星呢；购书福利来啦）,图像中的小数填充与正文区间一致,1ppb9LbDZGSK8TOrqswjLJ4bYXUui-dwg,https://drive.google.com/file/d/1ppb9LbDZGSK8TOrqswjLJ4bYXUui-dwg/view?usp=drivesdk
2026-04-23,3.8,A股,公众号当日估值文章,realtime,0.995,today_market_statement,今天大盘整体下跌，还在3.8星,auto_high_confidence,1Oa8rciyzQGUpVTkpODpNUhaFXYGvc67n,https://drive.google.com/file/d/1Oa8rciyzQGUpVTkpODpNUhaFXYGvc67n/view?usp=drivesdk,［4月23日］指数估值数据(存款的钱会进股市么；红利指数估值表更新）,,,
2026-04-24,3.8,A股,公众号当日估值文章,realtime,1.0,closing_statement,截止到收盘，还在3.8星,auto_high_confidence,1Grj8VgUxeYZBVT_DM9N9B57GWQQ6UQxB,https://drive.google.com/file/d/1Grj8VgUxeYZBVT_DM9N9B57GWQQ6UQxB/view?usp=drivesdk,［4月24日］指数估值数据(不同风格品种，该看啥估值；港股指数估值表更新）,,,
2026-04-27,3.8,A股,公众号当日估值文章,realtime,0.995,today_market_statement,今天大盘微涨微跌，波动不大，还在3.8星,auto_high_confidence,1Z815v2l9Ip_Topg3WPQb-x-0jvxtONBO,https://drive.google.com/file/d/1Z815v2l9Ip_Topg3WPQb-x-0jvxtONBO/view?usp=drivesdk,［4月27日］指数估值数据(指数点数不变，估值为啥更低了？）,,,
2026-04-28,3.8,A股,公众号当日估值文章,realtime,0.995,today_market_statement,今天大盘下跌，还在3.8星,auto_high_confidence,1kQGGBJCYCy77Mc25TZAjYAJFQYRf6bK0,https://drive.google.com/file/d/1kQGGBJCYCy77Mc25TZAjYAJFQYRf6bK0/view?usp=drivesdk,［4月28日］指数估值数据(螺丝钉定投实盘第412期发车；个人养老金定投实盘第62期）,,,
2026-04-29,3.8,A股,公众号当日估值文章,realtime,1.0,closing_statement,截止到收盘，还在3.8星,auto_high_confidence,1Ru_GRjZ392hoG2FUTwnax7iBHqxtiuQI,https://drive.google.com/file/d/1Ru_GRjZ392hoG2FUTwnax7iBHqxtiuQI/view?usp=drivesdk,［4月29日］指数估值数据(大盘上涨；股价上涨，和盈利增长是啥关系？）,,,
2026-04-30,3.8,A股,公众号当日估值文章,realtime,0.995,today_market_statement,今天大盘微涨微跌，波动不大，还在3.8星,auto_high_confidence,1cJ-hxjuFsqi_MHGtV20jRvyBQR09izJB,https://drive.google.com/file/d/1cJ-hxjuFsqi_MHGtV20jRvyBQR09izJB/view?usp=drivesdk,［4月30日］指数估值数据(股息率指标如何使用呢；红利指数估值表更新）,,,
2026-05-06,3.6,A股,公众号当日估值表图片,realtime,0.99,image_star_fill,估值表顶部显示3颗完整星，第4颗约60%填充；与正文3.6-3.7星区间交叉确认3.6星,verified_image,1k7jf1Y-tbrnAsLxyZs7zpmu2ra8TC1EU,https://drive.google.com/file/d/1k7jf1Y-tbrnAsLxyZs7zpmu2ra8TC1EU/view?usp=drivesdk,［5月6日］指数估值数据(节后开门红；存款搬家进股市了么？）,图像中的小数填充与正文区间一致,17BzzcYZevHwpUvgx94f3hXO-i3OLvRcV,https://drive.google.com/file/d/17BzzcYZevHwpUvgx94f3hXO-i3OLvRcV/view?usp=drivesdk
2026-05-07,3.6,A股,公众号当日估值文章,realtime,1.0,closing_statement,截止到收盘，还在3.6星,auto_high_confidence,1qGncQY1eZxglk1xrpt2ip0-oLDDZHnmF,https://drive.google.com/file/d/1qGncQY1eZxglk1xrpt2ip0-oLDDZHnmF/view?usp=drivesdk,［5月7日］指数估值数据(大盘继续上涨；钉系列组合盈利创新高；红利指数估值表更新）,,,
2026-05-08,3.6,A股,公众号当日估值文章,realtime,1.0,closing_statement,截止到收盘，还在3.6星,auto_high_confidence,1Ygw24jfg6OJVSbJjR3HR6DHMlzR574xa,https://drive.google.com/file/d/1Ygw24jfg6OJVSbJjR3HR6DHMlzR574xa/view?usp=drivesdk,［5月8日］指数估值数据(组合的收益来源有哪些；港股指数估值表更新；抽奖福利）,,,
2026-05-11,3.5,A股,公众号当日估值文章,realtime,1.0,closing_statement,收盘，达到3.5星,auto_high_confidence,1iwrJTSI4TuB6EFdvh6T_Uhu-nrHzMX_x,https://drive.google.com/file/d/1iwrJTSI4TuB6EFdvh6T_Uhu-nrHzMX_x/view?usp=drivesdk,［5月11日］指数估值数据(大盘新高，回到3.5星；组合如何止盈；组合投资者累计盈利超31亿元）,,,
2026-05-12,3.5,A股,公众号当日估值文章,realtime,1.0,closing_statement,截止到收盘，还在3.5星,auto_high_confidence,1CXgIoe_T0k4SJGGFiciUaEMSg58B3kVj,https://drive.google.com/file/d/1CXgIoe_T0k4SJGGFiciUaEMSg58B3kVj/view?usp=drivesdk,［5月12日］指数估值数据(开始止盈；螺丝钉定投实盘第413期发车；个人养老金定投实盘第63期；组合投资者累计盈利超32亿元）,,,
2026-05-13,3.5,A股,公众号当日估值文章,realtime,0.995,today_market_statement,今天大盘低开高走，整体上涨，还在3.5星,auto_high_confidence,16cNKHsBReKJUycviRrUR-IC0LgUq4lQB,https://drive.google.com/file/d/16cNKHsBReKJUycviRrUR-IC0LgUq4lQB/view?usp=drivesdk,［5月13日］指数估值数据（大盘继续上涨；这轮牛市跟历史比较，估值在什么位置？）,,,
2026-05-14,3.6,A股,公众号当日估值文章,realtime,1.0,closing_statement,截止到收盘，回到3.6星,auto_high_confidence,11BMKmMJDsZsc5naPh2ud_w5mzcTZ4sO1,https://drive.google.com/file/d/11BMKmMJDsZsc5naPh2ud_w5mzcTZ4sO1/view?usp=drivesdk,［5月14日］指数估值数据（大盘下跌回到3.6星；变的不是品种，是人心；红利指数估值表更新）,,,
2026-05-15,3.6,A股,公众号当日估值文章,realtime,0.995,today_market_statement,今天大盘整体下跌，还在3.6星,auto_high_confidence,1q2yxjz8dtrCtpmwynZvrGr757Wu8TsK_,https://drive.google.com/file/d/1q2yxjz8dtrCtpmwynZvrGr757Wu8TsK_/view?usp=drivesdk,［5月15日］指数估值数据（大盘下跌；定投的年复合收益率怎么算；港股指数估值表更新；抽奖福利）,,,
2026-05-18,3.6,A股,公众号当日估值文章,realtime,1.0,closing_statement,截止到收盘，还在3.6星,auto_high_confidence,1wQcjFY5XCqNv1P069c6rSnvs9ZB6IOOP,https://drive.google.com/file/d/1wQcjFY5XCqNv1P069c6rSnvs9ZB6IOOP/view?usp=drivesdk,［5月18日］指数估值数据（全球市场下跌；市场下跌也会把低估品种带下来么？）,,,
2026-05-19,3.6,A股,公众号当日估值文章,realtime,1.0,closing_statement,截止到收盘，还在3.6星,auto_high_confidence,12wOfBNv74VTnzrVu5gEVnjBs5jXzx_TF,https://drive.google.com/file/d/12wOfBNv74VTnzrVu5gEVnjBs5jXzx_TF/view?usp=drivesdk,［5月19日］指数估值数据（螺丝钉定投实盘第414期发车；个人养老金定投实盘第64期）,,,
2026-05-20,3.6,A股,公众号当日估值文章,realtime,1.0,closing_statement,截止到收盘，还在3.6星,auto_high_confidence,1cSslCBNNDlD3gSLXdys6s6FfDv6tZvja,https://drive.google.com/file/d/1cSslCBNNDlD3gSLXdys6s6FfDv6tZvja/view?usp=drivesdk,［5月20日］指数估值数据（全球股市、黄金波动，原因为何？）,,,
2026-05-21,3.7,A股,公众号当日估值文章,realtime,1.0,closing_statement,到收盘回到3.7星,auto_high_confidence,1r5AtseaYpG2PmcTs_3pgfSMgJqsETQJ-,https://drive.google.com/file/d/1r5AtseaYpG2PmcTs_3pgfSMgJqsETQJ-/view?usp=drivesdk,［5月21日］指数估值数据（大盘大跌回到3.7星；现金流指数低迷，原因为何；红利指数估值表更新）,,,
2026-05-22,3.6,A股,公众号当日估值文章,realtime,1.0,closing_statement,截止到收盘，回到3.6星,auto_high_confidence,1kcURxhd-L_jBqPFtB0Z1t-0-tlimJVXw,https://drive.google.com/file/d/1kcURxhd-L_jBqPFtB0Z1t-0-tlimJVXw/view?usp=drivesdk,［5月22日］指数估值数据（大盘上涨回到3.6星；牛市都会以大幅波动结束么；港股指数估值表更新；抽奖活动）,,,
2026-05-25,3.6,A股,公众号当日估值文章,realtime,1.0,closing_statement,截止到收盘，还在3.6星,auto_high_confidence,1FvuARccRynnfplWCLupg1iNt6jT8ltcP,https://drive.google.com/file/d/1FvuARccRynnfplWCLupg1iNt6jT8ltcP/view?usp=drivesdk,［5月25日］指数估值数据（大盘上涨；星级跟哪些指数关系最密切呢？）,,,
2026-05-26,3.6,A股,公众号当日估值文章,realtime,1.0,closing_statement,截止到收盘还在3.6星,auto_high_confidence,1367VGMNPjmZOcVdYBf0HB9NJMaZkRIp4,https://drive.google.com/file/d/1367VGMNPjmZOcVdYBf0HB9NJMaZkRIp4/view?usp=drivesdk,［5月26日］指数估值数据（螺丝钉定投实盘第415期发车&止盈；个人养老金定投实盘第65期）,,,
2026-05-27,3.7,A股,公众号当日估值文章,realtime,1.0,closing_statement,截止到收盘，回到3.7星,auto_high_confidence,1BKb8deQuu_yBmZAfoXa9VKinJzHzrIPa,https://drive.google.com/file/d/1BKb8deQuu_yBmZAfoXa9VKinJzHzrIPa/view?usp=drivesdk,［5月27日］指数估值数据（大盘下跌回到3.7星；小微盘股指数回调，原因为何？）,,,
2026-05-28,3.6,A股,公众号当日估值文章,realtime,1.0,closing_statement,到收盘微涨，回到3.6星,auto_high_confidence,1GIKruopX0sGONg1tnwb2Q7wgmhoGMNHN,https://drive.google.com/file/d/1GIKruopX0sGONg1tnwb2Q7wgmhoGMNHN/view?usp=drivesdk,［5月28日］指数估值数据（风格的极致分化；REITS指数基金来了，值得投资吗；红利指数估值表更新）,,,
2026-05-29,3.7,A股,公众号当日估值文章,realtime,0.995,today_market_statement,今天大盘整体下跌，回到3.7星,auto_high_confidence,1r1YSfy2DWzRfs0UvNqR9nqTLyrT0MFIT,https://drive.google.com/file/d/1r1YSfy2DWzRfs0UvNqR9nqTLyrT0MFIT/view?usp=drivesdk,［5月29日］指数估值数据（大盘下跌，老登股发力；指数基金规模下降是怎么回事；港股指数估值表更新；抽奖福利）,,,
2026-06-01,3.8,A股,公众号当日估值文章,realtime,1.0,closing_statement,截止到收盘，回到3.8星,auto_high_confidence,1GV_PpQ42wT7H1SFtsiiD6dygYKML1-oV,https://drive.google.com/file/d/1GV_PpQ42wT7H1SFtsiiD6dygYKML1-oV/view?usp=drivesdk,［6月1日］指数估值数据（成长大跌，红利上涨；上证指数还会回到3000多点么？）,,,
2026-06-02,3.7,A股,公众号当日估值文章,realtime,1.0,closing_statement,截止到收盘，回到3.7星,auto_high_confidence,1VigY5gWBp5rslG6p6kea2aA3ehaW7X8l,https://drive.google.com/file/d/1VigY5gWBp5rslG6p6kea2aA3ehaW7X8l/view?usp=drivesdk,［6月2日］指数估值数据（螺丝钉定投实盘第416期发车；个人养老金定投实盘第66期）,,,
2026-06-03,3.7,A股,公众号当日估值文章,realtime,1.0,closing_statement,截止到收盘，还在3.7星,auto_high_confidence,1BQAFTHjoHBbL1cxrdTZh4BzlKcFzv-dl,https://drive.google.com/file/d/1BQAFTHjoHBbL1cxrdTZh4BzlKcFzv-dl/view?usp=drivesdk,［6月3日］指数估值数据（涨指数不涨个股，会不会出现呢）,,,
2026-06-04,3.7,A股,公众号当日估值文章,realtime,1.0,closing_statement,截止到收盘，还在3.7星,auto_high_confidence,1CimVYGu_8_2xfqt5RfEhVUMy8dQrivzO,https://drive.google.com/file/d/1CimVYGu_8_2xfqt5RfEhVUMy8dQrivzO/view?usp=drivesdk,［6月4日］指数估值数据（如果牛市结束低估品种会下跌吗；红利指数估值表更新）,,,
2026-06-05,3.8,A股,公众号当日估值文章,realtime,1.0,closing_statement,截止到收盘，回到3.8星,auto_high_confidence,1KPIiacmUxtRUGwR7tzLUiCl4mZ0CCyy3,https://drive.google.com/file/d/1KPIiacmUxtRUGwR7tzLUiCl4mZ0CCyy3/view?usp=drivesdk,［6月5日］指数估值数据（成长风格下跌；A500、沪深300、中证500这些指数是啥关系；港股指数估值表更新；抽奖福利）,,,
2026-06-08,3.9,A股,公众号当日估值文章,realtime,1.0,closing_statement,截止到收盘，大盘回到3.9星,auto_high_confidence,1STdfjBbaQA9iDSplXDlIHKjoSFeX9KqN,https://drive.google.com/file/d/1STdfjBbaQA9iDSplXDlIHKjoSFeX9KqN/view?usp=drivesdk,［6月8日］指数估值数据（全球资产大跌，原因为何；牛市到中后期了吗？）,,,
2026-06-09,3.8,A股,公众号当日估值文章,realtime,1.0,closing_statement,截止到收盘，回到3.8星,auto_high_confidence,1MI9j-26ES2D6KmJj79FTt0LFmUbIj9b4,https://drive.google.com/file/d/1MI9j-26ES2D6KmJj79FTt0LFmUbIj9b4/view?usp=drivesdk,［6月9日］指数估值数据（螺丝钉定投实盘第417期发车；个人养老金定投实盘第67期）,,,
2026-06-10,3.9,A股,公众号当日估值文章,realtime,1.0,closing_statement,截止到收盘，回到3.9星,auto_high_confidence,1ffNKFVuDJb_GrbQOApAgLzxyR6N1A6mh,https://drive.google.com/file/d/1ffNKFVuDJb_GrbQOApAgLzxyR6N1A6mh/view?usp=drivesdk,［6月10日］指数估值数据（大盘下跌，价值坚挺；市场波动，我们该怎么做？）,,,
2026-06-11,3.9,A股,公众号当日估值文章,realtime,1.0,closing_statement,截止到收盘，还在3.9星,auto_high_confidence,1U1KRwQhfKDAI_FShdxPAuNh3SxOFOQU4,https://drive.google.com/file/d/1U1KRwQhfKDAI_FShdxPAuNh3SxOFOQU4/view?usp=drivesdk,［6月11日］指数估值数据（大盘回调；红利该参考哪个估值指标；红利指数估值表更新）,,,
2026-06-12,3.9,A股,公众号当日估值文章,realtime,1.0,closing_statement,截止到收盘，回到3.9星,auto_high_confidence,1AN2CUxPPnXIUoXZob-6kzOIBsrVmzi7q,https://drive.google.com/file/d/1AN2CUxPPnXIUoXZob-6kzOIBsrVmzi7q/view?usp=drivesdk,［6月12日］指数估值数据（长期持有不卖出，能拿到多少收益呢；港股指数估值表更新；抽奖福利）,,,
2026-06-15,3.7,A股,公众号当日估值文章,realtime,1.0,closing_statement,截止到收盘，一口气回到3.7星,auto_high_confidence,1MgqvbzUD0B3ZGF2V268Ky2dt-xq-p5Z6,https://drive.google.com/file/d/1MgqvbzUD0B3ZGF2V268Ky2dt-xq-p5Z6/view?usp=drivesdk,［6月15日］指数估值数据（原油下跌，全球股市大涨；未来会不会遇到金融危机呢？）,,,
2026-06-16,3.7,A股,公众号当日估值文章,realtime,1.0,closing_statement,截止到收盘，还在3.7星,auto_high_confidence,17Pvs57u1rjRWrCAid4RPJIcSXT7VL0s1,https://drive.google.com/file/d/17Pvs57u1rjRWrCAid4RPJIcSXT7VL0s1/view?usp=drivesdk,［6月16日］指数估值数据（螺丝钉定投实盘第418期发车；个人养老金定投实盘第68期）,,,
2026-06-17,3.6,A股,公众号当日估值文章,realtime,1.0,closing_statement,截止到收盘，回到了3.6星,auto_high_confidence,1sp6lDITEDO2Omf7pX0XqhoqrMFDJLgRT,https://drive.google.com/file/d/1sp6lDITEDO2Omf7pX0XqhoqrMFDJLgRT/view?usp=drivesdk,［6月17日］指数估值数据（大盘上涨，宽基指数再到高估；红利低迷该怎么办？）,,,
2026-06-18,3.6,A股,公众号当日估值文章,realtime,0.995,today_market_statement,今天大盘微涨微跌，还在3.6星,auto_high_confidence,1QwvCA15AwHaCAuZcEo7ZTp2eTDF9Qgyu,https://drive.google.com/file/d/1QwvCA15AwHaCAuZcEo7ZTp2eTDF9Qgyu/view?usp=drivesdk,［6月18日］指数估值数据（指数增强第三次止盈；基金组合如何分批止盈呢；红利指数估值表更新）,,,
2026-06-22,3.5,A股,公众号当日估值文章,realtime,1.0,closing_statement,到收盘，回到了3.5星,auto_high_confidence,1MWCo7VAGkUe51CApo2T-L8-CmvaLtCgk,https://drive.google.com/file/d/1MWCo7VAGkUe51CApo2T-L8-CmvaLtCgk/view?usp=drivesdk,［6月22日］指数估值数据（大盘上涨，指数组合新高；主动ETF要来了，是怎么回事？）,,,
2026-06-23,3.6,A股,公众号当日估值文章,realtime,1.0,closing_statement,到收盘回到3.6星,auto_high_confidence,1GViCHQZ8Mrz9PBm7x59gfnEkkk1u4v4F,https://drive.google.com/file/d/1GViCHQZ8Mrz9PBm7x59gfnEkkk1u4v4F/view?usp=drivesdk,［6月23日］指数估值数据（螺丝钉定投实盘第420期发车；个人养老金定投实盘第69期）,,,
2026-06-24,3.6,A股,公众号当日估值文章,realtime,0.995,today_market_statement,今天大盘微涨，还在3.6星,auto_high_confidence,1DzFL_46C7_hBWVR_c6itfnWHAQ9a8ns9,https://drive.google.com/file/d/1DzFL_46C7_hBWVR_c6itfnWHAQ9a8ns9/view?usp=drivesdk,［6月24日］指数估值数据（大家都定投，A股的波动会变小吗？）,,,
2026-06-25,3.6,A股,公众号当日估值文章,realtime,1.0,closing_statement,截止到收盘，还在3.6星,auto_high_confidence,1WH8KuStJeCLVVzg128evWmc4cNE-w3_8,https://drive.google.com/file/d/1WH8KuStJeCLVVzg128evWmc4cNE-w3_8/view?usp=drivesdk,［6月25日］指数估值数据（风格极致分化；月薪宝跟哪个指数相关呢？）,,,
2026-06-26,3.7,A股,公众号当日估值文章,realtime,1.0,closing_statement,收盘，回到3.7星,auto_high_confidence,1_xAcjaSOhoLbC0W8NBKgTAF9lW2OwT1y,https://drive.google.com/file/d/1_xAcjaSOhoLbC0W8NBKgTAF9lW2OwT1y/view?usp=drivesdk,［6月26日］指数估值数据（全球市场大跌，我们该怎么办；港股指数估值表更新；抽奖福利）,,,
2026-06-29,3.7,A股,公众号当日估值文章,realtime,1.0,closing_statement,截止到收盘，还在3.7星,auto_high_confidence,1N_0fryVMPMouwUymI_ecd9-ea901siaR,https://drive.google.com/file/d/1N_0fryVMPMouwUymI_ecd9-ea901siaR/view?usp=drivesdk,［6月29日］指数估值数据（大盘上涨；老登股也会回暖吗？）,,,
2026-06-30,3.6,A股,公众号当日估值文章,realtime,1.0,closing_statement,截止到收盘，回到3.6星,auto_high_confidence,1sTiK56xzFhDgb7YcugnBtS1I0yEhvYLs,https://drive.google.com/file/d/1sTiK56xzFhDgb7YcugnBtS1I0yEhvYLs/view?usp=drivesdk,［6月30日］指数估值数据（螺丝钉定投实盘第421期发车；个人养老金定投实盘第70期）,,,
2026-07-01,3.6,A股,公众号当日估值文章,realtime,1.0,closing_statement,截止到收盘，还在3.6星,auto_high_confidence,1L4YRBAonvcdln3PPSZgXnE4OWzRy6z5f,https://drive.google.com/file/d/1L4YRBAonvcdln3PPSZgXnE4OWzRy6z5f/view?usp=drivesdk,［7月1日］指数估值数据（成长下跌，价值回暖；港股表现强弱，跟什么有关呢？）,,,
2026-07-02,3.7,A股,公众号当日估值文章,realtime,1.0,closing_statement,截止到收盘，回到3.7星,auto_high_confidence,1G-AGOJfC2EKrvl4Lt9gJxGO5UGcHMYcM,https://drive.google.com/file/d/1G-AGOJfC2EKrvl4Lt9gJxGO5UGcHMYcM/view?usp=drivesdk,［7月2日］指数估值数据（成长大跌，价值上涨；红利星级来了）,,,
2026-07-03,3.7,A股,公众号当日估值文章,realtime,1.0,closing_statement,截止到收盘，还在3.7星,auto_high_confidence,1k3aCejHzlRev3vpLXKSG50YzSrvI-mGy,https://drive.google.com/file/d/1k3aCejHzlRev3vpLXKSG50YzSrvI-mGy/view?usp=drivesdk,［7月3日］指数估值数据（大盘反弹，港股回暖；房地产还能投资吗；抽奖福利）,,,
2026-07-06,3.7,A股,公众号当日估值文章,realtime,1.0,closing_statement,到收盘，还在3.7星,auto_high_confidence,1DVr3hGZ8np5xEJFzASw03MNnmDfAy_2S,https://drive.google.com/file/d/1DVr3hGZ8np5xEJFzASw03MNnmDfAy_2S/view?usp=drivesdk,［7月6日］指数估值数据（大盘下跌，红利反弹；极端风格分化，会一直持续吗？）,,,
2026-07-07,3.8,A股,公众号当日估值文章,realtime,0.995,today_market_statement,今天大盘整体下跌，回到了3.8星,auto_high_confidence,1S-8zUh9lzPmunPWadS1PUBfpGegEar5D,https://drive.google.com/file/d/1S-8zUh9lzPmunPWadS1PUBfpGegEar5D/view?usp=drivesdk,［7月7日］指数估值数据（螺丝钉定投实盘第422期发车；个人养老金定投实盘第71期）,,,
2026-07-08,3.9,A股,公众号当日估值文章,realtime,1.0,closing_statement,截止到收盘，回到3.9星,auto_high_confidence,1lCJSZvNr8ZX6PKQr-wRUNCjfgTwDAKtU,https://drive.google.com/file/d/1lCJSZvNr8ZX6PKQr-wRUNCjfgTwDAKtU/view?usp=drivesdk,［7月8日］指数估值数据（成长下跌，港股大涨；大盘还会经常看到3000多点么？）,,,
2026-07-09,3.8,A股,公众号当日估值文章,realtime,1.0,closing_statement,到收盘整体上涨，回到了3.8星,auto_high_confidence,1Wp2oPKhfo-kzu2ZiCy8orGF1UF00Seh8,https://drive.google.com/file/d/1Wp2oPKhfo-kzu2ZiCy8orGF1UF00Seh8/view?usp=drivesdk,［7月9日］指数估值数据（大盘深V反弹；红利基金分红，跟股息率是啥关系？）,,,
2026-07-10,3.9,A股,公众号当日估值文章,realtime,0.99,opening_state_statement,回到3.9星,auto_high_confidence,1Y-Dtd9HILk8451CgI7ZtvGo5Wq-GFXqK,https://drive.google.com/file/d/1Y-Dtd9HILk8451CgI7ZtvGo5Wq-GFXqK/view?usp=drivesdk,［7月10日］指数估值数据（盘中跳水，成长下跌；今年是涨指数不涨个股么；抽奖福利）,,,
2026-07-13,4.0,A股,公众号当日估值文章,realtime,1.0,closing_statement,截止到收盘，重新回到4.0星,auto_high_confidence,1188RcBfXC68JMZEA50maXFI-u0MLBS4n,https://drive.google.com/file/d/1188RcBfXC68JMZEA50maXFI-u0MLBS4n/view?usp=drivesdk,［7月13日］指数估值数据（大跌回到4.0星；小盘股回调，是什么原因？）,,,
2026-07-14,4.1,A股,公众号当日估值文章,realtime,0.99,opening_state_statement,回到4.1星,auto_high_confidence,1X-A103zk6vJ-yIhtemagcXIH-ZOhnKEm,https://drive.google.com/file/d/1X-A103zk6vJ-yIhtemagcXIH-ZOhnKEm/view?usp=drivesdk,［7月14日］指数估值数据（螺丝钉定投实盘第423期发车；个人养老金定投实盘第72期）,,,
2026-07-15,4.0,A股,公众号当日估值文章,realtime,1.0,closing_statement,截止到收盘，还在4.0星,auto_high_confidence,1BbLTdD8RrcVa614ozgPW2ULjDcytU_NP,https://drive.google.com/file/d/1BbLTdD8RrcVa614ozgPW2ULjDcytU_NP/view?usp=drivesdk,［7月15日］指数估值数据（大盘下跌，老登股大涨；普通人投股票，要加杠杆吗？）,,,
2026-07-16,4.1,A股,公众号当日估值文章,realtime,1.0,closing_statement,到收盘，回到了4.1星,auto_high_confidence,1fV_VI48dNC8m4ykqhW2LficSMAEn9H2X,https://drive.google.com/file/d/1fV_VI48dNC8m4ykqhW2LficSMAEn9H2X/view?usp=drivesdk,［7月16日］指数估值数据（大跌回到4.1星；红利指数看哪个估值指标合适呢？）,,,
2026-07-17,4.3,A股,公众号当日估值文章,realtime,1.0,closing_statement,到收盘，大盘回到4.3星,auto_high_confidence,1L3JYa6ggBDoC8OhjaJ0V1vnZc63vpvru,https://drive.google.com/file/d/1L3JYa6ggBDoC8OhjaJ0V1vnZc63vpvru/view?usp=drivesdk,［7月17日］指数估值数据（全球股市大跌，A股回到4.3星；牛市，结束了么；抽奖福利）,,,
2026-07-20,4.3,A股,公众号当日估值文章,realtime,0.995,today_market_statement,今天大盘整体微跌，还在4.3星,auto_high_confidence,1Gj3wNJVoL0h64og3H3cGTmWOij4AJwfF,https://drive.google.com/file/d/1Gj3wNJVoL0h64og3H3cGTmWOij4AJwfF/view?usp=drivesdk,［7月20日］指数估值数据（价值股大涨；利好出现，机构加仓了么？）,,,
2026-07-21,4.2,A股,公众号当日估值文章,realtime,1.0,closing_statement,到收盘整体上涨，截止到收盘，回到4.2星,auto_high_confidence,1R0WvloUGtmpZrGD_2sZdPWeAkIfIWGdA,https://drive.google.com/file/d/1R0WvloUGtmpZrGD_2sZdPWeAkIfIWGdA/view?usp=drivesdk,［7月21日］指数估值数据（螺丝钉定投实盘第424期发车；个人养老金定投实盘第73期）,,,
2026-07-22,4.2,A股,公众号当日估值文章,realtime,1.0,closing_statement,截止到收盘，还在4.2星,auto_high_confidence,1auABqvW_XKmPGNjbHEyG_s9YSm9v-AUt,https://drive.google.com/file/d/1auABqvW_XKmPGNjbHEyG_s9YSm9v-AUt/view?usp=drivesdk,［7月22日］指数估值数据（成长下跌，价值上涨；主动基金风格漂移了怎么办？）,,,
2026-07-23,4.2,A股,公众号当日估值文章,realtime,1.0,closing_statement,截止到收盘，还在4.2星,auto_high_confidence,1rRwkaxSIpcs9KnMbFDSOT_52n1GLJzUB,https://drive.google.com/file/d/1rRwkaxSIpcs9KnMbFDSOT_52n1GLJzUB/view?usp=drivesdk,［7月23日］指数估值数据（成长股牛市结束，红利会上涨么；红利指数估值表更新）,,,
2026-07-24,4.3,A股,公众号当日估值文章,realtime,1.0,closing_statement,截止到收盘，回到4.3星,auto_high_confidence,1n7gZrjHawf9mLM6AUk4lMFOuwMTO4Tm1,https://drive.google.com/file/d/1n7gZrjHawf9mLM6AUk4lMFOuwMTO4Tm1/view?usp=drivesdk,［7月24日］指数估值数据（全球市场下跌；大盘跌到多少会到5星；港股指数估值表更新；抽奖福利）,,,
2026-07-27,4.2,A股,公众号当日估值文章,realtime,0.995,today_market_statement,今天大盘整体上涨，回到4.2星,auto_high_confidence,1XI8QCcmiwpoxwwlo6o9tcyy7yrFtrrP0,https://drive.google.com/file/d/1XI8QCcmiwpoxwwlo6o9tcyy7yrFtrrP0/view?usp=drivesdk,［7月27日］指数估值数据（大盘上涨，回到4.2星；牛市新股IPO提升，对投资有什么影响？）,,,
2026-07-28,4.3,A股,公众号当日估值文章,realtime,1.0,closing_statement,到收盘回到4.3星,auto_high_confidence,1B4WELAN2My6H1m4hyPAxTJJ14SWN9e7m,https://drive.google.com/file/d/1B4WELAN2My6H1m4hyPAxTJJ14SWN9e7m/view?usp=drivesdk,［7月28日］指数估值数据（螺丝钉定投实盘第425期发车；个人养老金定投实盘第74期）,,,
2026-07-29,4.3,A股,公众号当日估值文章,realtime,1.0,closing_statement,截止到收盘，还在4.3星,auto_high_confidence,1HJkd2xRpyiCWGE4z34u5HQZLGOMZAX-S,https://drive.google.com/file/d/1HJkd2xRpyiCWGE4z34u5HQZLGOMZAX-S/view?usp=drivesdk,［7月29日］指数估值数据（大盘反弹，红利领涨；科创、创业波动大，是什么原因？）,,,
2026-07-30,4.4,A股,公众号当日估值文章,realtime,0.995,today_market_statement,今天大盘整体下跌，中证全指下跌1.95%，回到4.4星,auto_high_confidence,1hcsL4s-gHP_FAsv59Ok7sNH0brIFLWpW,https://drive.google.com/file/d/1hcsL4s-gHP_FAsv59Ok7sNH0brIFLWpW/view?usp=drivesdk,［7月30日］指数估值数据（大盘下跌，回到4.4星；红利估值如何，是一次性投入，还是定投呢？）,,,
2026-07-31,4.3,A股,公众号当日估值文章,realtime,1.0,closing_statement,截止到收盘，回到4.3星,auto_high_confidence,1PC8gPw5uVxdWz3O0oTjNcZnDRLfnpGuQ,https://drive.google.com/file/d/1PC8gPw5uVxdWz3O0oTjNcZnDRLfnpGuQ/view?usp=drivesdk,［7月31日］指数估值数据（下跌了，怎么判断是否值得出手；港股指数估值表更新；抽奖福利）,,,
2026-08-03,4.3,A股,公众号当日估值文章,realtime,0.995,today_market_statement,今天大盘微跌，波动不大，还在4.3星,auto_high_confidence,1Ck_i1s2RiVMLc75n36j4U-uDJLHTNAND,https://drive.google.com/file/d/1Ck_i1s2RiVMLc75n36j4U-uDJLHTNAND/view?usp=drivesdk,［8月3日］指数估值数据（遇到波动，我们该怎么办？）,,,
2026-08-04,4.2,A股,公众号当日估值文章,realtime,1.0,closing_statement,截止到收盘，回到4.2星,auto_high_confidence,14IsMW0yFIq6DG3uqAuesIfYPDvoGhBuc,https://drive.google.com/file/d/14IsMW0yFIq6DG3uqAuesIfYPDvoGhBuc/view?usp=drivesdk,［8月4日］指数估值数据（螺丝钉定投实盘第426期发车；个人养老金定投实盘第75期）,,,
2026-08-05,4.1,A股,公众号当日估值文章,realtime,1.0,closing_statement,截止到收盘，回到4.1星,auto_high_confidence,1AmEJSQI8F2eEWkPiVwRJj8RHNjWNx5fV,https://drive.google.com/file/d/1AmEJSQI8F2eEWkPiVwRJj8RHNjWNx5fV/view?usp=drivesdk,［8月5日］指数估值数据（不同星级买入股票基金，收益如何呢；线下活动报名）,,,
2026-08-06,4.1,A股,公众号当日估值文章,realtime,0.995,today_market_statement,今天大盘波动不大，还在4.1星,auto_high_confidence,1dUQA2Bm_FJkvAn28usBCg6VZggH6eEnk,https://drive.google.com/file/d/1dUQA2Bm_FJkvAn28usBCg6VZggH6eEnk/view?usp=drivesdk,［8月6日］指数估值数据（牛市中后期，有啥稳健策略可以选；红利指数估值表更新）,,,
2026-08-07,4.0,A股,公众号当日估值文章,realtime,1.0,closing_statement,截止到收盘，回到4.0星,auto_high_confidence,16Y1c7gfPem4eaaO_xZahqUvP6UiEjWlD,https://drive.google.com/file/d/16Y1c7gfPem4eaaO_xZahqUvP6UiEjWlD/view?usp=drivesdk,［8月7日］指数估值数据（4星和5星分别怎么投；港股指数估值表更新；抽奖福利）,,,
2026-08-10,4.0,A股,公众号当日估值文章,realtime,0.995,today_market_statement,今天大盘整体微涨，波动不大，回到4.0星,auto_high_confidence,1t-KUPjMbGxIHzk5Fs-qAlrvfapcA3erU,https://drive.google.com/file/d/1t-KUPjMbGxIHzk5Fs-qAlrvfapcA3erU/view?usp=drivesdk,［8月10日］指数估值数据（大盘上涨，回到4.0星；LOF基金要退市，是怎么回事呢？）,,,
2026-08-11,4.1,A股,公众号当日估值文章,realtime,1.0,closing_statement,截止到收盘，回到4.1星,auto_high_confidence,17ul8BRU12tILcrY6A4LgTFG5JwG_6j-N,https://drive.google.com/file/d/17ul8BRU12tILcrY6A4LgTFG5JwG_6j-N/view?usp=drivesdk,［8月11日］指数估值数据（螺丝钉定投实盘第427期发车；个人养老金定投实盘第76期）,,,
2026-08-12,4.0,A股,公众号当日估值文章,realtime,1.0,closing_statement,截止到收盘，回到4.0星,auto_high_confidence,1guP6m3nQWAdGe0QBi3mp3Y1oHGRoniJl,https://drive.google.com/file/d/1guP6m3nQWAdGe0QBi3mp3Y1oHGRoniJl/view?usp=drivesdk,［8月12日］指数估值数据（恒生科技指数，规则要修改，对我们投资有什么影响；线下活动报名）,,,
2026-08-13,4.1,A股,公众号当日估值文章,realtime,1.0,closing_statement,到收盘，回到了4.1星,auto_high_confidence,177OMN7bovLRgv14MbmY_FLRBhDBrijsR,https://drive.google.com/file/d/177OMN7bovLRgv14MbmY_FLRBhDBrijsR/view?usp=drivesdk,［8月13日］指数估值数据（买高股息股票和买红利指数，有什么区别；红利指数估值表更新）,,,
2026-08-14,4.0,A股,公众号当日估值表图片,realtime,0.99,image_star_fill,估值表顶部显示4颗完整星且无第5颗填充；与正文4.0-4.1星区间交叉确认4.0星,verified_image,1FxbN2GDKpEnEOQD88malrbJpPI4iOkvi,https://drive.google.com/file/d/1FxbN2GDKpEnEOQD88malrbJpPI4iOkvi/view?usp=drivesdk,［8月14日］指数估值数据（七亏二平一赚，如何破解；港股指数估值表更新；抽奖福利）,图像中的小数填充与正文区间一致,1efX71yVxpRoYzT_AUSuCDaj6hKnMiuun,https://drive.google.com/file/d/1efX71yVxpRoYzT_AUSuCDaj6hKnMiuun/view?usp=drivesdk
2026-08-17,3.9,A股,公众号当日估值文章,realtime,1.0,closing_statement,截止到收盘，重新回到了3.9星,auto_high_confidence,13J4BMImpjorbXJUQFjHAMAs1xnfO1Oln,https://drive.google.com/file/d/13J4BMImpjorbXJUQFjHAMAs1xnfO1Oln/view?usp=drivesdk,［8月17日］指数估值数据（大盘重回3.9星，耐心等待低估机会）,,,
2026-08-18,3.9,A股,公众号当日估值文章,realtime,1.0,closing_statement,收盘，大盘达到了3.9星,auto_high_confidence,1IyQxejTg8C8joWBfkITg_CUYkR6W3i7j,https://drive.google.com/file/d/1IyQxejTg8C8joWBfkITg_CUYkR6W3i7j/view?usp=drivesdk,［8月18日］指数估值数据（螺丝钉定投实盘第428期发车；个人养老金定投实盘第77期）,,,
2026-08-19,4.2,A股,公众号当日估值文章,realtime,1.0,closing_statement,到收盘回到4.2星,auto_high_confidence,1fT60BNnrV3kk_TgMKppO6wf9hSdO_53i,https://drive.google.com/file/d/1fT60BNnrV3kk_TgMKppO6wf9hSdO_53i/view?usp=drivesdk,［8月19日］指数估值数据（大盘大跌，回到4.2星；经济转型，普通家庭如何跟上；线下活动报名）,,,
2026-08-20,4.1,A股,公众号当日估值文章,realtime,1.0,closing_statement,截止到收盘，回到4.1星,auto_high_confidence,1OiFxbxYxKSJ7-gm2lsyYclCwai1fCVQQ,https://drive.google.com/file/d/1OiFxbxYxKSJ7-gm2lsyYclCwai1fCVQQ/view?usp=drivesdk,［8月20日］指数估值数据（熊市里红利会逆势上涨吗；红利指数估值表更新）,,,
2026-08-21,4.1,A股,公众号当日估值文章,realtime,0.995,today_market_statement,今天大盘微涨微跌，波动不大，还在4.1星,auto_high_confidence,1hgRzdMj0qtV_HzLp9kMZZby7ruYiyM7d,https://drive.google.com/file/d/1hgRzdMj0qtV_HzLp9kMZZby7ruYiyM7d/view?usp=drivesdk,［8月21日］指数估值数据（为啥有的品种先涨，有的品种后涨；港股指数估值表更新；抽奖福利）,,,
2026-08-24,4.2,A股,公众号当日估值文章,realtime,1.0,closing_statement,到收盘，回到4.2星,auto_high_confidence,1_V0JIkWWWtTsXSu12besqfGTobS6jlgA,https://drive.google.com/file/d/1_V0JIkWWWtTsXSu12besqfGTobS6jlgA/view?usp=drivesdk,［8月24日］指数估值数据（大盘下跌，回到4.2星；沪深300、A500指数，回到低估了吗？）,,,
2026-08-25,4.2,A股,公众号当日估值文章,realtime,0.99,opening_state_statement,还在4.2星,auto_high_confidence,1qOaJDZ0nQEmkq_tvMJPPrRqVMUHOSL5B,https://drive.google.com/file/d/1qOaJDZ0nQEmkq_tvMJPPrRqVMUHOSL5B/view?usp=drivesdk,［8月25日］指数估值数据（螺丝钉定投实盘第429期发车；个人养老金定投实盘第78期）,,,
2026-08-26,4.1,A股,公众号当日估值文章,realtime,1.0,closing_statement,到收盘，回到4.1星,auto_high_confidence,1iYKe0kJ44qPxaF9p2JVxl3Wx6nk46cg8,https://drive.google.com/file/d/1iYKe0kJ44qPxaF9p2JVxl3Wx6nk46cg8/view?usp=drivesdk,［8月26日］指数估值数据（巨型新股IPO上市，对我们投资有什么影响；线下活动报名）,,,
2026-08-27,4.1,A股,公众号当日估值文章,realtime,1.0,closing_statement,截止到收盘，还在4.1星,auto_high_confidence,1Uzi7eMjr74OSVgvqaq4QpOKjGBwhoQb_,https://drive.google.com/file/d/1Uzi7eMjr74OSVgvqaq4QpOKjGBwhoQb_/view?usp=drivesdk,［8月27日］指数估值数据（大盘上涨回到4.1星；参考指数买个股可行吗；红利指数估值表更新）,,,
2026-08-28,4.1,A股,公众号当日估值文章,realtime,0.99,opening_state_statement,还在4.1星,auto_high_confidence,1IioRYaRYgCXKi-BJQUGHOja7Beoy8rbh,https://drive.google.com/file/d/1IioRYaRYgCXKi-BJQUGHOja7Beoy8rbh/view?usp=drivesdk,［8月28日］指数估值数据（震荡行情，投资者该怎么做；港股指数估值表更新；抽奖福利）,,,
2026-08-31,4.1,A股,公众号当日估值文章,realtime,1.0,closing_statement,截止到收盘，还在4.1星,auto_high_confidence,1bCffb1_EALv48bQk4XDN0yRVO0q25jfF,https://drive.google.com/file/d/1bCffb1_EALv48bQk4XDN0yRVO0q25jfF/view?usp=drivesdk,［8月31日］指数估值数据（下跌了，是定投好，还是一次性买入好呢？）,,,
