date,market,article_id,title,source_url,reason,range_low,range_high,reference_star,evidence,review_status,relative_path
2021-01-04,A股,18TZFgI16tyW4rjw4XaLMqM-vyYX1mWzF,[2021-01-04-2209]1月4日指数估值数据A股日成交破万亿.md,https://drive.google.com/file/d/18TZFgI16tyW4rjw4XaLMqM-vyYX1mWzF/view?usp=drivesdk,no_exact_text_evidence,,,,原创 银行螺丝钉 银行螺丝钉 银行螺丝钉 _2021年01月04日 22:09_ __ _ _ _ _ 在小说阅读器读本章 去阅读 **文 | 银行螺丝钉 （转载请注明出处）** 关注公众号：定投十年赚十倍 同名微博：@银行螺丝钉 ![](images/[2021-01-04-2209]1月4日指数估值数据A股日成交破万亿/img_2f4abc699d1bd68774c8445a.png) 1\. 今天是2021年的第一个交易日。 A股今天表现不错，出现了开门红。 市场成交金额，也再次登上了万亿。 **这其实有两个信号，一个是市场重新火热了起来，另一方面市场也不太便宜。** A股每日成交1万亿，这是一个非常高的数字。 A股实际在市场,pending_manual_or_image_review,Drive/2021/[2021-01-04-2209]1月4日指数估值数据A股日成交破万亿.md
2021-01-05,A股,1WDKgo6IfSUjWCN3O40R9KYvZrzYYP9y9,[2021-01-05-2224]1月5日指数估值数据目前市场处于什么位置.md,https://drive.google.com/file/d/1WDKgo6IfSUjWCN3O40R9KYvZrzYYP9y9/view?usp=drivesdk,no_exact_text_evidence,,,,原创 银行螺丝钉 银行螺丝钉 银行螺丝钉 _2021年01月05日 22:24_ __ _ _ _ _ 在小说阅读器读本章 去阅读 **文 | 银行螺丝钉 （转载请注明出处）** 关注公众号：定投十年赚十倍 同名微博：@银行螺丝钉 ![](images/[2021-01-05-2224]1月5日指数估值数据目前市场处于什么位置/img_2f4abc699d1bd68774c8445a.png) 1\. 进入1月份了，很多性价比高的、支持 [ 择优理赔 ](http://mp.weixin.qq.com/s?__biz=MzAwNzQ5ODk3Nw==&mid=2651047309&idx=1&sn=49f4e3873deede7b7,pending_manual_or_image_review,Drive/2021/[2021-01-05-2224]1月5日指数估值数据目前市场处于什么位置.md
2021-01-06,A股,1v0FcrHA_44rXrD4-O2hfAqDGkCU697Uf,[2021-01-06-2230]1月6日指数估值数据A股距离3星级不到1.md,https://drive.google.com/file/d/1v0FcrHA_44rXrD4-O2hfAqDGkCU697Uf/view?usp=drivesdk,no_exact_text_evidence,,,,原创 银行螺丝钉 银行螺丝钉 银行螺丝钉 _2021年01月06日 22:30_ __ _ _ _ _ 在小说阅读器读本章 去阅读 **文 | 银行螺丝钉 （转载请注明出处）** 关注公众号：定投十年赚十倍 同名微博：@银行螺丝钉 ![](images/[2021-01-06-2230]1月6日指数估值数据A股距离3星级不到1/img_2f4abc699d1bd68774c8445a.png) 这两天大降温，北京今天寒风刺骨，快零下20度了～ 大家也要注意保暖。 不过股市里还是一片热火朝天的景象。 **1\. 经过这几天的上涨之后，A股距离3星级也不到1%了。** 估计没有人相信A股是慢牛了，A股只有快牛～ 不仅仅是A股上涨，港股美,pending_manual_or_image_review,Drive/2021/[2021-01-06-2230]1月6日指数估值数据A股距离3星级不到1.md
2021-01-07,A股,1Lvw6YSqjouTKTmh45rgimSyF12WOdJWF,[2021-01-07-2230]1月7日指数估值数据据说今年是股灾牛.md,https://drive.google.com/file/d/1Lvw6YSqjouTKTmh45rgimSyF12WOdJWF/view?usp=drivesdk,no_exact_text_evidence,,,,原创 银行螺丝钉 银行螺丝钉 银行螺丝钉 _2021年01月07日 22:30_ __ _ _ _ _ 在小说阅读器读本章 去阅读 **文 | 银行螺丝钉 （转载请注明出处）** 关注公众号：定投十年赚十倍 同名微博：@银行螺丝钉 ![](images/[2021-01-07-2230]1月7日指数估值数据据说今年是股灾牛/img_2f4abc699d1bd68774c8445a.png) **1\. 最近市场波动也在加大。前天中概股大涨，结果昨晚美股又要让一些中概股退市，导致中概股今天又下跌。** 这种事件，不会对中概股长期业绩产生太大影响。 毕竟中概股主营业务都在内地，不受海外政策影响；同时在美股上市的中概股，大部分也回归港股上,pending_manual_or_image_review,Drive/2021/[2021-01-07-2230]1月7日指数估值数据据说今年是股灾牛.md
2021-01-08,A股,10GigTt_yv0Nh2LsiwT4If8q6massNBep,[2021-01-08-2213]1月8日指数估值数据港股中小进入高估.md,https://drive.google.com/file/d/10GigTt_yv0Nh2LsiwT4If8q6massNBep/view?usp=drivesdk,no_exact_text_evidence,,,,原创 银行螺丝钉 银行螺丝钉 银行螺丝钉 _2021年01月08日 22:13_ __ _ _ _ _ 在小说阅读器读本章 去阅读 **文 | 银行螺丝钉 （转载请注明出处）** 关注公众号：定投十年赚十倍 同名微博：@银行螺丝钉 ![](images/[2021-01-08-2213]1月8日指数估值数据港股中小进入高估/img_2f4abc699d1bd68774c8445a.png) 大家周末快乐～ A股今天微跌，结束了连续上涨。 不过港股今天是涨了不少的。 **另外，港股中有一个我们之前** [ **螺丝钉指数基金组合** ](http://mp.weixin.qq.com/s?__biz=MzAwNzQ5ODk3Nw==&,pending_manual_or_image_review,Drive/2021/[2021-01-08-2213]1月8日指数估值数据港股中小进入高估.md
2021-01-11,A股,1oINi2JgsVaIzUxLIXjL1ub10XNyVRZco,[2021-01-11-2207]1月11日指数估值数据基金分红怎么处理.md,https://drive.google.com/file/d/1oINi2JgsVaIzUxLIXjL1ub10XNyVRZco/view?usp=drivesdk,no_exact_text_evidence,,,,原创 银行螺丝钉 银行螺丝钉 银行螺丝钉 _2021年01月11日 22:07_ __ _ _ _ _ 在小说阅读器读本章 去阅读 **文 | 银行螺丝钉 （转载请注明出处）** 关注公众号：定投十年赚十倍 同名微博：@银行螺丝钉 ![](images/[2021-01-11-2207]1月11日指数估值数据基金分红怎么处理/img_2f4abc699d1bd68774c8445a.png) **1\. 距离旧重疾险下架，倒计时20天啦～** 随着旧重疾险陆续下架，性价比不错的重疾险越来越少了。 像支持择优理赔的达尔文3号、守卫者3号重疾险，也已经确定会在1月31日下架了。 最近也有很多朋友问螺丝钉，达尔文3号和守卫者3号，有什么区,pending_manual_or_image_review,Drive/2021/[2021-01-11-2207]1月11日指数估值数据基金分红怎么处理.md
2021-01-12,A股,1NIXxHrAQeZ7b8Pnlvz00JQPnczlpm6S4,[2021-01-12-2214]1月12日指数估值数据定投实盘第156期.md,https://drive.google.com/file/d/1NIXxHrAQeZ7b8Pnlvz00JQPnczlpm6S4/view?usp=drivesdk,no_exact_text_evidence,,,,原创 银行螺丝钉 银行螺丝钉 银行螺丝钉 _2021年01月12日 22:14_ __ _ _ _ _ 在小说阅读器读本章 去阅读 **文 | 银行螺丝钉 （转载请注明出处）** 关注公众号：定投十年赚十倍 同名微博：@银行螺丝钉 ![](images/[2021-01-12-2214]1月12日指数估值数据定投实盘第156期/img_2f4abc699d1bd68774c8445a.png) **1\. A股势如破竹，站上了3600点，A股也再次达到了3星级。** **市场整体达到了正常水平。** 之前还有人问螺丝钉，A股有没有慢牛？ 这下应该没有疑问了。 其实A股很少有慢牛，如果有上涨，通常都是短期暴涨来实现的。去年7月份从两千,pending_manual_or_image_review,Drive/2021/[2021-01-12-2214]1月12日指数估值数据定投实盘第156期.md
2021-01-13,A股,16IwxB2LkeZbyUfJzIXeoOS_4NaWyMZkA,[2021-01-13-2221]1月13日指数估值数据主动优选组合分红了.md,https://drive.google.com/file/d/16IwxB2LkeZbyUfJzIXeoOS_4NaWyMZkA/view?usp=drivesdk,no_exact_text_evidence,,,,原创 银行螺丝钉 银行螺丝钉 银行螺丝钉 _2021年01月13日 22:21_ __ _ _ _ _ 在小说阅读器读本章 去阅读 **文 | 银行螺丝钉 （转载请注明出处）** 关注公众号：定投十年赚十倍 同名微博：@银行螺丝钉 ![](images/[2021-01-13-2221]1月13日指数估值数据主动优选组合分红了/img_2f4abc699d1bd68774c8445a.png) 有朋友问螺丝钉，A股有没有抱团的情况呢？ 如果从股票市值角度看，A股确实是有抱团情况，大量资金，集中在大中盘股。 而且这个趋势长期存在。 **1\. A股的指数，按照投资股票市值大小，分为几个不同的等级。** 比如说上证50、沪深300、中证,pending_manual_or_image_review,Drive/2021/[2021-01-13-2221]1月13日指数估值数据主动优选组合分红了.md
2021-01-14,A股,1tIb2iFPrLB6pk2-4LXsslrNu0aLxEnA-,[2021-01-14-2157]1月14日指数估值数据365组合也分红了.md,https://drive.google.com/file/d/1tIb2iFPrLB6pk2-4LXsslrNu0aLxEnA-/view?usp=drivesdk,no_exact_text_evidence,,,,原创 银行螺丝钉 银行螺丝钉 银行螺丝钉 _2021年01月14日 21:57_ __ _ _ _ _ 在小说阅读器读本章 去阅读 **文 | 银行螺丝钉 （转载请注明出处）** 关注公众号：定投十年赚十倍 同名微博：@银行螺丝钉 ![](images/[2021-01-14-2157]1月14日指数估值数据365组合也分红了/img_2f4abc699d1bd68774c8445a.png) **1\. 中概股最近上涨良好。腾讯、阿里连续大涨。** 目前中概股整体处于正常水平，继续耐心持有享受收益就好。 不过前段时间比较强势的白酒、消费行业，最近就低迷了一些。 我们会持续关注，消费行业出现好机会的时候也会行动的。 而且很快，基金的,pending_manual_or_image_review,Drive/2021/[2021-01-14-2157]1月14日指数估值数据365组合也分红了.md
2021-01-15,A股,1vBs5xhY7QTnZ35N4YAoCoiKpkDg52GFZ,[2021-01-15-2207]1月15日指数估值数据银行反弹.md,https://drive.google.com/file/d/1vBs5xhY7QTnZ35N4YAoCoiKpkDg52GFZ/view?usp=drivesdk,no_exact_text_evidence,,,,原创 银行螺丝钉 银行螺丝钉 银行螺丝钉 _2021年01月15日 22:07_ __ _ _ _ _ 在小说阅读器读本章 去阅读 **文 | 银行螺丝钉 （转载请注明出处）** 关注公众号：定投十年赚十倍 同名微博：@银行螺丝钉 ![](images/[2021-01-15-2207]1月15日指数估值数据银行反弹/img_2f4abc699d1bd68774c8445a.png) 大家周末快乐～ **1\. 最近顺周期品种表现不错，前期低迷的银行也出现了一波反弹。** 看了下年后的涨幅，银行在所有行业中的涨幅还排在前列～ 螺丝钉指数基金组合里，也持有一些顺周期性的品种，例如银行、价值等。 目前耐心持有就好。 除了顺周期性品种，另,pending_manual_or_image_review,Drive/2021/[2021-01-15-2207]1月15日指数估值数据银行反弹.md
2021-01-18,A股,1RWNBU-WAe9_qYECW88CtyU0i-lb_V9Mt,[2021-01-18-2223]1月18日指数估值数据组合里基金分红了怎么处理.md,https://drive.google.com/file/d/1RWNBU-WAe9_qYECW88CtyU0i-lb_V9Mt/view?usp=drivesdk,no_exact_text_evidence,,,,原创 银行螺丝钉 银行螺丝钉 银行螺丝钉 _2021年01月18日 22:23_ __ _ _ _ _ 在小说阅读器读本章 去阅读 **文 | 银行螺丝钉 （转载请注明出处）** 关注公众号：定投十年赚十倍 同名微博：@银行螺丝钉 ![](images/[2021-01-18-2223]1月18日指数估值数据组合里基金分红了怎么处理/img_2f4abc699d1bd68774c8445a.png) **1\. 最近分红的基金不少。** 首先是南方宝元分红。南方宝元是一个老牌债基，国内第一支二级债基，存在十几年了。 钉钉宝365天组合和指数基金定投组合中都有。 债基分红频率高，但每次分红金额不多。 **对南方宝元，设置为分红再投入即,pending_manual_or_image_review,Drive/2021/[2021-01-18-2223]1月18日指数估值数据组合里基金分红了怎么处理.md
2021-01-19,A股,1VgqHpTwhgrvO3b6KQfDhP4MuyOSewpfI,[2021-01-19-2221]1月19日指数估值数据定投实盘第157期.md,https://drive.google.com/file/d/1VgqHpTwhgrvO3b6KQfDhP4MuyOSewpfI/view?usp=drivesdk,no_exact_text_evidence,,,,原创 银行螺丝钉 银行螺丝钉 银行螺丝钉 _2021年01月19日 22:21_ __ _ _ _ _ 在小说阅读器读本章 去阅读 **文 | 银行螺丝钉 （转载请注明出处）** 关注公众号：定投十年赚十倍 同名微博：@银行螺丝钉 ![](images/[2021-01-19-2221]1月19日指数估值数据定投实盘第157期/img_2f4abc699d1bd68774c8445a.png) **1\. 本周继续完成定投，并赎回一些高估的品种。** 相比上周有两个变化： 一是港股中小达到高估区域，也开始分批卖出。 二是指数基金定投组合中，债基新增一个南方安裕。 之前买入的南方宝元继续持有就好。 之所以新增一个基金，是为了避免组合持,pending_manual_or_image_review,Drive/2021/[2021-01-19-2221]1月19日指数估值数据定投实盘第157期.md
2021-01-20,A股,1XfMcXQKLPWP0tQgl60IntPAH62PaOU_4,[2021-01-20-2214]1月20日指数估值数据中概股暴涨要卖出么.md,https://drive.google.com/file/d/1XfMcXQKLPWP0tQgl60IntPAH62PaOU_4/view?usp=drivesdk,no_exact_text_evidence,,,,原创 银行螺丝钉 银行螺丝钉 银行螺丝钉 _2021年01月20日 22:14_ __ _ _ _ _ 在小说阅读器读本章 去阅读 **文 | 银行螺丝钉 （转载请注明出处）** 关注公众号：定投十年赚十倍 同名微博：@银行螺丝钉 ![](images/[2021-01-20-2214]1月20日指数估值数据中概股暴涨要卖出么/img_2f4abc699d1bd68774c8445a.png) **1\. 今天港股中概股暴涨，阿里巴巴上涨近10%。也带动中概互联、中国互联上涨。** 今年互联网行业的营收增长还是比较快的，疫情对线上业务是利好。 并且4季度疫情反复，今年春节形式还是比较严峻，大家在线上花的时间还是比较多。 这对互联网巨,pending_manual_or_image_review,Drive/2021/[2021-01-20-2214]1月20日指数估值数据中概股暴涨要卖出么.md
2021-01-21,A股,1OtKTOND787CG7m_1QHMvy3Pr3z390hVD,[2021-01-21-2203]1月21日指数估值数据基金季报开始更新了.md,https://drive.google.com/file/d/1OtKTOND787CG7m_1QHMvy3Pr3z390hVD/view?usp=drivesdk,no_exact_text_evidence,,,,原创 银行螺丝钉 银行螺丝钉 银行螺丝钉 _2021年01月21日 22:03_ __ _ _ _ _ 在小说阅读器读本章 去阅读 **文 | 银行螺丝钉 （转载请注明出处）** 关注公众号：定投十年赚十倍 同名微博：@银行螺丝钉 ![](images/[2021-01-21-2203]1月21日指数估值数据基金季报开始更新了/img_2f4abc699d1bd68774c8445a.png) **最近螺丝钉组合里的基金陆续更新季报了。** 季报对指数基金影响不大，因为指数基金平时可以参考指数，指数是公开透明持仓的。 不过季报对主动基金、债券基金都是有参考价值的。 [ 主动优选组合 ](http://mp.weixin.qq.com,pending_manual_or_image_review,Drive/2021/[2021-01-21-2203]1月21日指数估值数据基金季报开始更新了.md
2021-01-22,A股,1KYxP8waIm5rn8SJgEPX2FuX2M5A8iZbv,[2021-01-22-2208]1月22日指数估值数据基金4季报更新完毕.md,https://drive.google.com/file/d/1KYxP8waIm5rn8SJgEPX2FuX2M5A8iZbv/view?usp=drivesdk,no_exact_text_evidence,,,,原创 银行螺丝钉 银行螺丝钉 银行螺丝钉 _2021年01月22日 22:08_ __ _ _ _ _ 在小说阅读器读本章 去阅读 **文 | 银行螺丝钉 （转载请注明出处）** 关注公众号：定投十年赚十倍 同名微博：@银行螺丝钉 ![](images/[2021-01-22-2208]1月22日指数估值数据基金4季报更新完毕/img_2f4abc699d1bd68774c8445a.png) 大家周末快乐。 4季报基本更新完毕，螺丝钉组合里的基金的4季报也更新好了。 季报对指数基金影响不大，因为指数基金平时也可以看指数来观察到变化。 **有朋友问，季报是最新的基金持仓么？** 其实也不是的，像2020年4季报，是2020年12月3,pending_manual_or_image_review,Drive/2021/[2021-01-22-2208]1月22日指数估值数据基金4季报更新完毕.md
2021-01-25,A股,190zE0MVj78QTOyzTyCPB1yNWFVW3Cdxc,[2021-01-25-2158]1月25日指数估值数据腾讯大涨11.md,https://drive.google.com/file/d/190zE0MVj78QTOyzTyCPB1yNWFVW3Cdxc/view?usp=drivesdk,no_exact_text_evidence,,,,原创 银行螺丝钉 银行螺丝钉 银行螺丝钉 _2021年01月25日 21:58_ __ _ _ _ _ 在小说阅读器读本章 去阅读 **文 | 银行螺丝钉 （转载请注明出处）** 关注公众号：定投十年赚十倍 同名微博：@银行螺丝钉 ![](images/[2021-01-25-2158]1月25日指数估值数据腾讯大涨11/img_2f4abc699d1bd68774c8445a.png) **1\. 今天腾讯暴涨11%。** **中概股相关的基金，也跟随大涨。 ** 中概互联今年以来上涨约18%，中国互联上涨17%。 ** 大部分朋友持有中概股基金的收益也达到60%-80%水平了。 ** 中概股短期大涨之后，估值也向着高位进发。目前,pending_manual_or_image_review,Drive/2021/[2021-01-25-2158]1月25日指数估值数据腾讯大涨11.md
2021-01-26,A股,1PqPpY_l7NmgfWWR1Uyg7dMR0MOn9O76V,[2021-01-26-2158]1月26日指数估值数据定投实盘第158期.md,https://drive.google.com/file/d/1PqPpY_l7NmgfWWR1Uyg7dMR0MOn9O76V/view?usp=drivesdk,no_exact_text_evidence,,,,原创 银行螺丝钉 银行螺丝钉 银行螺丝钉 _2021年01月26日 21:58_ __ _ _ _ _ 在小说阅读器读本章 去阅读 **文 | 银行螺丝钉 （转载请注明出处）** 关注公众号：定投十年赚十倍 同名微博：@银行螺丝钉 ![](images/[2021-01-26-2158]1月26日指数估值数据定投实盘第158期/img_2f4abc699d1bd68774c8445a.png) **1\. 本周继续完成定投，并赎回一些高估的品种。** 本周还是定投买入的债基，做好防御。 同时，进入高估的基本面120、消费50赎回一大半了，剩下的也会在几周里分批完成。港股中小也开始分批卖出。 **[大吉大利，今天吃基] 第158期的螺,pending_manual_or_image_review,Drive/2021/[2021-01-26-2158]1月26日指数估值数据定投实盘第158期.md
2021-01-27,A股,1_hHFFVYK2QlB06OnYAkwBBRml0Mesboq,[2021-01-27-2231]1月27日指数估值数据易方达蓝筹限购了.md,https://drive.google.com/file/d/1_hHFFVYK2QlB06OnYAkwBBRml0Mesboq/view?usp=drivesdk,no_exact_text_evidence,,,,原创 银行螺丝钉 银行螺丝钉 银行螺丝钉 _2021年01月27日 22:31_ __ _ _ _ _ 在小说阅读器读本章 去阅读 **文 | 银行螺丝钉 （转载请注明出处）** 关注公众号：定投十年赚十倍 同名微博：@银行螺丝钉 ![](images/[2021-01-27-2231]1月27日指数估值数据易方达蓝筹限购了/img_2f4abc699d1bd68774c8445a.png) **1\. 看到一个段子：世界三大酒庄：罗曼尼康帝、拉菲、易方达。** 这是戏称易方达持有比较多的白酒。 像易方达张坤，他属于成长价值风格，类似巴菲特的投资风格，就比较喜欢白酒这种高ROE的行业。 不过今天也看到一个新的公告：易方达蓝筹，从之前,pending_manual_or_image_review,Drive/2021/[2021-01-27-2231]1月27日指数估值数据易方达蓝筹限购了.md
2021-01-28,A股,1R20sFbWdxvtp37dGI5XNY4lXb6ry3UK0,[2021-01-28-2153]1月28日指数估值数据四星级还有多远.md,https://drive.google.com/file/d/1R20sFbWdxvtp37dGI5XNY4lXb6ry3UK0/view?usp=drivesdk,integer_regime_only,,,4,回到4星级,coarse_integer_not_exact,Drive/2021/[2021-01-28-2153]1月28日指数估值数据四星级还有多远.md
2021-01-29,A股,10oirqgTeU_YIORZXzLGMvLC7r7vFTAau,[2021-01-29-2201]1月29日指数估值数据主动优选组合又要分红了.md,https://drive.google.com/file/d/10oirqgTeU_YIORZXzLGMvLC7r7vFTAau/view?usp=drivesdk,no_exact_text_evidence,,,,原创 银行螺丝钉 银行螺丝钉 银行螺丝钉 _2021年01月29日 22:01_ __ _ _ _ _ 在小说阅读器读本章 去阅读 **文 | 银行螺丝钉 （转载请注明出处）** 关注公众号：定投十年赚十倍 同名微博：@银行螺丝钉 ![](images/[2021-01-29-2201]1月29日指数估值数据主动优选组合又要分红了/img_2f4abc699d1bd68774c8445a.png) 大家周末快乐。 一转眼一月份最后一个交易日也过去了。 **1\. 主动优选组合中，又有一只基金要分红了，是广发稳健。** 广发稳健是一只比较优秀的平衡混合基金。 基金经理傅友兴，擅长价值风格，广发稳健的股债比例接近1:1，属于比较稳健的风,pending_manual_or_image_review,Drive/2021/[2021-01-29-2201]1月29日指数估值数据主动优选组合又要分红了.md
2021-02-01,A股,1YAGP7OwfU_wn77fDmB5RSvO2ZoGd3IiM,[2021-02-01-2245]2月1日指数估值数据500指数到低估了吗.md,https://drive.google.com/file/d/1YAGP7OwfU_wn77fDmB5RSvO2ZoGd3IiM/view?usp=drivesdk,no_exact_text_evidence,,,,原创 银行螺丝钉 银行螺丝钉 银行螺丝钉 _2021年02月01日 22:45_ __ _ _ _ _ 在小说阅读器读本章 去阅读 **文 | 银行螺丝钉 （转载请注明出处）** 关注公众号：定投十年赚十倍 同名微博：@银行螺丝钉 ![](images/[2021-02-01-2245]2月1日指数估值数据500指数到低估了吗/img_2f4abc699d1bd68774c8445a.png) **1\. 上周公募基金完成了2020年4季度的定期报告更新。** 上市公司最近也在更新财报。 财报更新，盈利、净资产等也会变化，所以估值指标可能在最近也会有一些短期的波动。 整体看，大部分指数的盈利、净资产在2020年还是上涨的，估值也会因,pending_manual_or_image_review,Drive/2021/[2021-02-01-2245]2月1日指数估值数据500指数到低估了吗.md
2021-02-02,A股,1gJbYoXL8Jc5YsklQ7qkCTydi-Ll9-Jim,[2021-02-02-2147]2月2日指数估值数据定投实盘第159期.md,https://drive.google.com/file/d/1gJbYoXL8Jc5YsklQ7qkCTydi-Ll9-Jim/view?usp=drivesdk,no_exact_text_evidence,,,,原创 银行螺丝钉 银行螺丝钉 银行螺丝钉 _2021年02月02日 21:47_ __ _ _ _ _ 在小说阅读器读本章 去阅读 **文 | 银行螺丝钉 （转载请注明出处）** 关注公众号：定投十年赚十倍 同名微博：@银行螺丝钉 ![](images/[2021-02-02-2147]2月2日指数估值数据定投实盘第159期/img_2f4abc699d1bd68774c8445a.png) **1\. 本周继续完成定投，并赎回一些高估的品种。** 本周还是定投买入的债基，做好防御。 同时，进入高估的基本面120、消费50赎回一大半了，这两个指数还剩大约30%的份额。 剩下的也会在几周里分批完成。港股中小也开始分批卖出。 另外，下周,pending_manual_or_image_review,Drive/2021/[2021-02-02-2147]2月2日指数估值数据定投实盘第159期.md
2021-02-03,A股,1qDtn0M3EVhhVSlB9cjK5SO-29F-K9fhj,[2021-02-03-2207]2月3日指数估值数据你打算怎么配置年终奖呢.md,https://drive.google.com/file/d/1qDtn0M3EVhhVSlB9cjK5SO-29F-K9fhj/view?usp=drivesdk,no_exact_text_evidence,,,,原创 银行螺丝钉 银行螺丝钉 银行螺丝钉 _2021年02月03日 22:07_ __ _ _ _ _ 在小说阅读器读本章 去阅读 **文 | 银行螺丝钉 （转载请注明出处）** 关注公众号：定投十年赚十倍 同名微博：@银行螺丝钉 ![](images/[2021-02-03-2207]2月3日指数估值数据你打算怎么配置年终奖呢/img_2f4abc699d1bd68774c8445a.png) 今天看到一份《2020年终奖调研报告》，是腾讯理财通联合社科院发布的。 这个报告还挺有意思的。 1\. 今年大约有7成企业会给员工发年终奖，但是有一半人年终奖比往年会减少。 2\. 年终奖是上班族收入的第二来源。 第一大来源是工资，第二是年,pending_manual_or_image_review,Drive/2021/[2021-02-03-2207]2月3日指数估值数据你打算怎么配置年终奖呢.md
2021-02-04,A股,1_Vq7BO0VS8ryvPBGSIrH6VDmNqJ5r5Wz,[2021-02-04-2201]2月4日指数估值数据快手要上市了.md,https://drive.google.com/file/d/1_Vq7BO0VS8ryvPBGSIrH6VDmNqJ5r5Wz/view?usp=drivesdk,no_exact_text_evidence,,,,原创 银行螺丝钉 银行螺丝钉 银行螺丝钉 _2021年02月04日 22:01_ __ _ _ _ _ 在小说阅读器读本章 去阅读 **文 | 银行螺丝钉 （转载请注明出处）** 关注公众号：定投十年赚十倍 同名微博：@银行螺丝钉 ![](images/[2021-02-04-2201]2月4日指数估值数据快手要上市了/img_2f4abc699d1bd68774c8445a.png) ** 1\. 最近快手要上市了，受到了很多投资者的追捧。后面估计快手也会加入到中概股基金中。 ** 受到快手上市刺激，原本一些已经上市的中概股像B站等，涨幅也不错。 中概股元旦之后的表现还是不错的，腾讯在元旦之后上涨了30%。 当然也不是所有中概股都,pending_manual_or_image_review,Drive/2021/[2021-02-04-2201]2月4日指数估值数据快手要上市了.md
2021-02-05,A股,1XTOCzfkp3dqaSHWiN7saP1fp3Kva6cjP,[2021-02-05-2209]2月5日指数估值数据银行大涨近3.md,https://drive.google.com/file/d/1XTOCzfkp3dqaSHWiN7saP1fp3Kva6cjP/view?usp=drivesdk,no_exact_text_evidence,,,,原创 银行螺丝钉 银行螺丝钉 银行螺丝钉 _2021年02月05日 22:09_ __ _ _ _ _ 在小说阅读器读本章 去阅读 **文 | 银行螺丝钉 （转载请注明出处）** 关注公众号：定投十年赚十倍 同名微博：@银行螺丝钉 ![](images/[2021-02-05-2209]2月5日指数估值数据银行大涨近3/img_2f4abc699d1bd68774c8445a.png) 大家周末快乐～ **1\. 今天三傻之大傻，银行股继续大涨近3%。今年银行股上涨达到了12%，在所有行业中涨幅排在前列。** 放在去年，谁能想到今年银行的表现这么出色。 当然，三傻的另两傻，保险和地产还趴着。 我们来参考一下三傻在2016-2018年,pending_manual_or_image_review,Drive/2021/[2021-02-05-2209]2月5日指数估值数据银行大涨近3.md
2021-02-08,A股,1bsRWh_SYuC9rvbFjNsnDh-AFWs4MUGPm,[2021-02-08-2201]2月8日指数估值数据螺丝钉组合假期安排.md,https://drive.google.com/file/d/1bsRWh_SYuC9rvbFjNsnDh-AFWs4MUGPm/view?usp=drivesdk,no_exact_text_evidence,,,,原创 银行螺丝钉 银行螺丝钉 银行螺丝钉 _2021年02月08日 22:01_ __ _ _ _ _ 在小说阅读器读本章 去阅读 **文 | 银行螺丝钉 （转载请注明出处）** 关注公众号：定投十年赚十倍 同名微博：@银行螺丝钉 ![](images/[2021-02-08-2201]2月8日指数估值数据螺丝钉组合假期安排/img_2f4abc699d1bd68774c8445a.png) **1\. 很快就放春节假期了，说一下假期期间，几个螺丝钉组合的安排。** 港股通，在今天收盘之后已经提前放假，一些投资了港股的基金，也会从现在开始暂停申购赎回、基金净值可能也会暂停更新。这几天收益不会丢失，会在假期后统一更新。 A股，会在10,pending_manual_or_image_review,Drive/2021/[2021-02-08-2201]2月8日指数估值数据螺丝钉组合假期安排.md
2021-02-09,A股,1XwAEzbnarjg6lZC80cHLNQdV2Ulz0dtM,[2021-02-09-2158]2月9日指数估值数据节前定投暂停一周.md,https://drive.google.com/file/d/1XwAEzbnarjg6lZC80cHLNQdV2Ulz0dtM/view?usp=drivesdk,no_exact_text_evidence,,,,原创 银行螺丝钉 银行螺丝钉 银行螺丝钉 _2021年02月09日 21:58_ __ _ _ _ _ 在小说阅读器读本章 去阅读 **文 | 银行螺丝钉 （转载请注明出处）** 关注公众号：定投十年赚十倍 同名微博：@银行螺丝钉 ![](images/[2021-02-09-2158]2月9日指数估值数据节前定投暂停一周/img_2f4abc699d1bd68774c8445a.png) 假期之前倒数第二个交易日，A股大涨。 **1\. 前几天也说过啦，本周螺丝钉指数基金组合暂停定投一周。** 港股通放假了，A股的基金虽然还可以交易，但最近定投组合每次定投有赎回高估品种。 赎回到账需要时间。比如说周二赎回，如果周四到账，那就是假期,pending_manual_or_image_review,Drive/2021/[2021-02-09-2158]2月9日指数估值数据节前定投暂停一周.md
2021-02-10,A股,1WfHHkwI2xxcu0bFM13ZwedxDi3zz3fS3,[2021-02-10-2204]2月10日指数估值数据假期安排.md,https://drive.google.com/file/d/1WfHHkwI2xxcu0bFM13ZwedxDi3zz3fS3/view?usp=drivesdk,no_exact_text_evidence,,,,原创 银行螺丝钉 银行螺丝钉 银行螺丝钉 _2021年02月10日 22:04_ __ _ _ _ _ 在小说阅读器读本章 去阅读 **文 | 银行螺丝钉 （转载请注明出处）** 关注公众号：定投十年赚十倍 同名微博：@银行螺丝钉 ![](images/[2021-02-10-2204]2月10日指数估值数据假期安排/img_2f4abc699d1bd68774c8445a.png) 春节前最后一个交易日结束啦，今天A股也是大涨。 投资者可以过个好年了。大家新年快乐，咱们年后再战～ 假期里可以不用买基金了，因为假期里买基金，其实也是等到假期之后上班了才成交的。 假期就好好休息就好。 说一下年假的安排。 **春节假期里，螺丝钉也会有文,pending_manual_or_image_review,Drive/2021/[2021-02-10-2204]2月10日指数估值数据假期安排.md
2021-02-17,A股,1HAeIcRoakszaLMpBUyxzNhQBDHB-hfv7,[2021-02-17-2155]2月17日指数估值数据港美股估值更新amp直播预告.md,https://drive.google.com/file/d/1HAeIcRoakszaLMpBUyxzNhQBDHB-hfv7/view?usp=drivesdk,approximate_range,4,5,,暂时没有定投指数基金，会等到市场重新回到4-5星级的时候，再继续定投低估指数基金。,pending_manual_or_image_review,Drive/2021/[2021-02-17-2155]2月17日指数估值数据港美股估值更新amp直播预告.md
2021-02-18,A股,1Vw3l27CNd5ii-_8LzwZc4zdbDnC9OxVe,[2021-02-18-2147]2月18日指数估值数据三傻开始逆袭了吗.md,https://drive.google.com/file/d/1Vw3l27CNd5ii-_8LzwZc4zdbDnC9OxVe/view?usp=drivesdk,no_exact_text_evidence,,,,原创 银行螺丝钉 银行螺丝钉 银行螺丝钉 _2021年02月18日 21:47_ __ _ _ _ _ 在小说阅读器读本章 去阅读 **文 | 银行螺丝钉 （转载请注明出处）** 关注公众号：定投十年赚十倍 同名微博：@银行螺丝钉 ![](images/[2021-02-18-2147]2月18日指数估值数据三傻开始逆袭了吗/img_2f4abc699d1bd68774c8445a.png) 今天A股高开低走，不过全天下来，A股整体还是上涨的。 螺丝钉的几个组合也都是上涨的。 价值类品种，例如三傻银行地产保险表现不错。 今年以来银行指数已经上涨了14%，表现比大部分行业都好一些。 前期低迷的地产和保险也开始崛起了。 通常，银行保险地,pending_manual_or_image_review,Drive/2021/[2021-02-18-2147]2月18日指数估值数据三傻开始逆袭了吗.md
2021-02-19,A股,1-f8Vb0l4Mov0drGzm0AWm6XTnXysSkow,[2021-02-19-2153]2月19日指数估值数据300和500长期收益谁更好呢.md,https://drive.google.com/file/d/1-f8Vb0l4Mov0drGzm0AWm6XTnXysSkow/view?usp=drivesdk,no_exact_text_evidence,,,,原创 银行螺丝钉 银行螺丝钉 银行螺丝钉 _2021年02月19日 21:53_ __ _ _ _ _ 在小说阅读器读本章 去阅读 **文 | 银行螺丝钉 （转载请注明出处）** 关注公众号：定投十年赚十倍 同名微博：@银行螺丝钉 ![](images/[2021-02-19-2153]2月19日指数估值数据300和500长期收益谁更好呢/img_2f4abc699d1bd68774c8445a.png) **1\. 今天看到一个新闻，小米也要造车了。受到这个消息影响，小米股价大幅上涨。** 目前看了下，在我们持有的中概互联中是有小米的，不过占比不太高。 中概股大头还是腾讯和阿里巴巴，小米大约占不到5%的比例，在中概股中还是规模较小,pending_manual_or_image_review,Drive/2021/[2021-02-19-2153]2月19日指数估值数据300和500长期收益谁更好呢.md
2021-02-22,A股,1UbOm9fCMNJAbbjEK74fQ8QzQrtWrI0cX,[2021-02-22-2155]2月22日指数估值数据股市大跌该怎么做.md,https://drive.google.com/file/d/1UbOm9fCMNJAbbjEK74fQ8QzQrtWrI0cX/view?usp=drivesdk,no_exact_text_evidence,,,,原创 银行螺丝钉 银行螺丝钉 银行螺丝钉 _2021年02月22日 21:55_ __ _ _ _ _ 在小说阅读器读本章 去阅读 **文 | 银行螺丝钉 （转载请注明出处）** 关注公众号：定投十年赚十倍 同名微博：@银行螺丝钉 ![](images/[2021-02-22-2155]2月22日指数估值数据股市大跌该怎么做/img_2f4abc699d1bd68774c8445a.png) 今天A股迎来久违的大跌。 白酒指数下跌8.25%，整个行业几乎跌停。下跌之后，今年以来白酒的涨幅也抹去了。 A股整体也是下跌的。 不过也有少数品种上涨。前期低迷的红利、低波动，今天上涨幅度还不错。 其实还是延续了上周的走势。一些顺周期性品种的保,pending_manual_or_image_review,Drive/2021/[2021-02-22-2155]2月22日指数估值数据股市大跌该怎么做.md
2021-02-23,A股,1Q-RvGyy7Sdz0WgkByFS439A_Hx8gACPq,[2021-02-23-2155]2月23日指数估值数据定投实盘第160期.md,https://drive.google.com/file/d/1Q-RvGyy7Sdz0WgkByFS439A_Hx8gACPq/view?usp=drivesdk,approximate_range,4,5,,等市场回到4-5星级，再取出一部分配置主动优选组合、指数基金组合。,pending_manual_or_image_review,Drive/2021/[2021-02-23-2155]2月23日指数估值数据定投实盘第160期.md
2021-02-25,A股,1SsPukp6y3eK1_VCUmuSJhibiS5Q_mmrA,[2021-02-25-2204]2月25日指数估值数据顺周期品种有哪些.md,https://drive.google.com/file/d/1SsPukp6y3eK1_VCUmuSJhibiS5Q_mmrA/view?usp=drivesdk,no_exact_text_evidence,,,,原创 银行螺丝钉 银行螺丝钉 银行螺丝钉 _2021年02月25日 22:04_ __ _ _ _ _ 在小说阅读器读本章 去阅读 **文 | 银行螺丝钉 （转载请注明出处）** 关注公众号：定投十年赚十倍 同名微博：@银行螺丝钉 ![](images/[2021-02-25-2204]2月25日指数估值数据顺周期品种有哪些/img_2f4abc699d1bd68774c8445a.png) 今天市场出现了一些反弹。 不过一马当先的，还是前段时间表现不错的顺周期性品种。 螺丝钉看了下今年以来的涨幅。 **银行指数上涨12.76%，保险上涨6.41%，地产上涨3.82%。** 暂时还是银行指数涨幅最高。1月份银行率先启动，最近保险地产,pending_manual_or_image_review,Drive/2021/[2021-02-25-2204]2月25日指数估值数据顺周期品种有哪些.md
2021-02-26,A股,1qqjeppSLHDEs77vfAXYQVOZDNUYMKRlb,[2021-02-26-2158]2月26日指数估值数据还有多久到4星级.md,https://drive.google.com/file/d/1qqjeppSLHDEs77vfAXYQVOZDNUYMKRlb/view?usp=drivesdk,integer_regime_only,,,4,回到4星级,coarse_integer_not_exact,Drive/2021/[2021-02-26-2158]2月26日指数估值数据还有多久到4星级.md
2021-03-01,A股,1iJe7K7KGmBYyh3EcGPpL76t_-w12ECic,[2021-03-01-2211]3月1日指数估值数据恒生指数又要改版了.md,https://drive.google.com/file/d/1iJe7K7KGmBYyh3EcGPpL76t_-w12ECic/view?usp=drivesdk,no_exact_text_evidence,,,,原创 银行螺丝钉 银行螺丝钉 银行螺丝钉 _2021年03月01日 22:11_ __ _ _ _ _ 在小说阅读器读本章 去阅读 **文 | 银行螺丝钉 （转载请注明出处）** 关注公众号：定投十年赚十倍 同名微博：@银行螺丝钉 ![](images/[2021-03-01-2211]3月1日指数估值数据恒生指数又要改版了/img_2f4abc699d1bd68774c8445a.png) 3月第一天，A股港股开门红。大部分品种今天收益都还不错。 市场恐慌情绪有所缓解。 **1\. 前段时间有朋友问，市场担心美股十年期国债收益率大幅上涨，是怎么回事呢？** 十年期国债收益率是一个很重要的参考数据，在我们估值表里也有每天更新A股的十,pending_manual_or_image_review,Drive/2021/[2021-03-01-2211]3月1日指数估值数据恒生指数又要改版了.md
2021-03-02,A股,1P3VUAjFpDUOKhJdDmdVPsjfTGrMoTlAj,[2021-03-02-2157]3月2日指数估值数据定投实盘第161期.md,https://drive.google.com/file/d/1P3VUAjFpDUOKhJdDmdVPsjfTGrMoTlAj/view?usp=drivesdk,no_exact_text_evidence,,,,原创 银行螺丝钉 银行螺丝钉 银行螺丝钉 _2021年03月02日 21:57_ __ _ _ _ _ 在小说阅读器读本章 去阅读 **文 | 银行螺丝钉 （转载请注明出处）** 关注公众号：定投十年赚十倍 同名微博：@银行螺丝钉 ![](images/[2021-03-02-2157]3月2日指数估值数据定投实盘第161期/img_2f4abc699d1bd68774c8445a.png) 今天市场波动，A股距离4星级又近了一步。 **1\. 本周继续完成定投，并赎回一些高估的品种。** 本周还是定投买入的债基，做好防御。这部分债基，在下跌的时候会起到减少风险的作用。 同时，如果市场跌出机会，除了定投买入之外，我们也会用债基转换的,pending_manual_or_image_review,Drive/2021/[2021-03-02-2157]3月2日指数估值数据定投实盘第161期.md
2021-03-03,A股,1FSCV8LH6fFnen_laJsnRH_-WuzSGVAHo,[2021-03-03-2200]3月3日指数估值数据大象起舞银行指数上涨45.md,https://drive.google.com/file/d/1FSCV8LH6fFnen_laJsnRH_-WuzSGVAHo/view?usp=drivesdk,no_exact_text_evidence,,,,原创 银行螺丝钉 银行螺丝钉 银行螺丝钉 _2021年03月03日 22:00_ __ _ _ _ _ 在小说阅读器读本章 去阅读 **文 | 银行螺丝钉 （转载请注明出处）** 关注公众号：定投十年赚十倍 同名微博：@银行螺丝钉 ![](images/[2021-03-03-2200]3月3日指数估值数据大象起舞银行指数上涨45/img_2f4abc699d1bd68774c8445a.png) 今天A股出现反弹，上涨较好的，还是这段时间表现出色的「三傻」，银行保险地产。 银行指数今天上涨4.5%，大象也起舞了。 **1\. 前段时间有朋友问螺丝钉，怎么感觉同样是3.5星级，去年3.5星级好像还有点绿色，今年就没了呢？** 其实去,pending_manual_or_image_review,Drive/2021/[2021-03-03-2200]3月3日指数估值数据大象起舞银行指数上涨45.md
2021-03-04,A股,1yYPqzDhwmrr5hhEXTilWJXQGwm3J2_H0,[2021-03-04-2205]3月4日指数估值数据好价格慢慢出现.md,https://drive.google.com/file/d/1yYPqzDhwmrr5hhEXTilWJXQGwm3J2_H0/view?usp=drivesdk,integer_regime_only,,,4,回到4星级,coarse_integer_not_exact,Drive/2021/[2021-03-04-2205]3月4日指数估值数据好价格慢慢出现.md
2021-03-05,A股,1b4Ktfgyn8NQJPX5IXteaAFcn3hWrdx45,[2021-03-05-2205]3月5日指数估值数据距离4星级还有多远.md,https://drive.google.com/file/d/1b4Ktfgyn8NQJPX5IXteaAFcn3hWrdx45/view?usp=drivesdk,no_exact_text_evidence,,,,原创 银行螺丝钉 银行螺丝钉 银行螺丝钉 _2021年03月05日 22:05_ __ _ _ _ _ 在小说阅读器读本章 去阅读 **文 | 银行螺丝钉 （转载请注明出处）** 关注公众号：定投十年赚十倍 同名微博：@银行螺丝钉 ![](images/[2021-03-05-2205]3月5日指数估值数据距离4星级还有多远/img_2f4abc699d1bd68774c8445a.png) 大家周末快乐～ 最近市场波动比较大，经常是一天大涨、一天大跌。 这种时候就要屁股坐的住，不要追涨杀跌，避免被反复打脸。 **1\. 有朋友很关心，目前距离4星级还有多少距离？** 最近波动之后，市场距离4星级很接近了，整体大约还有3%-4%的距,pending_manual_or_image_review,Drive/2021/[2021-03-05-2205]3月5日指数估值数据距离4星级还有多远.md
2021-03-08,A股,1F1rwqDwCMEihRbCQK7QEUeuEJe4NypE9,[2021-03-08-2156]3月8日指数估值数据4星级到了么.md,https://drive.google.com/file/d/1F1rwqDwCMEihRbCQK7QEUeuEJe4NypE9/view?usp=drivesdk,integer_regime_only,,,4,回到4星级,coarse_integer_not_exact,Drive/2021/[2021-03-08-2156]3月8日指数估值数据4星级到了么.md
2021-03-09,A股,155dwxBUONXzTUxjq63-NMNpkQZek7wPA,[2021-03-09-2155]3月9日指数估值数据4星级来啦amp定投实盘第162期.md,https://drive.google.com/file/d/155dwxBUONXzTUxjq63-NMNpkQZek7wPA/view?usp=drivesdk,integer_regime_only,,,4,今天市场波动，A股时隔8个月，再次回到了4星级,coarse_integer_not_exact,Drive/2021/[2021-03-09-2155]3月9日指数估值数据4星级来啦amp定投实盘第162期.md
2021-03-10,A股,1hG8-d0wExeDW3-sbdDgL7FV5GUWVsxuV,[2021-03-10-2211]3月10日指数估值数据别亏了以后才想起风险.md,https://drive.google.com/file/d/1hG8-d0wExeDW3-sbdDgL7FV5GUWVsxuV/view?usp=drivesdk,no_exact_text_evidence,,,,原创 银行螺丝钉 银行螺丝钉 银行螺丝钉 _2021年03月10日 22:11_ __ _ _ _ _ 在小说阅读器读本章 去阅读 **文 | 银行螺丝钉 （转载请注明出处）** 关注公众号：定投十年赚十倍 同名微博：@银行螺丝钉 [ ![](images/[2021-03-10-2211]3月10日指数估值数据别亏了以后才想起风险/img_dc951be0e921107d4f007dc3.png) ](http://mp.weixin.qq.com/s?__biz=MzAwNzQ5ODk3Nw==&mid=2651049254&idx=1&sn=0940ee8cb510088185360ac32d490267&chksm=808a,pending_manual_or_image_review,Drive/2021/[2021-03-10-2211]3月10日指数估值数据别亏了以后才想起风险.md
2021-03-11,A股,1dR9qlPa0gCXWO_Qrc1EIR2N2GECk1TFV,[2021-03-11-2212]3月11日指数估值数据险守4星级.md,https://drive.google.com/file/d/1dR9qlPa0gCXWO_Qrc1EIR2N2GECk1TFV/view?usp=drivesdk,integer_regime_only,,,4,收盘，大盘正好在4星级,coarse_integer_not_exact,Drive/2021/[2021-03-11-2212]3月11日指数估值数据险守4星级.md
2021-03-15,A股,1B3bk33eZ2yXWq2rQEQdZ9b59iLaZ7ziU,[2021-03-15-2224]3月15日指数估值数据4星级回来啦.md,https://drive.google.com/file/d/1B3bk33eZ2yXWq2rQEQdZ9b59iLaZ7ziU/view?usp=drivesdk,integer_regime_only,,,4,今天市场波动，A股再次回到了4星级,coarse_integer_not_exact,Drive/2021/[2021-03-15-2224]3月15日指数估值数据4星级回来啦.md
2021-03-16,A股,1nxlk7fdS9KVRZBDIRuSqu-GwSm_b7Yju,[2021-03-16-2219]3月16日指数估值数据定投实盘第164期.md,https://drive.google.com/file/d/1nxlk7fdS9KVRZBDIRuSqu-GwSm_b7Yju/view?usp=drivesdk,integer_regime_only,,,4,收盘，大盘正好在4星级,coarse_integer_not_exact,Drive/2021/[2021-03-16-2219]3月16日指数估值数据定投实盘第164期.md
2021-03-17,A股,1pplBYaR_zUSJP2-BdUtyI28p6epXROv5,[2021-03-17-2217]3月17日指数估值数据美股十年期国债收益率上升.md,https://drive.google.com/file/d/1pplBYaR_zUSJP2-BdUtyI28p6epXROv5/view?usp=drivesdk,no_exact_text_evidence,,,,原创 银行螺丝钉 银行螺丝钉 银行螺丝钉 _2021年03月17日 22:17_ __ _ _ _ _ 在小说阅读器读本章 去阅读 **文 | 银行螺丝钉 （转载请注明出处）** 关注公众号：定投十年赚十倍 同名微博：@银行螺丝钉 [ ![](images/[2021-03-17-2217]3月17日指数估值数据美股十年期国债收益率上升/img_dc951be0e921107d4f007dc3.png) ](http://mp.weixin.qq.com/s?__biz=MzAwNzQ5ODk3Nw==&mid=2651049254&idx=1&sn=0940ee8cb510088185360ac32d490267&chksm=80,pending_manual_or_image_review,Drive/2021/[2021-03-17-2217]3月17日指数估值数据美股十年期国债收益率上升.md
2021-03-18,A股,1wsOlJoTttnzawfQjMrae7UajCiYPiO-j,[2021-03-18-2144]3月18日指数估值数据互联网行业出现机会了么.md,https://drive.google.com/file/d/1wsOlJoTttnzawfQjMrae7UajCiYPiO-j/view?usp=drivesdk,no_exact_text_evidence,,,,原创 银行螺丝钉 银行螺丝钉 银行螺丝钉 _2021年03月18日 21:44_ __ _ _ _ _ 在小说阅读器读本章 去阅读 **文 | 银行螺丝钉 （转载请注明出处）** 关注公众号：定投十年赚十倍 同名微博：@银行螺丝钉 [ ![](images/[2021-03-18-2144]3月18日指数估值数据互联网行业出现机会了么/img_dc951be0e921107d4f007dc3.png) ](http://mp.weixin.qq.com/s?__biz=MzAwNzQ5ODk3Nw==&mid=2651049254&idx=1&sn=0940ee8cb510088185360ac32d490267&chksm=808,pending_manual_or_image_review,Drive/2021/[2021-03-18-2144]3月18日指数估值数据互联网行业出现机会了么.md
2021-03-19,A股,19jGtex3tg_H-zTtaiDD1ZhN_-1DrYjjR,[2021-03-19-2206]3月19日指数估值数据A股下跌回到4星.md,https://drive.google.com/file/d/19jGtex3tg_H-zTtaiDD1ZhN_-1DrYjjR/view?usp=drivesdk,integer_regime_only,,,4,回到4星,coarse_integer_not_exact,Drive/2021/[2021-03-19-2206]3月19日指数估值数据A股下跌回到4星.md
2021-03-23,A股,1S2aI2HyPPtOFSUcu51RoB2f30t3JWX4w,[2021-03-23-2211]3月23日指数估值数据4星级又回来了amp螺丝钉定投实盘第166期.md,https://drive.google.com/file/d/1S2aI2HyPPtOFSUcu51RoB2f30t3JWX4w/view?usp=drivesdk,integer_regime_only,,,4,回到4星级,coarse_integer_not_exact,Drive/2021/[2021-03-23-2211]3月23日指数估值数据4星级又回来了amp螺丝钉定投实盘第166期.md
2021-03-24,A股,18g7Ssj63maGxRmM-wRZiTtRwm3L5m8Hz,[2021-03-24-2203]3月24日指数估值数据主动优选组合要分红了.md,https://drive.google.com/file/d/18g7Ssj63maGxRmM-wRZiTtRwm3L5m8Hz/view?usp=drivesdk,integer_regime_only,,,4,今天大盘继续比较低迷，A股还在4星级,coarse_integer_not_exact,Drive/2021/[2021-03-24-2203]3月24日指数估值数据主动优选组合要分红了.md
2021-03-25,A股,168lSDdJieX7GxVzuIsrxIUl818AppsdG,[2021-03-25-2154]3月25日指数估值数据医疗上涨中概股下跌.md,https://drive.google.com/file/d/168lSDdJieX7GxVzuIsrxIUl818AppsdG/view?usp=drivesdk,no_exact_text_evidence,,,,原创 银行螺丝钉 银行螺丝钉 银行螺丝钉 _2021年03月25日 21:54_ __ _ _ _ _ 在小说阅读器读本章 去阅读 **文 | 银行螺丝钉 （转载请注明出处）** 关注公众号：定投十年赚十倍 同名微博：@银行螺丝钉 [ ![](images/[2021-03-25-2154]3月25日指数估值数据医疗上涨中概股下跌/img_44153d38d298e2ad133cad68.png) ](http://mp.weixin.qq.com/s?__biz=MzAwNzQ5ODk3Nw==&mid=2651044011&idx=1&sn=bed5207f645481d3a23d82ba0af58be1&chksm=808a2,pending_manual_or_image_review,Drive/2021/[2021-03-25-2154]3月25日指数估值数据医疗上涨中概股下跌.md
2021-03-26,A股,1M4th7Xnl6P1zYq64em2DjlHZAIkNLxoY,[2021-03-26-2208]3月26日指数估值数据中概股下跌耐心等待机会.md,https://drive.google.com/file/d/1M4th7Xnl6P1zYq64em2DjlHZAIkNLxoY/view?usp=drivesdk,no_exact_text_evidence,,,,原创 银行螺丝钉 银行螺丝钉 银行螺丝钉 _2021年03月26日 22:08_ __ _ _ _ _ 在小说阅读器读本章 去阅读 **文 | 银行螺丝钉 （转载请注明出处）** 关注公众号：定投十年赚十倍 同名微博：@银行螺丝钉 [ ![](images/[2021-03-26-2208]3月26日指数估值数据中概股下跌耐心等待机会/img_44153d38d298e2ad133cad68.png) ](http://mp.weixin.qq.com/s?__biz=MzAwNzQ5ODk3Nw==&mid=2651044011&idx=1&sn=bed5207f645481d3a23d82ba0af58be1&chksm=808,pending_manual_or_image_review,Drive/2021/[2021-03-26-2208]3月26日指数估值数据中概股下跌耐心等待机会.md
2021-03-30,A股,12YG0fqS9iuPyYcfdLF_qIUJaLHaK9Thq,[2021-03-30-2212]3月30日指数估值数据螺丝钉定投实盘第167期.md,https://drive.google.com/file/d/12YG0fqS9iuPyYcfdLF_qIUJaLHaK9Thq/view?usp=drivesdk,no_exact_text_evidence,,,,原创 银行螺丝钉 银行螺丝钉 银行螺丝钉 _2021年03月30日 22:12_ __ _ _ _ _ 在小说阅读器读本章 去阅读 **文 | 银行螺丝钉 （转载请注明出处）** 关注公众号：定投十年赚十倍 同名微博：@银行螺丝钉 [ ![](images/[2021-03-30-2212]3月30日指数估值数据螺丝钉定投实盘第167期/img_44153d38d298e2ad133cad68.png) ](http://mp.weixin.qq.com/s?__biz=MzAwNzQ5ODk3Nw==&mid=2651044011&idx=1&sn=bed5207f645481d3a23d82ba0af58be1&chksm=80,pending_manual_or_image_review,Drive/2021/[2021-03-30-2212]3月30日指数估值数据螺丝钉定投实盘第167期.md
2021-03-31,A股,1vFc0iUld7QuRREyeL0iEJYfvO3TVB6vf,[2021-03-31-2206]3月31日指数估值数据一季度70新投资者亏损.md,https://drive.google.com/file/d/1vFc0iUld7QuRREyeL0iEJYfvO3TVB6vf/view?usp=drivesdk,integer_regime_only,,,4,今天A股有所下跌，又回到了4星级,coarse_integer_not_exact,Drive/2021/[2021-03-31-2206]3月31日指数估值数据一季度70新投资者亏损.md
2021-04-02,A股,18QaaRQuf7m8f7GA3I1BqQ943M4ZI_d0v,[2021-04-02-2209]4月2日指数估值数据一季度结束了.md,https://drive.google.com/file/d/18QaaRQuf7m8f7GA3I1BqQ943M4ZI_d0v/view?usp=drivesdk,no_exact_text_evidence,,,,原创 银行螺丝钉 银行螺丝钉 银行螺丝钉 _2021年04月02日 22:09_ __ _ _ _ _ 在小说阅读器读本章 去阅读 **文 | 银行螺丝钉 （转载请注明出处）** 关注公众号：定投十年赚十倍 同名微博：@银行螺丝钉 [ ![](images/[2021-04-02-2209]4月2日指数估值数据一季度结束了/img_44153d38d298e2ad133cad68.png) ](http://mp.weixin.qq.com/s?__biz=MzAwNzQ5ODk3Nw==&mid=2651044011&idx=1&sn=bed5207f645481d3a23d82ba0af58be1&chksm=808a2525b,pending_manual_or_image_review,Drive/2021/[2021-04-02-2209]4月2日指数估值数据一季度结束了.md
2021-04-06,A股,1-l3ChFbDvBPFwibiX4E5JPAMzkzCCbTd,[2021-04-06-2215]4月6日指数估值数据螺丝钉定投实盘第168期.md,https://drive.google.com/file/d/1-l3ChFbDvBPFwibiX4E5JPAMzkzCCbTd/view?usp=drivesdk,integer_regime_only,,,4,回到4星级,coarse_integer_not_exact,Drive/2021/[2021-04-06-2215]4月6日指数估值数据螺丝钉定投实盘第168期.md
2021-04-07,A股,1s-Oy0zQPcLafhhkdB8t5EEZ8Mk9DJmSm,[2021-04-07-2247]4月7日指数估值数据白酒大跌475到低估了吗.md,https://drive.google.com/file/d/1s-Oy0zQPcLafhhkdB8t5EEZ8Mk9DJmSm/view?usp=drivesdk,integer_regime_only,,,4,回到4星级,coarse_integer_not_exact,Drive/2021/[2021-04-07-2247]4月7日指数估值数据白酒大跌475到低估了吗.md
2021-04-08,A股,1iwIWNYLYI2hVz4LrY3s6IlYD8DDQUSvq,[2021-04-08-2233]4月8日指数估值数据中概股距离低估有多远呢.md,https://drive.google.com/file/d/1iwIWNYLYI2hVz4LrY3s6IlYD8DDQUSvq/view?usp=drivesdk,no_exact_text_evidence,,,,原创 银行螺丝钉 银行螺丝钉 银行螺丝钉 _2021年04月08日 22:33_ __ _ _ _ _ 在小说阅读器读本章 去阅读 **文 | 银行螺丝钉 （转载请注明出处）** 关注公众号：定投十年赚十倍 同名微博：@银行螺丝钉 [ ![](images/[2021-04-08-2233]4月8日指数估值数据中概股距离低估有多远呢/img_44153d38d298e2ad133cad68.png) ](http://mp.weixin.qq.com/s?__biz=MzAwNzQ5ODk3Nw==&mid=2651044011&idx=1&sn=bed5207f645481d3a23d82ba0af58be1&chksm=808a,pending_manual_or_image_review,Drive/2021/[2021-04-08-2233]4月8日指数估值数据中概股距离低估有多远呢.md
2021-04-09,A股,1ST8WCf1QK7rHK60Gedk5sHiuxCQNg6oB,[2021-04-09-2235]4月9日指数估值数据又回到了4星级.md,https://drive.google.com/file/d/1ST8WCf1QK7rHK60Gedk5sHiuxCQNg6oB/view?usp=drivesdk,integer_regime_only,,,4,回到了4星级,coarse_integer_not_exact,Drive/2021/[2021-04-09-2235]4月9日指数估值数据又回到了4星级.md
2021-04-12,A股,1tX2-VtZdoPQWdsXzSDYekOJN28CF7q6L,[2021-04-12-2219]4月12日指数估值数据医疗中概股进入低估.md,https://drive.google.com/file/d/1tX2-VtZdoPQWdsXzSDYekOJN28CF7q6L/view?usp=drivesdk,integer_regime_only,,,4,今天A股整体下跌，大盘也在4星级,coarse_integer_not_exact,Drive/2021/[2021-04-12-2219]4月12日指数估值数据医疗中概股进入低估.md
2021-04-13,A股,18GlX3K64DFXS9dZtzSTSW8CDwT1p2dgg,[2021-04-13-2219]4月13日指数估值数据螺丝钉定投实盘第170期.md,https://drive.google.com/file/d/18GlX3K64DFXS9dZtzSTSW8CDwT1p2dgg/view?usp=drivesdk,no_exact_text_evidence,,,,原创 银行螺丝钉 银行螺丝钉 银行螺丝钉 _2021年04月13日 22:19_ __ _ _ _ _ 在小说阅读器读本章 去阅读 **文 | 银行螺丝钉 （转载请注明出处）** 关注公众号：定投十年赚十倍 同名微博：@银行螺丝钉 [ ![](images/[2021-04-13-2219]4月13日指数估值数据螺丝钉定投实盘第170期/img_44153d38d298e2ad133cad68.png) ](http://mp.weixin.qq.com/s?__biz=MzAwNzQ5ODk3Nw==&mid=2651044011&idx=1&sn=bed5207f645481d3a23d82ba0af58be1&chksm=80,pending_manual_or_image_review,Drive/2021/[2021-04-13-2219]4月13日指数估值数据螺丝钉定投实盘第170期.md
2021-04-14,A股,1j1u2h782K4HgEKzHd4Tlh0j4xLnlu56n,[2021-04-14-2215]4月14日指数估值数据大白马跳水.md,https://drive.google.com/file/d/1j1u2h782K4HgEKzHd4Tlh0j4xLnlu56n/view?usp=drivesdk,integer_regime_only,,,4,还在4星级,coarse_integer_not_exact,Drive/2021/[2021-04-14-2215]4月14日指数估值数据大白马跳水.md
2021-04-15,A股,1udixTw7R7xR2HbFiWJIKhs8mJljWmXV-,[2021-04-15-2221]4月15日指数估值数据短期涨跌能预测吗.md,https://drive.google.com/file/d/1udixTw7R7xR2HbFiWJIKhs8mJljWmXV-/view?usp=drivesdk,integer_regime_only,,,4,还在4星级,coarse_integer_not_exact,Drive/2021/[2021-04-15-2221]4月15日指数估值数据短期涨跌能预测吗.md
2021-04-16,A股,1zK-mTmaAbFNUiIKYQnz1kwh3AB3ug9VW,[2021-04-16-2202]4月16日指数估值数据一季度GDP同比增长18.md,https://drive.google.com/file/d/1zK-mTmaAbFNUiIKYQnz1kwh3AB3ug9VW/view?usp=drivesdk,no_exact_text_evidence,,,,原创 银行螺丝钉 银行螺丝钉 银行螺丝钉 _2021年04月16日 22:02_ __ _ _ _ _ 在小说阅读器读本章 去阅读 **文 | 银行螺丝钉 （转载请注明出处）** 关注公众号：定投十年赚十倍 同名微博：@银行螺丝钉 [ ![](images/[2021-04-16-2202]4月16日指数估值数据一季度GDP同比增长18/img_44153d38d298e2ad133cad68.png) ](http://mp.weixin.qq.com/s?__biz=MzAwNzQ5ODk3Nw==&mid=2651044011&idx=1&sn=bed5207f645481d3a23d82ba0af58be1&chksm=80,pending_manual_or_image_review,Drive/2021/[2021-04-16-2202]4月16日指数估值数据一季度GDP同比增长18.md
2021-04-21,A股,1We9n7sN6-trLqXW05XPp5K-yi_HWnCra,[2021-04-21-2158]4月21日指数估值数据医疗连续上涨.md,https://drive.google.com/file/d/1We9n7sN6-trLqXW05XPp5K-yi_HWnCra/view?usp=drivesdk,near_threshold_only,,,4,目前还是3.5星级，不过距离4星级很接近。,pending_manual_or_image_review,Drive/2021/[2021-04-21-2158]4月21日指数估值数据医疗连续上涨.md
2021-04-23,A股,1RGNJruhzl48BY3TVt2C3VhHfn1t8Va0E,[2021-04-23-2156]4月23日指数估值数据医疗行业本周大涨92.md,https://drive.google.com/file/d/1RGNJruhzl48BY3TVt2C3VhHfn1t8Va0E/view?usp=drivesdk,no_exact_text_evidence,,,,原创 银行螺丝钉 银行螺丝钉 银行螺丝钉 _2021年04月23日 21:56_ __ _ _ _ _ 在小说阅读器读本章 去阅读 **文 | 银行螺丝钉 （转载请注明出处）** 关注公众号：定投十年赚十倍 同名微博：@银行螺丝钉 [ ![](images/[2021-04-23-2156]4月23日指数估值数据医疗行业本周大涨92/img_44153d38d298e2ad133cad68.png) ](http://mp.weixin.qq.com/s?__biz=MzAwNzQ5ODk3Nw==&mid=2651044011&idx=1&sn=bed5207f645481d3a23d82ba0af58be1&chksm=808a,pending_manual_or_image_review,Drive/2021/[2021-04-23-2156]4月23日指数估值数据医疗行业本周大涨92.md
2021-04-26,A股,1PtcXu-dSTx8U2TvIqqfJjaNIeJ-mmvkv,[2021-04-26-2156]4月26日指数估值数据五一假期螺丝钉组合安排.md,https://drive.google.com/file/d/1PtcXu-dSTx8U2TvIqqfJjaNIeJ-mmvkv/view?usp=drivesdk,integer_regime_only,,,4,目前处于4星,coarse_integer_not_exact,Drive/2021/[2021-04-26-2156]4月26日指数估值数据五一假期螺丝钉组合安排.md
2021-04-27,A股,11GcF8hJrZGPlEJ53G1mlK9pFPYJSR5s_,[2021-04-27-2159]4月27日指数估值数据螺丝钉定投实盘第172期.md,https://drive.google.com/file/d/11GcF8hJrZGPlEJ53G1mlK9pFPYJSR5s_/view?usp=drivesdk,integer_regime_only,,,4,回到了4星级,coarse_integer_not_exact,Drive/2021/[2021-04-27-2159]4月27日指数估值数据螺丝钉定投实盘第172期.md
2021-04-28,A股,1nbxLFQLWiFSMbail7C9yc_IT7GjAlzNl,[2021-04-28-2212]4月28日指数估值数据哪些品种离低估近.md,https://drive.google.com/file/d/1nbxLFQLWiFSMbail7C9yc_IT7GjAlzNl/view?usp=drivesdk,no_exact_text_evidence,,,,原创 银行螺丝钉 银行螺丝钉 银行螺丝钉 _2021年04月28日 22:12_ __ _ _ _ _ 在小说阅读器读本章 去阅读 **文 | 银行螺丝钉 （转载请注明出处）** 关注公众号：定投十年赚十倍 同名微博：@银行螺丝钉 [ ![](images/[2021-04-28-2212]4月28日指数估值数据哪些品种离低估近/img_44153d38d298e2ad133cad68.png) ](http://mp.weixin.qq.com/s?__biz=MzAwNzQ5ODk3Nw==&mid=2651044011&idx=1&sn=bed5207f645481d3a23d82ba0af58be1&chksm=808a25,pending_manual_or_image_review,Drive/2021/[2021-04-28-2212]4月28日指数估值数据哪些品种离低估近.md
2021-04-29,A股,1Vmjpj1e2D-kM8kYfcCOSArz91x9a0-zt,[2021-04-29-2213]4月29日指数估值数据A股整体上涨价值风格出色.md,https://drive.google.com/file/d/1Vmjpj1e2D-kM8kYfcCOSArz91x9a0-zt/view?usp=drivesdk,no_exact_text_evidence,,,,原创 银行螺丝钉 银行螺丝钉 银行螺丝钉 _2021年04月29日 22:13_ __ _ _ _ _ 在小说阅读器读本章 去阅读 **文 | 银行螺丝钉 （转载请注明出处）** 关注公众号：定投十年赚十倍 同名微博：@银行螺丝钉 [ ![](images/[2021-04-29-2213]4月29日指数估值数据A股整体上涨价值风格出色/img_44153d38d298e2ad133cad68.png) ](http://mp.weixin.qq.com/s?__biz=MzAwNzQ5ODk3Nw==&mid=2651044011&idx=1&sn=bed5207f645481d3a23d82ba0af58be1&chksm=80,pending_manual_or_image_review,Drive/2021/[2021-04-29-2213]4月29日指数估值数据A股整体上涨价值风格出色.md
2021-04-30,A股,1u8SvokZHDa5fhFBkXw7jiEjYh0sWphad,[2021-04-30-2155]4月30日指数估值数据距离4星级一步之遥.md,https://drive.google.com/file/d/1u8SvokZHDa5fhFBkXw7jiEjYh0sWphad/view?usp=drivesdk,no_exact_text_evidence,,,,原创 银行螺丝钉 银行螺丝钉 银行螺丝钉 _2021年04月30日 21:55_ __ _ _ _ _ 在小说阅读器读本章 去阅读 **文 | 银行螺丝钉 （转载请注明出处）** 关注公众号：定投十年赚十倍 同名微博：@银行螺丝钉 [ ![](images/[2021-04-30-2155]4月30日指数估值数据距离4星级一步之遥/img_44153d38d298e2ad133cad68.png) ](http://mp.weixin.qq.com/s?__biz=MzAwNzQ5ODk3Nw==&mid=2651044011&idx=1&sn=bed5207f645481d3a23d82ba0af58be1&chksm=808a2,pending_manual_or_image_review,Drive/2021/[2021-04-30-2155]4月30日指数估值数据距离4星级一步之遥.md
2021-05-05,A股,1v_Bzc2niRg3kUobvSotMi3FbjoIsy-IG,[2021-05-05-2153]5月5日指数估值数据假期港美股下跌.md,https://drive.google.com/file/d/1v_Bzc2niRg3kUobvSotMi3FbjoIsy-IG/view?usp=drivesdk,no_exact_text_evidence,,,,原创 银行螺丝钉 银行螺丝钉 银行螺丝钉 _2021年05月05日 21:53_ __ _ _ _ _ 在小说阅读器读本章 去阅读 **文 | 银行螺丝钉 （转载请注明出处）** 关注公众号：定投十年赚十倍 同名微博：@银行螺丝钉 [ ![](images/[2021-05-05-2153]5月5日指数估值数据假期港美股下跌/img_44153d38d298e2ad133cad68.png) ](http://mp.weixin.qq.com/s?__biz=MzAwNzQ5ODk3Nw==&mid=2651044011&idx=1&sn=bed5207f645481d3a23d82ba0af58be1&chksm=808a2525,pending_manual_or_image_review,Drive/2021/[2021-05-05-2153]5月5日指数估值数据假期港美股下跌.md
2021-05-06,A股,1T3Qe7PDVubz_4FswfzSS3e3E-A0zGKCh,[2021-05-06-2231]5月6日指数估值数据距离4星级一步之遥.md,https://drive.google.com/file/d/1T3Qe7PDVubz_4FswfzSS3e3E-A0zGKCh/view?usp=drivesdk,integer_regime_only,,,4,收盘的时候，刚好在4星级,coarse_integer_not_exact,Drive/2021/[2021-05-06-2231]5月6日指数估值数据距离4星级一步之遥.md
2021-05-07,A股,1MSUKPzXCw4AJyCUQ9YeSRjeuUtJ4jRrz,[2021-05-07-2222]5月7日指数估值数据又回到4星级.md,https://drive.google.com/file/d/1MSUKPzXCw4AJyCUQ9YeSRjeuUtJ4jRrz/view?usp=drivesdk,integer_regime_only,,,4,回到4星级,coarse_integer_not_exact,Drive/2021/[2021-05-07-2222]5月7日指数估值数据又回到4星级.md
2021-05-10,A股,1uw9zoX2URqJd25UMNqwyjy6Mh7zRgsKb,[2021-05-10-2215]5月10日指数估值数据红利医疗上涨中概下跌.md,https://drive.google.com/file/d/1uw9zoX2URqJd25UMNqwyjy6Mh7zRgsKb/view?usp=drivesdk,integer_regime_only,,,4,还在4星级,coarse_integer_not_exact,Drive/2021/[2021-05-10-2215]5月10日指数估值数据红利医疗上涨中概下跌.md
2021-05-11,A股,1mMV5eYRhv3veWyvQum7oJrP78qydBHQ2,[2021-05-11-2211]5月11日指数估值数据螺丝钉定投实盘第175期.md,https://drive.google.com/file/d/1mMV5eYRhv3veWyvQum7oJrP78qydBHQ2/view?usp=drivesdk,integer_regime_only,,,4,收盘，A股还是4星级,coarse_integer_not_exact,Drive/2021/[2021-05-11-2211]5月11日指数估值数据螺丝钉定投实盘第175期.md
2021-05-13,A股,1ubbVx7v169Rpxm_1VykGsY1k4gE0aITg,[2021-05-13-2214]5月13日指数估值数据医疗连续4天上涨.md,https://drive.google.com/file/d/1ubbVx7v169Rpxm_1VykGsY1k4gE0aITg/view?usp=drivesdk,integer_regime_only,,,4,今天A股市场整体下跌，又回到了4星级,coarse_integer_not_exact,Drive/2021/[2021-05-13-2214]5月13日指数估值数据医疗连续4天上涨.md
2021-05-18,A股,1HEnJ03uljhjqjaeTLGomuLVoi60cDxbQ,[2021-05-18-2205]5月18日指数估值数据螺丝钉定投实盘第176期.md,https://drive.google.com/file/d/1HEnJ03uljhjqjaeTLGomuLVoi60cDxbQ/view?usp=drivesdk,integer_regime_only,,,4,回到4星级,coarse_integer_not_exact,Drive/2021/[2021-05-18-2205]5月18日指数估值数据螺丝钉定投实盘第176期.md
2021-05-19,A股,10lnK5s0sAh7X-dsNI9ysndwbcsM3E78D,[2021-05-19-2207]5月19日指数估值数据场内基金的溢价风险.md,https://drive.google.com/file/d/10lnK5s0sAh7X-dsNI9ysndwbcsM3E78D/view?usp=drivesdk,integer_regime_only,,,4,今天A股市场整体下跌，不过跌幅并不大，所以还没回到4星级,coarse_integer_not_exact,Drive/2021/[2021-05-19-2207]5月19日指数估值数据场内基金的溢价风险.md
2021-05-21,A股,1w5c6yOBk2LwCMbNcf9_ilKLXigJhcvCA,[2021-05-21-2220]5月21日指数估值数据耐心等待机会.md,https://drive.google.com/file/d/1w5c6yOBk2LwCMbNcf9_ilKLXigJhcvCA/view?usp=drivesdk,integer_regime_only,,,4,今天A股市场整体微跌，不过跌幅不大，还没回到4星级,coarse_integer_not_exact,Drive/2021/[2021-05-21-2220]5月21日指数估值数据耐心等待机会.md
2021-05-25,A股,1hZ6PYFvBhGTHFOQx0__L0CCr5WGjIJbm,[2021-05-25-2211]5月25日指数估值数据股债双牛螺丝钉定投实盘第177期.md,https://drive.google.com/file/d/1hZ6PYFvBhGTHFOQx0__L0CCr5WGjIJbm/view?usp=drivesdk,no_exact_text_evidence,,,,原创 银行螺丝钉 银行螺丝钉 银行螺丝钉 _2021年05月25日 22:11_ __ _ _ _ _ 在小说阅读器读本章 去阅读 **文 | 银行螺丝钉 （转载请注明出处）** 同名微博：@银行螺丝钉 [ ![](images/[2021-05-25-2211]5月25日指数估值数据股债双牛螺丝钉定投实盘第177期/img_44153d38d298e2ad133cad68.png) ](http://mp.weixin.qq.com/s?__biz=MzAwNzQ5ODk3Nw==&mid=2651044011&idx=1&sn=bed5207f645481d3a23d82ba0af58be1&chksm=808a2525b7fd,pending_manual_or_image_review,Drive/2021/[2021-05-25-2211]5月25日指数估值数据股债双牛螺丝钉定投实盘第177期.md
2021-05-28,A股,1ZcLeFDln5Mk6eYXsexCq6iSOg34eiRCM,[2021-05-28-2215]5月28日指数估值数据又有百亿新基金了.md,https://drive.google.com/file/d/1ZcLeFDln5Mk6eYXsexCq6iSOg34eiRCM/view?usp=drivesdk,integer_regime_only,,,4,回到4星级,coarse_integer_not_exact,Drive/2021/[2021-05-28-2215]5月28日指数估值数据又有百亿新基金了.md
2021-06-01,A股,1AQ4AoJ6iyR8MYgbeojdky1no7EuS5QuD,[2021-06-01-2209]6月1日指数估值数据螺丝钉定投实盘第178期.md,https://drive.google.com/file/d/1AQ4AoJ6iyR8MYgbeojdky1no7EuS5QuD/view?usp=drivesdk,no_exact_text_evidence,,,,原创 银行螺丝钉 银行螺丝钉 银行螺丝钉 _2021年06月01日 22:09_ __ _ _ _ _ 在小说阅读器读本章 去阅读 **文 | 银行螺丝钉 （转载请注明出处）** 同名微博：@银行螺丝钉 [ ![](images/[2021-06-01-2209]6月1日指数估值数据螺丝钉定投实盘第178期/img_44153d38d298e2ad133cad68.png) ](http://mp.weixin.qq.com/s?__biz=MzAwNzQ5ODk3Nw==&mid=2651044011&idx=1&sn=bed5207f645481d3a23d82ba0af58be1&chksm=808a2525b7fdac33f,pending_manual_or_image_review,Drive/2021/[2021-06-01-2209]6月1日指数估值数据螺丝钉定投实盘第178期.md
2021-06-03,A股,1xB-jFi2jXxHYs0CnHBowwc1bUGX5yGU3,[2021-06-03-2230]6月3日指数估值数据又有外汇额度了.md,https://drive.google.com/file/d/1xB-jFi2jXxHYs0CnHBowwc1bUGX5yGU3/view?usp=drivesdk,no_exact_text_evidence,,,,原创 银行螺丝钉 银行螺丝钉 银行螺丝钉 _2021年06月03日 22:30_ __ _ _ _ _ 在小说阅读器读本章 去阅读 **文 | 银行螺丝钉 （转载请注明出处）** 同名微博：@银行螺丝钉 [ ![](images/[2021-06-03-2230]6月3日指数估值数据又有外汇额度了/img_44153d38d298e2ad133cad68.png) ](http://mp.weixin.qq.com/s?__biz=MzAwNzQ5ODk3Nw==&mid=2651044011&idx=1&sn=bed5207f645481d3a23d82ba0af58be1&chksm=808a2525b7fdac33f90817,pending_manual_or_image_review,Drive/2021/[2021-06-03-2230]6月3日指数估值数据又有外汇额度了.md
2021-06-15,A股,1IxAj_ZStcryskanNTVEqbff-0u6E1jrf,[2021-06-15-2221]6月15日指数估值数据螺丝钉定投实盘第180期.md,https://drive.google.com/file/d/1IxAj_ZStcryskanNTVEqbff-0u6E1jrf/view?usp=drivesdk,no_exact_text_evidence,,,,原创 银行螺丝钉 银行螺丝钉 银行螺丝钉 _2021年06月15日 22:21_ __ _ _ _ _ 在小说阅读器读本章 去阅读 **文 | 银行螺丝钉 （转载请注明出处）** 同名微博：@银行螺丝钉 [ ![](images/[2021-06-15-2221]6月15日指数估值数据螺丝钉定投实盘第180期/img_44153d38d298e2ad133cad68.png) ](http://mp.weixin.qq.com/s?__biz=MzAwNzQ5ODk3Nw==&mid=2651044011&idx=1&sn=bed5207f645481d3a23d82ba0af58be1&chksm=808a2525b7fdac33,pending_manual_or_image_review,Drive/2021/[2021-06-15-2221]6月15日指数估值数据螺丝钉定投实盘第180期.md
2021-06-16,A股,1Yjs433CR2mm4GBew52ii4fPiflgQ3J6w,[2021-06-16-2213]6月16日指数估值数据回到4星级了.md,https://drive.google.com/file/d/1Yjs433CR2mm4GBew52ii4fPiflgQ3J6w/view?usp=drivesdk,integer_regime_only,,,4,回到4星级,coarse_integer_not_exact,Drive/2021/[2021-06-16-2213]6月16日指数估值数据回到4星级了.md
2021-06-17,A股,1mIzShsZ9W1DV2zlPTXac-VC0fAdqpZyv,[2021-06-17-2205]6月17日指数估值数据今天4星级明天涨了怎么办.md,https://drive.google.com/file/d/1mIzShsZ9W1DV2zlPTXac-VC0fAdqpZyv/view?usp=drivesdk,integer_regime_only,,,4,收盘价，今天刚好在4星级,coarse_integer_not_exact,Drive/2021/[2021-06-17-2205]6月17日指数估值数据今天4星级明天涨了怎么办.md
2021-06-21,A股,1dfKP1w7D7d2B0u6llYJgDyLC_rQmdeBs,[2021-06-21-2211]6月21日指数估值数据500上涨为啥估值却降低了.md,https://drive.google.com/file/d/1dfKP1w7D7d2B0u6llYJgDyLC_rQmdeBs/view?usp=drivesdk,integer_regime_only,,,4,到收盘，还是在接近4星级,coarse_integer_not_exact,Drive/2021/[2021-06-21-2211]6月21日指数估值数据500上涨为啥估值却降低了.md
2021-06-23,A股,1RMd4IfBj4qFSgp3N9eLvzlSviK1bOtVA,[2021-06-23-2218]6月23日指数估值数据中概股反弹.md,https://drive.google.com/file/d/1RMd4IfBj4qFSgp3N9eLvzlSviK1bOtVA/view?usp=drivesdk,integer_regime_only,,,3,涨到3星级,coarse_integer_not_exact,Drive/2021/[2021-06-23-2218]6月23日指数估值数据中概股反弹.md
2021-06-29,A股,1l0KJX2INAfOUfIvyYeKKX3wrJpcd5QbQ,[2021-06-29-2220]6月29日指数估值数据螺丝钉定投实盘第182期.md,https://drive.google.com/file/d/1l0KJX2INAfOUfIvyYeKKX3wrJpcd5QbQ/view?usp=drivesdk,no_exact_text_evidence,,,,原创 银行螺丝钉 银行螺丝钉 银行螺丝钉 _2021年06月29日 22:20_ __ _ _ _ _ 在小说阅读器读本章 去阅读 **文 | 银行螺丝钉 （转载请注明出处）** 同名微博：@银行螺丝钉 [ ![](images/[2021-06-29-2220]6月29日指数估值数据螺丝钉定投实盘第182期/img_44153d38d298e2ad133cad68.png) ](http://mp.weixin.qq.com/s?__biz=MzAwNzQ5ODk3Nw==&mid=2651044011&idx=1&sn=bed5207f645481d3a23d82ba0af58be1&chksm=808a2525b7fdac33,pending_manual_or_image_review,Drive/2021/[2021-06-29-2220]6月29日指数估值数据螺丝钉定投实盘第182期.md
2021-06-30,A股,106v4Ajj5eCpQVgz83H_6UI-MEwoYhlA6,[2021-06-30-2223]6月30日指数估值数据上半年最后一个交易日.md,https://drive.google.com/file/d/106v4Ajj5eCpQVgz83H_6UI-MEwoYhlA6/view?usp=drivesdk,no_exact_text_evidence,,,,原创 银行螺丝钉 银行螺丝钉 银行螺丝钉 _2021年06月30日 22:23_ __ _ _ _ _ 在小说阅读器读本章 去阅读 **文 | 银行螺丝钉 （转载请注明出处）** 同名微博：@银行螺丝钉 [ ![](images/[2021-06-30-2223]6月30日指数估值数据上半年最后一个交易日/img_44153d38d298e2ad133cad68.png) ](http://mp.weixin.qq.com/s?__biz=MzAwNzQ5ODk3Nw==&mid=2651044011&idx=1&sn=bed5207f645481d3a23d82ba0af58be1&chksm=808a2525b7fdac33f9,pending_manual_or_image_review,Drive/2021/[2021-06-30-2223]6月30日指数估值数据上半年最后一个交易日.md
2021-07-02,A股,1Pa7FE7KQt55wRoY8pFKRKDxNCYCGgcFW,[2021-07-02-2207]7月2日指数估值数据距离4星级一步之遥.md,https://drive.google.com/file/d/1Pa7FE7KQt55wRoY8pFKRKDxNCYCGgcFW/view?usp=drivesdk,integer_regime_only,,,4,回到了4星级,coarse_integer_not_exact,Drive/2021/[2021-07-02-2207]7月2日指数估值数据距离4星级一步之遥.md
2021-07-14,A股,1_s7cky27j4E6SW5CwEld4MaVIq_jGkUv,[2021-07-14-2228]7月14日指数估值数据风格的互补.md,https://drive.google.com/file/d/1_s7cky27j4E6SW5CwEld4MaVIq_jGkUv/view?usp=drivesdk,no_exact_text_evidence,,,,原创 银行螺丝钉 银行螺丝钉 银行螺丝钉 _2021年07月14日 22:28_ __ _ _ _ _ 在小说阅读器读本章 去阅读 **文 | 银行螺丝钉 （转载请注明出处）** 同名微博：@银行螺丝钉 [ ![](images/[2021-07-14-2228]7月14日指数估值数据风格的互补/img_44153d38d298e2ad133cad68.png) ](http://mp.weixin.qq.com/s?__biz=MzAwNzQ5ODk3Nw==&mid=2651044011&idx=1&sn=bed5207f645481d3a23d82ba0af58be1&chksm=808a2525b7fdac33f908173,pending_manual_or_image_review,Drive/2021/[2021-07-14-2228]7月14日指数估值数据风格的互补.md
2021-07-16,A股,1sXYj_8FLeZwjzBO_IDjBkS66-wK8gmQT,[2021-07-16-2208]7月16日指数估值数据医疗消费下跌.md,https://drive.google.com/file/d/1sXYj_8FLeZwjzBO_IDjBkS66-wK8gmQT/view?usp=drivesdk,no_exact_text_evidence,,,,原创 银行螺丝钉 银行螺丝钉 银行螺丝钉 _2021年07月16日 22:08_ __ _ _ _ _ 在小说阅读器读本章 去阅读 **文 | 银行螺丝钉 （转载请注明出处）** 同名微博：@银行螺丝钉 [ ![](images/[2021-07-16-2208]7月16日指数估值数据医疗消费下跌/img_44153d38d298e2ad133cad68.png) ](http://mp.weixin.qq.com/s?__biz=MzAwNzQ5ODk3Nw==&mid=2651044011&idx=1&sn=bed5207f645481d3a23d82ba0af58be1&chksm=808a2525b7fdac33f90817,pending_manual_or_image_review,Drive/2021/[2021-07-16-2208]7月16日指数估值数据医疗消费下跌.md
2021-07-23,A股,15DX5jAfy8XMy13DORvu9Pq9TCsc2mDhs,[2021-07-23-2227]7月23日指数估值数据教育股单日大跌30.md,https://drive.google.com/file/d/15DX5jAfy8XMy13DORvu9Pq9TCsc2mDhs/view?usp=drivesdk,integer_regime_only,,,4,回到4星级,coarse_integer_not_exact,Drive/2021/[2021-07-23-2227]7月23日指数估值数据教育股单日大跌30.md
2021-07-26,A股,1pnVxk-ksce5FSbdkvS0NLyf6NINZY8f6,[2021-07-26-2212]7月26日指数估值数据长期投资不缺机会缺钱.md,https://drive.google.com/file/d/1pnVxk-ksce5FSbdkvS0NLyf6NINZY8f6/view?usp=drivesdk,integer_regime_only,,,4,目前处于4星级,coarse_integer_not_exact,Drive/2021/[2021-07-26-2212]7月26日指数估值数据长期投资不缺机会缺钱.md
2021-07-27,A股,17_XnqnInsQGUEE3P-346jIPqMc5tX518,[2021-07-27-2212]7月27日指数估值数据4星级来啦该如何投资螺丝钉定投实盘第189期.md,https://drive.google.com/file/d/17_XnqnInsQGUEE3P-346jIPqMc5tX518/view?usp=drivesdk,integer_regime_only,,,4,今天市场也回到了4星级,coarse_integer_not_exact,Drive/2021/[2021-07-27-2212]7月27日指数估值数据4星级来啦该如何投资螺丝钉定投实盘第189期.md
2021-07-28,A股,1beZ3eenfP0FVgzvmbbweKBCaoSy3j22d,[2021-07-28-2206]7月28日指数估值数据医疗中概股反弹.md,https://drive.google.com/file/d/1beZ3eenfP0FVgzvmbbweKBCaoSy3j22d/view?usp=drivesdk,integer_regime_only,,,4,目前还是在4星级,coarse_integer_not_exact,Drive/2021/[2021-07-28-2206]7月28日指数估值数据医疗中概股反弹.md
2021-07-29,A股,1fmS-GrJoW-A_Ffo6E_bcnekQoBuA7m5M,[2021-07-29-2238]7月29日指数估值数据大反弹.md,https://drive.google.com/file/d/1fmS-GrJoW-A_Ffo6E_bcnekQoBuA7m5M/view?usp=drivesdk,integer_regime_only,,,4,目前还是在4星级,coarse_integer_not_exact,Drive/2021/[2021-07-29-2238]7月29日指数估值数据大反弹.md
2021-07-30,A股,1aERvzkof-b_VzsgLgIUcDeJouur6UQb0,[2021-07-30-2201]7月30日指数估值数据白酒下跌64.md,https://drive.google.com/file/d/1aERvzkof-b_VzsgLgIUcDeJouur6UQb0/view?usp=drivesdk,integer_regime_only,,,4,今天市场整体下跌，目前还是在4星级,coarse_integer_not_exact,Drive/2021/[2021-07-30-2201]7月30日指数估值数据白酒下跌64.md
2021-08-03,A股,1b8eZG5MIyaPP0hk7JfE8U2qdiU1AzwCD,[2021-08-03-2205]8月3日指数估值数据螺丝钉定投实盘第191期.md,https://drive.google.com/file/d/1b8eZG5MIyaPP0hk7JfE8U2qdiU1AzwCD/view?usp=drivesdk,integer_regime_only,,,4,今天市场整体下跌，下跌后，刚好在4星级,coarse_integer_not_exact,Drive/2021/[2021-08-03-2205]8月3日指数估值数据螺丝钉定投实盘第191期.md
2021-08-17,A股,1VBwZYFCSOCJmuwGbyO8V7UTt7lfoCvc4,[2021-08-17-2241]8月17日指数估值数据重回4星级amp螺丝钉定投实盘第194期.md,https://drive.google.com/file/d/1VBwZYFCSOCJmuwGbyO8V7UTt7lfoCvc4/view?usp=drivesdk,integer_regime_only,,,4,今天市场出现较大波动，大盘也重新回到了4星级,coarse_integer_not_exact,Drive/2021/[2021-08-17-2241]8月17日指数估值数据重回4星级amp螺丝钉定投实盘第194期.md
2021-08-20,A股,1p3Lk3P8-WPNaM6pU8w7k6tbjrruSba53,[2021-08-20-2215]8月20日指数估值数据耐心是投资者最好的美德.md,https://drive.google.com/file/d/1p3Lk3P8-WPNaM6pU8w7k6tbjrruSba53/view?usp=drivesdk,integer_regime_only,,,4,今天市场整体下跌，也再次回到了4星级,coarse_integer_not_exact,Drive/2021/[2021-08-20-2215]8月20日指数估值数据耐心是投资者最好的美德.md
2021-08-31,A股,1VxD3VEKTy8q-1gayDmWkApMKuV66-CJP,[2021-08-31-2218]8月31日指数估值数据螺丝钉定投实盘第198期.md,https://drive.google.com/file/d/1VxD3VEKTy8q-1gayDmWkApMKuV66-CJP/view?usp=drivesdk,integer_regime_only,,,4,回到了4星级,coarse_integer_not_exact,Drive/2021/[2021-08-31-2218]8月31日指数估值数据螺丝钉定投实盘第198期.md
2021-09-06,A股,1EBQCuxruEgRhxwMBn-e5GH1i7d2f6XFD,[2021-09-06-2225]9月6日指数估值数据医药行业大反弹.md,https://drive.google.com/file/d/1EBQCuxruEgRhxwMBn-e5GH1i7d2f6XFD/view?usp=drivesdk,no_exact_text_evidence,,,,原创 银行螺丝钉 银行螺丝钉 银行螺丝钉 _2021年09月06日 22:25_ __ _ _ _ _ 在小说阅读器读本章 去阅读 **文 | 银行螺丝钉 （转载请注明出处）** [ ![](images/[2021-09-06-2225]9月6日指数估值数据医药行业大反弹/img_44153d38d298e2ad133cad68.png) ](http://mp.weixin.qq.com/s?__biz=MzAwNzQ5ODk3Nw==&mid=2651044011&idx=1&sn=bed5207f645481d3a23d82ba0af58be1&chksm=808a2525b7fdac33f9081732e433568210,pending_manual_or_image_review,Drive/2021/[2021-09-06-2225]9月6日指数估值数据医药行业大反弹.md
2021-09-08,A股,1KHPFKgCpQCERE7GgjamVLMASZy3UppHi,[2021-09-08-2218]9月8日指数估值数据人弃我取人取我予.md,https://drive.google.com/file/d/1KHPFKgCpQCERE7GgjamVLMASZy3UppHi/view?usp=drivesdk,no_exact_text_evidence,,,,原创 银行螺丝钉 银行螺丝钉 银行螺丝钉 _2021年09月08日 22:18_ __ _ _ _ _ 在小说阅读器读本章 去阅读 **文 | 银行螺丝钉 （转载请注明出处）** [ ![](images/[2021-09-08-2218]9月8日指数估值数据人弃我取人取我予/img_44153d38d298e2ad133cad68.png) ](http://mp.weixin.qq.com/s?__biz=MzAwNzQ5ODk3Nw==&mid=2651044011&idx=1&sn=bed5207f645481d3a23d82ba0af58be1&chksm=808a2525b7fdac33f9081732e43356821,pending_manual_or_image_review,Drive/2021/[2021-09-08-2218]9月8日指数估值数据人弃我取人取我予.md
2021-09-09,A股,1nU9lDRP0JDT7CmSBnZz5uh1v4lrTD457,[2021-09-09-2233]9月9日指数估值数据游戏股下跌红利500继续上涨.md,https://drive.google.com/file/d/1nU9lDRP0JDT7CmSBnZz5uh1v4lrTD457/view?usp=drivesdk,no_exact_text_evidence,,,,原创 银行螺丝钉 银行螺丝钉 银行螺丝钉 _2021年09月09日 22:33_ __ _ _ _ _ 在小说阅读器读本章 去阅读 **文 | 银行螺丝钉 （转载请注明出处）** [ ![](images/[2021-09-09-2233]9月9日指数估值数据游戏股下跌红利500继续上涨/img_44153d38d298e2ad133cad68.png) ](http://mp.weixin.qq.com/s?__biz=MzAwNzQ5ODk3Nw==&mid=2651044011&idx=1&sn=bed5207f645481d3a23d82ba0af58be1&chksm=808a2525b7fdac33f9081732e43,pending_manual_or_image_review,Drive/2021/[2021-09-09-2233]9月9日指数估值数据游戏股下跌红利500继续上涨.md
2021-09-10,A股,1puQcgBN9CfjCpYpAQ74gT2QxqBWP-IUW,[2021-09-10-2228]9月10日指数估值数据教师节快乐.md,https://drive.google.com/file/d/1puQcgBN9CfjCpYpAQ74gT2QxqBWP-IUW/view?usp=drivesdk,no_exact_text_evidence,,,,原创 银行螺丝钉 银行螺丝钉 银行螺丝钉 _2021年09月10日 22:28_ __ _ _ _ _ 在小说阅读器读本章 去阅读 **文 | 银行螺丝钉 （转载请注明出处）** [ ![](images/[2021-09-10-2228]9月10日指数估值数据教师节快乐/img_44153d38d298e2ad133cad68.png) ](http://mp.weixin.qq.com/s?__biz=MzAwNzQ5ODk3Nw==&mid=2651044011&idx=1&sn=bed5207f645481d3a23d82ba0af58be1&chksm=808a2525b7fdac33f9081732e4335682106,pending_manual_or_image_review,Drive/2021/[2021-09-10-2228]9月10日指数估值数据教师节快乐.md
2021-09-17,A股,1yuBaYN1i-X6FfCOWfE6gAJR4BmjoZ2kb,[2021-09-17-2239]9月17日指数估值数据跷跷板行情.md,https://drive.google.com/file/d/1yuBaYN1i-X6FfCOWfE6gAJR4BmjoZ2kb/view?usp=drivesdk,integer_regime_only,,,4,今天市场微涨，波动不大，还是处于4星级,coarse_integer_not_exact,Drive/2021/[2021-09-17-2239]9月17日指数估值数据跷跷板行情.md
2021-09-21,A股,1GupSzz95P8rOrc84R8u3jXLZzO5mJAHP,[2021-09-21-2227]9月21日指数估值数据假期里的波动.md,https://drive.google.com/file/d/1GupSzz95P8rOrc84R8u3jXLZzO5mJAHP/view?usp=drivesdk,no_exact_text_evidence,,,,原创 银行螺丝钉 银行螺丝钉 银行螺丝钉 _2021年09月21日 22:27_ __ _ _ _ _ 在小说阅读器读本章 去阅读 **文 | 银行螺丝钉 （转载请注明出处）** [ ![](images/[2021-09-21-2227]9月21日指数估值数据假期里的波动/img_44153d38d298e2ad133cad68.png) ](http://mp.weixin.qq.com/s?__biz=MzAwNzQ5ODk3Nw==&mid=2651044011&idx=1&sn=bed5207f645481d3a23d82ba0af58be1&chksm=808a2525b7fdac33f9081732e433568210,pending_manual_or_image_review,Drive/2021/[2021-09-21-2227]9月21日指数估值数据假期里的波动.md
2021-09-23,A股,1tQtPPXbuRPBpLrc6oMsBqXH8ANb97cSu,[2021-09-23-2216]9月23日指数估值数据债基分红.md,https://drive.google.com/file/d/1tQtPPXbuRPBpLrc6oMsBqXH8ANb97cSu/view?usp=drivesdk,no_exact_text_evidence,,,,原创 银行螺丝钉 银行螺丝钉 银行螺丝钉 _2021年09月23日 22:16_ __ _ _ _ _ 在小说阅读器读本章 去阅读 **文 | 银行螺丝钉 （转载请注明出处）** [ ![](images/[2021-09-23-2216]9月23日指数估值数据债基分红/img_44153d38d298e2ad133cad68.png) ](http://mp.weixin.qq.com/s?__biz=MzAwNzQ5ODk3Nw==&mid=2651044011&idx=1&sn=bed5207f645481d3a23d82ba0af58be1&chksm=808a2525b7fdac33f9081732e43356821068,pending_manual_or_image_review,Drive/2021/[2021-09-23-2216]9月23日指数估值数据债基分红.md
2021-10-07,A股,1P9FpGAuzA3lj9y99E_oIzNoN9LUxv0Mp,[2021-10-07-2224]10月7日指数估值数据回顾假期里的波动.md,https://drive.google.com/file/d/1P9FpGAuzA3lj9y99E_oIzNoN9LUxv0Mp/view?usp=drivesdk,integer_regime_only,,,4,回到了4星级,coarse_integer_not_exact,Drive/2021/[2021-10-07-2224]10月7日指数估值数据回顾假期里的波动.md
2021-10-08,A股,1zRxRi6DSq9OhZVTixIpZKgtsMYQ_d91e,[2021-10-08-2214]10月8日指数估值数据消费龙头上涨近3.md,https://drive.google.com/file/d/1zRxRi6DSq9OhZVTixIpZKgtsMYQ_d91e/view?usp=drivesdk,integer_regime_only,,,4,今天市场整体上涨，上涨后还是在4星级,coarse_integer_not_exact,Drive/2021/[2021-10-08-2214]10月8日指数估值数据消费龙头上涨近3.md
2021-10-11,A股,1tiH_Tfnqg3IsiDJHqeytCcuyBEn6n0pR,[2021-10-11-2242]10月11日指数估值数据中概股继续反弹.md,https://drive.google.com/file/d/1tiH_Tfnqg3IsiDJHqeytCcuyBEn6n0pR/view?usp=drivesdk,integer_regime_only,,,4,今天市场整体微跌，目前还是在4星级,coarse_integer_not_exact,Drive/2021/[2021-10-11-2242]10月11日指数估值数据中概股继续反弹.md
2021-10-12,A股,1G-NvDUNpQyLsRuE8by0O2e96FLekcho7,[2021-10-12-2227]10月12日指数估值数据螺丝钉定投实盘第203期.md,https://drive.google.com/file/d/1G-NvDUNpQyLsRuE8by0O2e96FLekcho7/view?usp=drivesdk,integer_regime_only,,,4,今天市场出现了一些波动，目前还是在4星级,coarse_integer_not_exact,Drive/2021/[2021-10-12-2227]10月12日指数估值数据螺丝钉定投实盘第203期.md
2021-10-13,A股,1gLDhvOdbUwunpN_WVY3VBst7yhc3vzVE,[2021-10-13-2219]10月13日指数估值数据消费医疗上涨.md,https://drive.google.com/file/d/1gLDhvOdbUwunpN_WVY3VBst7yhc3vzVE/view?usp=drivesdk,integer_regime_only,,,4,目前还是在4星级,coarse_integer_not_exact,Drive/2021/[2021-10-13-2219]10月13日指数估值数据消费医疗上涨.md
2021-10-14,A股,1jH5a_MgxqJXfCqVRwdMgr4ISqWlCvHpD,[2021-10-14-2227]10月14日指数估值数据500指数低估程度如何.md,https://drive.google.com/file/d/1jH5a_MgxqJXfCqVRwdMgr4ISqWlCvHpD/view?usp=drivesdk,integer_regime_only,,,4,今天市场整体波动不大，还是4星级,coarse_integer_not_exact,Drive/2021/[2021-10-14-2227]10月14日指数估值数据500指数低估程度如何.md
2021-10-15,A股,147NoKBNGGvU0F9Rf3cI2_HIdAwUQJAs2,[2021-10-15-2219]10月15日指数估值数据十年期国债收益率重回3.md,https://drive.google.com/file/d/147NoKBNGGvU0F9Rf3cI2_HIdAwUQJAs2/view?usp=drivesdk,integer_regime_only,,,4,今天市场整体波动不大，还是在4星级,coarse_integer_not_exact,Drive/2021/[2021-10-15-2219]10月15日指数估值数据十年期国债收益率重回3.md
2021-10-18,A股,1Bc2V2JjTW3cGC_8y5gtPecLFo_Q-HrSI,[2021-10-18-2215]10月18日指数估值数据白酒指数回撤73.md,https://drive.google.com/file/d/1Bc2V2JjTW3cGC_8y5gtPecLFo_Q-HrSI/view?usp=drivesdk,integer_regime_only,,,4,今天市场整体微跌，目前还是在4星级,coarse_integer_not_exact,Drive/2021/[2021-10-18-2215]10月18日指数估值数据白酒指数回撤73.md
2021-10-27,A股,1Tuj9isimTYzV35D1brLzqpvjUhDA5pbC,[2021-10-27-2237]10月27日指数估值数据回到了4星级.md,https://drive.google.com/file/d/1Tuj9isimTYzV35D1brLzqpvjUhDA5pbC/view?usp=drivesdk,integer_regime_only,,,4,回到了4星级,coarse_integer_not_exact,Drive/2021/[2021-10-27-2237]10月27日指数估值数据回到了4星级.md
2021-10-28,A股,1ermm-w8ab6yx-Bh3QDq0k2SmMO4AuioX,[2021-10-28-2232]10月28日指数估值数据大小盘风格轮动分析.md,https://drive.google.com/file/d/1ermm-w8ab6yx-Bh3QDq0k2SmMO4AuioX/view?usp=drivesdk,integer_regime_only,,,4,今天市场整体回调，目前还是在4星级,coarse_integer_not_exact,Drive/2021/[2021-10-28-2232]10月28日指数估值数据大小盘风格轮动分析.md
2021-10-29,A股,1sEzr9JH6hgP0lQQDiUeXejbWwMoKEIaX,[2021-10-29-2235]10月29日指数估值数据医疗指数上涨2新基金遇冷.md,https://drive.google.com/file/d/1sEzr9JH6hgP0lQQDiUeXejbWwMoKEIaX/view?usp=drivesdk,integer_regime_only,,,4,今天大盘整体上涨，目前还是在4星级,coarse_integer_not_exact,Drive/2021/[2021-10-29-2235]10月29日指数估值数据医疗指数上涨2新基金遇冷.md
2021-11-01,A股,1ATTuwPvNFzqG7aMRrH0u-jBe3wFdlCPC,[2021-11-01-2250]11月1日指数估值数据价值风格表现稳定.md,https://drive.google.com/file/d/1ATTuwPvNFzqG7aMRrH0u-jBe3wFdlCPC/view?usp=drivesdk,integer_regime_only,,,4,今天大盘整体波动不大，还是在4星级,coarse_integer_not_exact,Drive/2021/[2021-11-01-2250]11月1日指数估值数据价值风格表现稳定.md
2021-11-02,A股,1TEMbgY-P8GOhXddRJXYKJebC1mlZMM6e,[2021-11-02-2233]11月2日指数估值数据螺丝钉定投实盘第207期amp45星级到了么.md,https://drive.google.com/file/d/1TEMbgY-P8GOhXddRJXYKJebC1mlZMM6e/view?usp=drivesdk,integer_regime_only,,,4,今天市场波动比较大，目前还是在4星级,coarse_integer_not_exact,Drive/2021/[2021-11-02-2233]11月2日指数估值数据螺丝钉定投实盘第207期amp45星级到了么.md
2021-11-03,A股,1vGRacid4sb5Zsv9IInGROakzTk17Y4br,[2021-11-03-2259]11月3日指数估值数据医疗生物科技上涨amp新组合来袭.md,https://drive.google.com/file/d/1vGRacid4sb5Zsv9IInGROakzTk17Y4br/view?usp=drivesdk,integer_regime_only,,,4,今天大盘整体比较低迷，还是在4星级,coarse_integer_not_exact,Drive/2021/[2021-11-03-2259]11月3日指数估值数据医疗生物科技上涨amp新组合来袭.md
2021-11-05,A股,1EjUUYe3qp4ZjK0f_qQx4TbB9hlIXOY5Y,[2021-11-05-2248]11月5日指数估值数据公众号定位升级.md,https://drive.google.com/file/d/1EjUUYe3qp4ZjK0f_qQx4TbB9hlIXOY5Y/view?usp=drivesdk,integer_regime_only,,,4,今天大盘先涨后回调，整体还是在4星级,coarse_integer_not_exact,Drive/2021/[2021-11-05-2248]11月5日指数估值数据公众号定位升级.md
2021-11-08,A股,1AfIllXS2yE8TBMPQ4ANtEYjsMGp3bEwN,[2021-11-08-2226]11月8日指数估值数据价值风格整体稳定.md,https://drive.google.com/file/d/1AfIllXS2yE8TBMPQ4ANtEYjsMGp3bEwN/view?usp=drivesdk,integer_regime_only,,,4,今天大盘整体波动不大，还是在4星级,coarse_integer_not_exact,Drive/2021/[2021-11-08-2226]11月8日指数估值数据价值风格整体稳定.md
2021-11-09,A股,1xj-ZqLX-iyq3M1sTgt-3MBG_p-zcxDiZ,[2021-11-09-2238]11月9日指数估值数据定投升级中amp规模对收益的影响.md,https://drive.google.com/file/d/1xj-ZqLX-iyq3M1sTgt-3MBG_p-zcxDiZ/view?usp=drivesdk,integer_regime_only,,,4,今天大盘整体波动不大，还是在4星级,coarse_integer_not_exact,Drive/2021/[2021-11-09-2238]11月9日指数估值数据定投升级中amp规模对收益的影响.md
2021-11-10,A股,17gfToJ8_WvILvWB9RvwOi8MHBjs5I1zV,[2021-11-10-2223]11月10日指数估值数据医药互联网上涨.md,https://drive.google.com/file/d/17gfToJ8_WvILvWB9RvwOi8MHBjs5I1zV/view?usp=drivesdk,integer_regime_only,,,4,今天大盘整体波动不大，先跌后涨，还是在4星级,coarse_integer_not_exact,Drive/2021/[2021-11-10-2223]11月10日指数估值数据医药互联网上涨.md
2021-11-11,A股,1pSlYIDzTCotrQ35ucehWwrbCvm8Mu1uu,[2021-11-11-2240]11月11日指数估值数据金融地产互联网上涨.md,https://drive.google.com/file/d/1pSlYIDzTCotrQ35ucehWwrbCvm8Mu1uu/view?usp=drivesdk,no_exact_text_evidence,,,,原创 银行螺丝钉 银行螺丝钉 银行螺丝钉 _2021年11月11日 22:40_ __ _ _ _ _ 在小说阅读器读本章 去阅读 **文 | 银行螺丝钉 （转载请注明出处）** ** ** ![](images/[2021-11-11-2240]11月11日指数估值数据金融地产互联网上涨/img_af1a4cce08acfcae5e3f793a.png) 今天双十一，不过今天市场没有打折，反而迎来了一轮上涨。 上涨之后，大盘还是在4星级，不过距离3.5星级只有一步之遥了。 **1\. 今天上涨的主力是金融地产。** **像300价值中也有不少金融地产，今天上涨2.8%。** 银行、保险、证券等普涨。 证券行业前段时间还摸到了低估，,pending_manual_or_image_review,Drive/2021/[2021-11-11-2240]11月11日指数估值数据金融地产互联网上涨.md
2021-11-15,A股,1X5PUl8hkCbIxOELX5Yb573ottmAsyb-b,[2021-11-15-2242]11月15日指数估值数据回到4星级.md,https://drive.google.com/file/d/1X5PUl8hkCbIxOELX5Yb573ottmAsyb-b/view?usp=drivesdk,integer_regime_only,,,4,今天大盘整体微微回调，又回到了4星级,coarse_integer_not_exact,Drive/2021/[2021-11-15-2242]11月15日指数估值数据回到4星级.md
2021-11-16,A股,1zyuxU3nTBP05x_muTdZPqG_88MNDFZk5,[2021-11-16-2233]11月16日指数估值数据医疗互联网上涨新品种来了.md,https://drive.google.com/file/d/1zyuxU3nTBP05x_muTdZPqG_88MNDFZk5/view?usp=drivesdk,integer_regime_only,,,4,今天大盘整体回调，还是在4星级,coarse_integer_not_exact,Drive/2021/[2021-11-16-2233]11月16日指数估值数据医疗互联网上涨新品种来了.md
2021-11-18,A股,1I4keNt7e3KOVfpVSgFgQIFsG6QT8OuNf,[2021-11-18-2242]11月18日指数估值数据互联网公司发布财报.md,https://drive.google.com/file/d/1I4keNt7e3KOVfpVSgFgQIFsG6QT8OuNf/view?usp=drivesdk,integer_regime_only,,,4,今天大盘整体回调，回到了4星级,coarse_integer_not_exact,Drive/2021/[2021-11-18-2242]11月18日指数估值数据互联网公司发布财报.md
2021-11-25,A股,1MMFDa0og3GrSb0dx8UPDT_0l8-LVtj4q,[2021-11-25-2244]11月25日指数估值数据买明星基金为啥也会浮亏呢.md,https://drive.google.com/file/d/1MMFDa0og3GrSb0dx8UPDT_0l8-LVtj4q/view?usp=drivesdk,no_exact_text_evidence,,,,原创 银行螺丝钉 银行螺丝钉 银行螺丝钉 _2021年11月25日 22:44_ __ _ _ _ _ 在小说阅读器读本章 去阅读 **文 | 银行螺丝钉 （转载请注明出处）** ** ** ![](images/[2021-11-25-2244]11月25日指数估值数据买明星基金为啥也会浮亏呢/img_af1a4cce08acfcae5e3f793a.png) 今天大盘整体下跌。 还是在3.5星级（约3.9星的程度），距离4星级不远的位置。 生物科技医疗中概股上涨。不过波动也都不大。 今天美股放假，所以部分含有美股的基金也暂停申购。周五就恢复交易了。 **1\. 昨天聊到一些明星基金经理的基金，也有朋友抱怨，说年初买了一些明星基金,pending_manual_or_image_review,Drive/2021/[2021-11-25-2244]11月25日指数估值数据买明星基金为啥也会浮亏呢.md
2021-11-26,A股,1bwXwZR2K_K67uqQ0rYMjD_fxC0OX1-zC,[2021-11-26-2222]11月26日指数估值数据做好面对短期波的心理准备.md,https://drive.google.com/file/d/1bwXwZR2K_K67uqQ0rYMjD_fxC0OX1-zC/view?usp=drivesdk,no_exact_text_evidence,,,,原创 银行螺丝钉 银行螺丝钉 银行螺丝钉 _2021年11月26日 22:22_ __ _ _ _ _ 在小说阅读器读本章 去阅读 **文 | 银行螺丝钉 （转载请注明出处）** ** ** ![](images/[2021-11-26-2222]11月26日指数估值数据做好面对短期波的心理准备/img_af1a4cce08acfcae5e3f793a.png) 今天市场整体下跌。目前A股还是在3.5星级（约3.9星级的程度），距离4星级不远的位置。 **1\. 今天不少股票市场出现较大波动。** **近期要做好面对股市波动的心理准备。** 原油价格今天波动5%。 日经225、港股恒生指数下跌超过2.5%。 欧洲股票市场波动也比较大,pending_manual_or_image_review,Drive/2021/[2021-11-26-2222]11月26日指数估值数据做好面对短期波的心理准备.md
2021-11-30,A股,14bTvZMl9eOOd-7wAYgdmKwcBPNkYIm8n,[2021-11-30-2242]11月30日指数估值数据走出低估还需要多久呢.md,https://drive.google.com/file/d/14bTvZMl9eOOd-7wAYgdmKwcBPNkYIm8n/view?usp=drivesdk,no_exact_text_evidence,,,,原创 银行螺丝钉 银行螺丝钉 银行螺丝钉 _2021年11月30日 22:42_ __ _ _ _ _ 在小说阅读器读本章 去阅读 **文 | 银行螺丝钉 （转载请注明出处）** ** ** ![](images/[2021-11-30-2242]11月30日指数估值数据走出低估还需要多久呢/img_af1a4cce08acfcae5e3f793a.png) 今天市场整体波动不大，还是在距离4星级不远的位置。 **1\. 最近组合升级投顾组合，升级期间暂停申购。投顾组合上线后就恢复交易了。** **预计需要1-2个月的时间。** 如果是大家自己投资的话，可以参考11月初的方案。 但去掉中证500的部分，中证500也回到了正常估值。 ,pending_manual_or_image_review,Drive/2021/[2021-11-30-2242]11月30日指数估值数据走出低估还需要多久呢.md
2021-12-01,A股,1kfDwkor9f1PX-9YRF5GHS5KmeeCeNqnl,[2021-12-01-2248]12月1日指数估值数据一批新基金.md,https://drive.google.com/file/d/1kfDwkor9f1PX-9YRF5GHS5KmeeCeNqnl/view?usp=drivesdk,no_exact_text_evidence,,,,原创 银行螺丝钉 银行螺丝钉 银行螺丝钉 _2021年12月01日 22:48_ __ _ _ _ _ 在小说阅读器读本章 去阅读 **文 | 银行螺丝钉 （转载请注明出处）** ** ** ![](images/[2021-12-01-2248]12月1日指数估值数据一批新基金/img_af1a4cce08acfcae5e3f793a.png) 今天大盘整体波动不大。还是在距离4星级不远的位置。 **1\. 原来的组合升级投顾组合，升级期间暂停申购。** **投顾组合升级完成后就恢复交易了。** 最近也在看投顾组合的一些规定。 像我们也一直都说，资金不会全部投资一个品种。单个品种比例最好不超过20%。 以前只是口头反复的跟大家这么,pending_manual_or_image_review,Drive/2021/[2021-12-01-2248]12月1日指数估值数据一批新基金.md
2021-12-02,A股,1y7_5AyaHRCLcxlLtm5DE13oZJ5ZV9n9p,[2021-12-02-2241]12月2日指数估值数据热门新基金再现.md,https://drive.google.com/file/d/1y7_5AyaHRCLcxlLtm5DE13oZJ5ZV9n9p/view?usp=drivesdk,no_exact_text_evidence,,,,原创 银行螺丝钉 银行螺丝钉 银行螺丝钉 _2021年12月02日 22:41_ __ _ _ _ _ 在小说阅读器读本章 去阅读 **文 | 银行螺丝钉 （转载请注明出处）** ** ** ![](images/[2021-12-02-2241]12月2日指数估值数据热门新基金再现/img_af1a4cce08acfcae5e3f793a.png) 今天大盘整体下跌，目前还是在距离4星级不远的位置。 今年4星级出现的次数不少，但每次都是浅尝辄止，没有出现去年4.5星级的那种机会了。 **1\. 大部分品种今天波动不大。价值风格表现强势一些。** A股有风格轮动的特点。 2016-2017年是价值风格比较强势。 2018年市场整体下,pending_manual_or_image_review,Drive/2021/[2021-12-02-2241]12月2日指数估值数据热门新基金再现.md
2021-12-03,A股,1jQxKqntmbW0VTi2pXBXU9-ik0xjZKUnq,[2021-12-03-2240]12月3日指数估值数据难就难在坚持上.md,https://drive.google.com/file/d/1jQxKqntmbW0VTi2pXBXU9-ik0xjZKUnq/view?usp=drivesdk,no_exact_text_evidence,,,,原创 银行螺丝钉 银行螺丝钉 银行螺丝钉 _2021年12月03日 22:40_ __ _ _ _ _ 在小说阅读器读本章 去阅读 **文 | 银行螺丝钉 （转载请注明出处）** ** ** ![](images/[2021-12-03-2240]12月3日指数估值数据难就难在坚持上/img_af1a4cce08acfcae5e3f793a.png) 今天大盘波动不大，还是在距离4星级不远的位置。 **1\. 500、价值风格表现比较强势。** 500类品种今年也比较有意思。 8月份一波大涨，10月份又跌了原点。 不过到了最近一两个月又逐渐反弹了起来。 2018年那一轮500指数比较惨烈。 中证500从2015年的11616点，一路,pending_manual_or_image_review,Drive/2021/[2021-12-03-2240]12月3日指数估值数据难就难在坚持上.md
2021-12-06,A股,1qtVvHUtNGwoDhUsOVF33yOns-IRvTXDe,[2021-12-06-2245]12月6日指数估值数据遇到波动该怎么投.md,https://drive.google.com/file/d/1qtVvHUtNGwoDhUsOVF33yOns-IRvTXDe/view?usp=drivesdk,no_exact_text_evidence,,,,原创 银行螺丝钉 银行螺丝钉 银行螺丝钉 _2021年12月06日 22:45_ __ _ _ _ _ 在小说阅读器读本章 去阅读 **文 | 银行螺丝钉 （转载请注明出处）** ** ** ![](images/[2021-12-06-2245]12月6日指数估值数据遇到波动该怎么投/img_af1a4cce08acfcae5e3f793a.png) 今天市场整体下跌。还是在接近4星级的位置。 **1\. 今天价值风格比较强势。** 也是受到了降准的影响。 通常来说，降准对债券类资产的利好比较直接，对股票类资产中价值风格会好一些。 但主要是短期的利好。利好也并不是特别大，所以还是要做好面对波动的心理准备。 价值风格主要是两类：红利,pending_manual_or_image_review,Drive/2021/[2021-12-06-2245]12月6日指数估值数据遇到波动该怎么投.md
2021-12-07,A股,1NHJ6RqEvkqf09Xo-nEmXt26B1VUwdRcY,[2021-12-07-2248]12月7日指数估值数据恒生科技指数反弹42.md,https://drive.google.com/file/d/1NHJ6RqEvkqf09Xo-nEmXt26B1VUwdRcY/view?usp=drivesdk,integer_regime_only,,,4,今天A股整体波动不大，目前还是在4星级,coarse_integer_not_exact,Drive/2021/[2021-12-07-2248]12月7日指数估值数据恒生科技指数反弹42.md
2021-12-08,A股,1qQ8NX-R_p9FkplLCl6kOn35DUttteN--,[2021-12-08-2249]12月8日指数估值数据1800期小小里程碑.md,https://drive.google.com/file/d/1qQ8NX-R_p9FkplLCl6kOn35DUttteN--/view?usp=drivesdk,no_exact_text_evidence,,,,原创 银行螺丝钉 银行螺丝钉 银行螺丝钉 _2021年12月08日 22:49_ __ _ _ _ _ 在小说阅读器读本章 去阅读 **文 | 银行螺丝钉 （转载请注明出处）** ** ** ![](images/[2021-12-08-2249]12月8日指数估值数据1800期小小里程碑/img_af1a4cce08acfcae5e3f793a.png) 今天大盘整体上涨，目前还是在距离4星级不远的位置。 今天还是喝酒吃药行情。其他大部分品种也是上涨的。 **1\. 今天是1801期估值表了。** 这1800期里， 经历了1星级的五六千点，也经历过5星级的2400多点。 经历过品种2年多上涨四五倍，也看到过连跌4年跌去70%。 不,pending_manual_or_image_review,Drive/2021/[2021-12-08-2249]12月8日指数估值数据1800期小小里程碑.md
2021-12-10,A股,1zUc1pVH5KVkOgq_L6xjGx4VmN9MKuZJx,[2021-12-10-2249]12月10日指数估值数据指数调仓日.md,https://drive.google.com/file/d/1zUc1pVH5KVkOgq_L6xjGx4VmN9MKuZJx/view?usp=drivesdk,no_exact_text_evidence,,,,原创 银行螺丝钉 银行螺丝钉 银行螺丝钉 _2021年12月10日 22:49_ __ _ _ _ _ 在小说阅读器读本章 去阅读 **文 | 银行螺丝钉 （转载请注明出处）** ** ** ![](images/[2021-12-10-2249]12月10日指数估值数据指数调仓日/img_af1a4cce08acfcae5e3f793a.png) 大家周末快乐。 今天大盘整体微跌。还是在3.5星级的位置。 **1\. 今天也是指数调仓日。** 调仓不影响基金的净值。比如说之前持有ABCD股票，每个25%。 调仓将D换成了E，基金的净值不变。但因为股票变化了，指数的估值会变化。 之前也分析过，这次调仓，300类品种估值会提高，500,pending_manual_or_image_review,Drive/2021/[2021-12-10-2249]12月10日指数估值数据指数调仓日.md
2021-12-15,A股,1d1eEfKRHSaUohRWcuPWu7nn7ezGPqDrL,[2021-12-15-2238]12月15日指数估值数据医药消费行业波动.md,https://drive.google.com/file/d/1d1eEfKRHSaUohRWcuPWu7nn7ezGPqDrL/view?usp=drivesdk,no_exact_text_evidence,,,,原创 银行螺丝钉 银行螺丝钉 银行螺丝钉 _2021年12月15日 22:38_ __ _ _ _ _ 在小说阅读器读本章 去阅读 **文 | 银行螺丝钉 （转载请注明出处）** ** ** ![](images/[2021-12-15-2238]12月15日指数估值数据医药消费行业波动/img_af1a4cce08acfcae5e3f793a.png) 今天还是在3.5星级，距离4星级不远的位置。 今天市场整体下跌。 价值风格表现不错，红利、价值指数微涨，比较坚挺。 不过消费、医药行业经过前两天的上涨后，今天变成了下跌。 中证消费指数下跌1.5%，中证医药下跌2.9%。 医药行业今天波动比较大。 **1\. 医药行业出现波动，有两,pending_manual_or_image_review,Drive/2021/[2021-12-15-2238]12月15日指数估值数据医药消费行业波动.md
2021-12-17,A股,1faM8YquQQrArW7SzD32WtkPu-OxL9OL3,[2021-12-17-2253]12月17日指数估值数据波动之后何时能涨回来呢.md,https://drive.google.com/file/d/1faM8YquQQrArW7SzD32WtkPu-OxL9OL3/view?usp=drivesdk,integer_regime_only,,,4,今天A股港股都出现了比较大的波动，下跌后市场也很接近4星级,coarse_integer_not_exact,Drive/2021/[2021-12-17-2253]12月17日指数估值数据波动之后何时能涨回来呢.md
2021-12-20,A股,1VN6Uyxvff0uVL71xlR9MHSKP_TIuLs4h,[2021-12-20-2252]12月20日指数估值数据回到4星级.md,https://drive.google.com/file/d/1VN6Uyxvff0uVL71xlR9MHSKP_TIuLs4h/view?usp=drivesdk,integer_regime_only,,,4,今天市场出现较大波动，大盘也重新回到了4星级,coarse_integer_not_exact,Drive/2021/[2021-12-20-2252]12月20日指数估值数据回到4星级.md
2021-12-21,A股,1j-ZgKcJZkHlw6iojrvtz6_DlYzENNNCX,[2021-12-21-2256]12月21日指数估值数据普涨的一天.md,https://drive.google.com/file/d/1j-ZgKcJZkHlw6iojrvtz6_DlYzENNNCX/view?usp=drivesdk,integer_regime_only,,,4,今天市场整体上涨，目前在接近4星级,coarse_integer_not_exact,Drive/2021/[2021-12-21-2256]12月21日指数估值数据普涨的一天.md
2021-12-22,A股,1SLXXo_JFBr4ZVMVn3T5Z6g57jg58v_6z,[2021-12-22-2238]12月22日指数估值数据债基分红怎么处理.md,https://drive.google.com/file/d/1SLXXo_JFBr4ZVMVn3T5Z6g57jg58v_6z/view?usp=drivesdk,integer_regime_only,,,4,今天大盘整体波动不大，还是在接近4星级,coarse_integer_not_exact,Drive/2021/[2021-12-22-2238]12月22日指数估值数据债基分红怎么处理.md
2021-12-23,A股,1AxKP_W6S9br09BKxEqJYoZLzFuuzlHTe,[2021-12-23-2230]12月23日指数估值数据分红发股票是怎么回事呢.md,https://drive.google.com/file/d/1AxKP_W6S9br09BKxEqJYoZLzFuuzlHTe/view?usp=drivesdk,integer_regime_only,,,4,今天市场波动不大，还是在接近4星级,coarse_integer_not_exact,Drive/2021/[2021-12-23-2230]12月23日指数估值数据分红发股票是怎么回事呢.md
2021-12-24,A股,15Z0p1Wh1zIYHzsFNfOVfOZViztEDo6wK,[2021-12-24-2241]12月24日指数估值数据指数调仓的影响.md,https://drive.google.com/file/d/15Z0p1Wh1zIYHzsFNfOVfOZViztEDo6wK/view?usp=drivesdk,integer_regime_only,,,4,今天大盘整体下跌，非常接近4星级,coarse_integer_not_exact,Drive/2021/[2021-12-24-2241]12月24日指数估值数据指数调仓的影响.md
2021-12-27,A股,12O-FPqBqBvpvN4lA7pgEkaoyB8iDbcOe,[2021-12-27-2248]12月27日指数估值数据价值风格与周期行业.md,https://drive.google.com/file/d/12O-FPqBqBvpvN4lA7pgEkaoyB8iDbcOe/view?usp=drivesdk,integer_regime_only,,,4,今天大盘整体波动不大，还是在接近4星级,coarse_integer_not_exact,Drive/2021/[2021-12-27-2248]12月27日指数估值数据价值风格与周期行业.md
2021-12-28,A股,1_4jw0BaJLSsRt-4u5SavR-W1C5yN9h2L,[2021-12-28-2249]12月28日指数估值数据年末分红的基金多了起来.md,https://drive.google.com/file/d/1_4jw0BaJLSsRt-4u5SavR-W1C5yN9h2L/view?usp=drivesdk,integer_regime_only,,,4,今天大盘整体波动不大，还是在接近4星级,coarse_integer_not_exact,Drive/2021/[2021-12-28-2249]12月28日指数估值数据年末分红的基金多了起来.md
2021-12-29,A股,1x0P7hPCbPVaDsT_pbU-fomqzlixkst2k,[2021-12-29-2246]12月29日指数估值数据距离4星级一线之隔.md,https://drive.google.com/file/d/1x0P7hPCbPVaDsT_pbU-fomqzlixkst2k/view?usp=drivesdk,no_exact_text_evidence,,,,原创 银行螺丝钉 银行螺丝钉 银行螺丝钉 _2021年12月29日 22:46_ __ _ _ _ _ 在小说阅读器读本章 去阅读 **文 | 银行螺丝钉 （转载请注明出处）** ** ** ![](images/[2021-12-29-2246]12月29日指数估值数据距离4星级一线之隔/img_af1a4cce08acfcae5e3f793a.png) 今天大盘整体波动比较大。 下跌之后，距离4星级一线之隔。这个位置放在明年初也差不多是4星级了。 **1\. 大部分品种今天下跌。** 医疗、500、红利等品种微跌。 港股、中概股下跌超过1%。不过没有出现临时车的机会。 港股通从今天开始，已经放假了。 相应的基金也暂停申购，等假期,pending_manual_or_image_review,Drive/2021/[2021-12-29-2246]12月29日指数估值数据距离4星级一线之隔.md
2021-12-30,A股,1qnoGfe-ELsoPdBE2ea6qsgywvApDnwWU,[2021-12-30-2259]12月30日指数估值数据投顾组合底层是透明的吗.md,https://drive.google.com/file/d/1qnoGfe-ELsoPdBE2ea6qsgywvApDnwWU/view?usp=drivesdk,no_exact_text_evidence,,,,原创 银行螺丝钉 银行螺丝钉 银行螺丝钉 _2021年12月30日 22:59_ __ _ _ _ _ 在小说阅读器读本章 去阅读 **文 | 银行螺丝钉 （转载请注明出处）** ** ** ![](images/[2021-12-30-2259]12月30日指数估值数据投顾组合底层是透明的吗/img_af1a4cce08acfcae5e3f793a.png) 今天大部分品种上涨。 目前还是在接近4星级的位置。 **1\. 今天还是喝酒吃药行情。** 医疗指数最近上涨不错。 500、价值风格、港股中概股微涨。 明天也是今年最后一个交易日。 港股通已经提前放假，这次是因为元旦假期。 要是咱们的假期有港股通多就好了。 港股通放假之后，部,pending_manual_or_image_review,Drive/2021/[2021-12-30-2259]12月30日指数估值数据投顾组合底层是透明的吗.md
2021-12-31,A股,1FOj10XlmCXo6fU7OPvSKpYOvS45GWc3k,[2021-12-31-2238]12月31日指数估值数据站好2021年最后一班岗.md,https://drive.google.com/file/d/1FOj10XlmCXo6fU7OPvSKpYOvS45GWc3k/view?usp=drivesdk,no_exact_text_evidence,,,,原创 银行螺丝钉 银行螺丝钉 银行螺丝钉 _2021年12月31日 22:38_ __ _ _ _ _ 在小说阅读器读本章 去阅读 **文 | 银行螺丝钉 （转载请注明出处）** ** ** ![](images/[2021-12-31-2238]12月31日指数估值数据站好2021年最后一班岗/img_af1a4cce08acfcae5e3f793a.png) 2021年最后一天过去了。 **1\. 今天大盘整体微涨，波动不大，还是在距离4星级不远的位置。** 今天中小盘和价值类品种表现不错。 今年中证红利、300价值指数，均跑赢了沪深300，摆脱了2019-2020年价值风格连续两年跑输300的情况。 中证500从2015年中小,pending_manual_or_image_review,Drive/2021/[2021-12-31-2238]12月31日指数估值数据站好2021年最后一班岗.md
2022-01-04,A股,1dMJfGtz_x6EbNmZck8qVtSewWdtXX6d0,[2022-01-04-2253]1月4日指数估值数据价值类品种上涨.md,https://drive.google.com/file/d/1dMJfGtz_x6EbNmZck8qVtSewWdtXX6d0/view?usp=drivesdk,no_exact_text_evidence,,,,原创 银行螺丝钉 银行螺丝钉 银行螺丝钉 _2022年01月04日 22:53_ __ _ _ _ _ 在小说阅读器读本章 去阅读 **文 | 银行螺丝钉 （转载请注明出处）** ** ** ![](images/[2022-01-04-2253]1月4日指数估值数据价值类品种上涨/img_af1a4cce08acfcae5e3f793a.png) 今天是新年第一个交易日，不过今天大盘整体回调。 目前还是在很接近4星级的位置。 **1\. 新年第一天，价值风格延续了去年的强势。** 中证红利、300价值整体上涨。 价值风格2018年投资，经历了2019-2020年两年跑输市场，2021年打了一个翻身仗。 不过目前价值风格整体也不贵。,pending_manual_or_image_review,Drive/2022/[2022-01-04-2253]1月4日指数估值数据价值类品种上涨.md
2022-01-05,A股,1BeASIJdobT_CPyPfJ79UtIpkGV6qRD6V,[2022-01-05-2227]1月5日指数估值数据回到4星级.md,https://drive.google.com/file/d/1BeASIJdobT_CPyPfJ79UtIpkGV6qRD6V/view?usp=drivesdk,integer_regime_only,,,4,今天大盘整体下跌，重新回到了4星级,coarse_integer_not_exact,Drive/2022/[2022-01-05-2227]1月5日指数估值数据回到4星级.md
2022-01-06,A股,10_-Wf0XEZckXUxTCmBDpGrB7WpkLiG88,[2022-01-06-2238]1月6日指数估值数据500低波动接近高估.md,https://drive.google.com/file/d/10_-Wf0XEZckXUxTCmBDpGrB7WpkLiG88/view?usp=drivesdk,integer_regime_only,,,4,今天A股大盘整体下跌，还是在4星级,coarse_integer_not_exact,Drive/2022/[2022-01-06-2238]1月6日指数估值数据500低波动接近高估.md
2022-01-07,A股,1U1L4j1nvQVQ7vgdXA_foedmy1adJoBB5,[2022-01-07-2235]1月7日指数估值数据价值风格爆发.md,https://drive.google.com/file/d/1U1L4j1nvQVQ7vgdXA_foedmy1adJoBB5/view?usp=drivesdk,no_exact_text_evidence,,,,原创 银行螺丝钉 银行螺丝钉 银行螺丝钉 _2022年01月07日 22:35_ __ _ _ _ _ 在小说阅读器读本章 去阅读 **文 | 银行螺丝钉 （转载请注明出处）** ** ** ![](images/[2022-01-07-2235]1月7日指数估值数据价值风格爆发/img_af1a4cce08acfcae5e3f793a.png) 本周A股中证全指4连跌，还是在4星级。 不过涨跌分化比较严重。 **1\. 今天价值风格爆发。** **地产、银行、保险涨幅不错。** 300价值是银行保险地产等占比较高的品种。 之前咱们没有单独一一投资，通过300价值来统一投资这一类品种了。 今天上涨之后，300价值应该也回到正常估值了,pending_manual_or_image_review,Drive/2022/[2022-01-07-2235]1月7日指数估值数据价值风格爆发.md
2022-01-10,A股,1ZaRM_ZTygpao2xEjUXhnyKHSDPjcH2_r,[2022-01-10-2237]1月10日指数估值数据利率上行周期对投资有啥影响呢.md,https://drive.google.com/file/d/1ZaRM_ZTygpao2xEjUXhnyKHSDPjcH2_r/view?usp=drivesdk,integer_regime_only,,,4,今天大盘整体微涨，不过波动不大，还是在4星级,coarse_integer_not_exact,Drive/2022/[2022-01-10-2237]1月10日指数估值数据利率上行周期对投资有啥影响呢.md
2022-01-11,A股,1nFheq95oBc9hUNPDX8tpMwKhHipTMgv5,[2022-01-11-2246]1月11日指数估值数据价值风格继续强势.md,https://drive.google.com/file/d/1nFheq95oBc9hUNPDX8tpMwKhHipTMgv5/view?usp=drivesdk,integer_regime_only,,,4,今天大盘整体下跌，还是在4星级,coarse_integer_not_exact,Drive/2022/[2022-01-11-2246]1月11日指数估值数据价值风格继续强势.md
2022-01-12,A股,1BBfH-GVnkjYBmE85-3xdDZ9UMiXDdFLm,[2022-01-12-2245]1月12日指数估值数据翘翘板行情我们该如何应对.md,https://drive.google.com/file/d/1BBfH-GVnkjYBmE85-3xdDZ9UMiXDdFLm/view?usp=drivesdk,integer_regime_only,,,4,今天大盘整体上涨，还是在4星级,coarse_integer_not_exact,Drive/2022/[2022-01-12-2245]1月12日指数估值数据翘翘板行情我们该如何应对.md
2022-01-13,A股,1ltNFeW31gLPUlAbsUV2Aa4tKQY124tqQ,[2022-01-13-2237]1月13日指数估值数据不缺机会.md,https://drive.google.com/file/d/1ltNFeW31gLPUlAbsUV2Aa4tKQY124tqQ/view?usp=drivesdk,integer_regime_only,,,4,今天大盘整体下跌，还是在4星级,coarse_integer_not_exact,Drive/2022/[2022-01-13-2237]1月13日指数估值数据不缺机会.md
2022-01-14,A股,1qs4dctNL433d6UNs92HGwelDOvvZbmnu,[2022-01-14-2233]1月14日指数估值数据周末快乐.md,https://drive.google.com/file/d/1qs4dctNL433d6UNs92HGwelDOvvZbmnu/view?usp=drivesdk,integer_regime_only,,,4,今天大盘整体下跌，目前还是在4星级,coarse_integer_not_exact,Drive/2022/[2022-01-14-2233]1月14日指数估值数据周末快乐.md
2022-01-17,A股,1Z8OQZIK4Mdkq0G8TwFlq3YFNZhrfZDsy,[2022-01-17-2232]1月17日指数估值数据基金打新收益如何.md,https://drive.google.com/file/d/1Z8OQZIK4Mdkq0G8TwFlq3YFNZhrfZDsy/view?usp=drivesdk,integer_regime_only,,,4,今天大盘整体上涨，目前还是在4星级,coarse_integer_not_exact,Drive/2022/[2022-01-17-2232]1月17日指数估值数据基金打新收益如何.md
2022-01-18,A股,1neAwKKH0MumzHvkVTauZ3zJDSTPmmY8J,[2022-01-18-2127]1月18日指数估值数据90天投顾组合上线啦.md,https://drive.google.com/file/d/1neAwKKH0MumzHvkVTauZ3zJDSTPmmY8J/view?usp=drivesdk,integer_regime_only,,,4,今天大盘整体微涨，波动不大，还是在4星级,coarse_integer_not_exact,Drive/2022/[2022-01-18-2127]1月18日指数估值数据90天投顾组合上线啦.md
2022-01-19,A股,1dzndJ6zL3Dg7a-NnRodnZTZ9R5abZMVJ,[2022-01-19-2132]1月19日指数估值数据价值风格继续强势.md,https://drive.google.com/file/d/1dzndJ6zL3Dg7a-NnRodnZTZ9R5abZMVJ/view?usp=drivesdk,integer_regime_only,,,4,今天大盘整体微跌，还是在4星级,coarse_integer_not_exact,Drive/2022/[2022-01-19-2132]1月19日指数估值数据价值风格继续强势.md
2022-01-20,A股,1bX8cxEMCVw_o-whmgbgGlDbGlzqaSubh,[2022-01-20-2128]1月20日指数估值数据风水轮流转.md,https://drive.google.com/file/d/1bX8cxEMCVw_o-whmgbgGlDbGlzqaSubh/view?usp=drivesdk,integer_regime_only,,,4,今天大盘整体微跌，还是在4星级,coarse_integer_not_exact,Drive/2022/[2022-01-20-2128]1月20日指数估值数据风水轮流转.md
2022-01-21,A股,1SHDlAtpqjc1hoQ51vxbFPSmqjs7nN6K5,[2022-01-21-2141]1月21日指数估值数据美股波动会不会影响其他市场呢.md,https://drive.google.com/file/d/1SHDlAtpqjc1hoQ51vxbFPSmqjs7nN6K5/view?usp=drivesdk,integer_regime_only,,,4,今天大盘指数整体回调，还是在4星级,coarse_integer_not_exact,Drive/2022/[2022-01-21-2141]1月21日指数估值数据美股波动会不会影响其他市场呢.md
2022-01-24,A股,1Q8AVx-cDTYhagd0P5r3VPHt9OuoW93UP,[2022-01-24-2135]1月24日指数估值数据美股有低估机会吗.md,https://drive.google.com/file/d/1Q8AVx-cDTYhagd0P5r3VPHt9OuoW93UP/view?usp=drivesdk,integer_regime_only,,,4,今天大盘整体波动不大，还是在4星级,coarse_integer_not_exact,Drive/2022/[2022-01-24-2135]1月24日指数估值数据美股有低估机会吗.md
2022-01-25,A股,1wWrpiBbTutF4HMl7bqQ-7xCHDqQcGO-G,[2022-01-25-2144]1月25日指数估值数据5星级还远吗估值表绿化率提高.md,https://drive.google.com/file/d/1wWrpiBbTutF4HMl7bqQ-7xCHDqQcGO-G/view?usp=drivesdk,integer_regime_only,,,4,今天大盘整体下跌，目前还是在4星级,coarse_integer_not_exact,Drive/2022/[2022-01-25-2144]1月25日指数估值数据5星级还远吗估值表绿化率提高.md
2022-01-26,A股,1tXs_s4Kidix0pplqi1unonsb8_RHqXye,[2022-01-26-2145]1月26日指数估值数据港股通放假对投顾组合的影响.md,https://drive.google.com/file/d/1tXs_s4Kidix0pplqi1unonsb8_RHqXye/view?usp=drivesdk,integer_regime_only,,,4,目前还是在4星级,coarse_integer_not_exact,Drive/2022/[2022-01-26-2145]1月26日指数估值数据港股通放假对投顾组合的影响.md
2022-01-27,A股,1T7KpJzqMje_hEXIwR5IAs1tvjDv_UGil,[2022-01-27-2140]1月27日指数估值数据距离45星级不远了.md,https://drive.google.com/file/d/1T7KpJzqMje_hEXIwR5IAs1tvjDv_UGil/view?usp=drivesdk,no_exact_text_evidence,,,,原创 银行螺丝钉 银行螺丝钉 银行螺丝钉 _2022年01月27日 21:40_ __ _ _ _ _ 在小说阅读器读本章 去阅读 **文 | 银行螺丝钉 （转载请注明出处）** ** ** ![](images/[2022-01-27-2140]1月27日指数估值数据距离45星级不远了/img_af1a4cce08acfcae5e3f793a.png) 受到海外市场波动的影响，今天大盘继续下跌。 上证指数回到3400点。中证全指回到5500点以下。 目前大盘距离4.5星级大约2%-3%，也不远了。 **1\. 美股昨晚先上涨，后半夜的时候下滑。** 美联储加息等预期还是比较强烈。 受此影响，今天亚太地区的股票市场波动都比较大。 A,pending_manual_or_image_review,Drive/2022/[2022-01-27-2140]1月27日指数估值数据距离45星级不远了.md
2022-01-28,A股,1w6VhlXn6bN271U5FKJNuAHsrmu2Qf-Ml,[2022-01-28-2157]1月28日指数估值数据节后再战.md,https://drive.google.com/file/d/1w6VhlXn6bN271U5FKJNuAHsrmu2Qf-Ml/view?usp=drivesdk,integer_regime_only,,,4,今天大盘整体比较低迷，整体下跌，还是在4星级,coarse_integer_not_exact,Drive/2022/[2022-01-28-2157]1月28日指数估值数据节后再战.md
2022-02-06,A股,1fzbE9W7FuPl4AlsaswOoPeuVsmyUJCNI,[2022-02-06-2144]2月6日指数估值数据明天会开门红吗.md,https://drive.google.com/file/d/1fzbE9W7FuPl4AlsaswOoPeuVsmyUJCNI/view?usp=drivesdk,market_closed_no_new_target,,,,A股没有交易，不过有一些跟A股相关的品种，这些品种的投资者主要是海外投资者，观察这些品种假期里的涨跌幅，相当于海外投资者「假设A股假,pending_manual_or_image_review,Drive/2022/[2022-02-06-2144]2月6日指数估值数据明天会开门红吗.md
2022-02-07,A股,1SXM9xQPdzHWCiL7Yx2jlVO2XBC77Mwlp,[2022-02-07-2157]2月7日指数估值数据A股开门红红的是啥.md,https://drive.google.com/file/d/1SXM9xQPdzHWCiL7Yx2jlVO2XBC77Mwlp/view?usp=drivesdk,integer_regime_only,,,4,目前在4星级,coarse_integer_not_exact,Drive/2022/[2022-02-07-2157]2月7日指数估值数据A股开门红红的是啥.md
2022-02-08,A股,16D3VzqNhm8UHCnbMbAWD9ehQeXe5RDGV,[2022-02-08-2151]2月8日指数估值数据价值风格回到正常估值.md,https://drive.google.com/file/d/16D3VzqNhm8UHCnbMbAWD9ehQeXe5RDGV/view?usp=drivesdk,integer_regime_only,,,4,目前在4星级,coarse_integer_not_exact,Drive/2022/[2022-02-08-2151]2月8日指数估值数据价值风格回到正常估值.md
2022-02-09,A股,1puzqGjV-bM8HliqJR695jbbRQNQYwS8q,[2022-02-09-2140]2月9日指数估值数据估值表里新增的中证800是什么呢.md,https://drive.google.com/file/d/1puzqGjV-bM8HliqJR695jbbRQNQYwS8q/view?usp=drivesdk,integer_regime_only,,,4,目前还是在4星级,coarse_integer_not_exact,Drive/2022/[2022-02-09-2140]2月9日指数估值数据估值表里新增的中证800是什么呢.md
2022-02-10,A股,1BDc5_s2hh37ode5ShqUxKgJXLCcHMOHY,[2022-02-10-2146]2月10日指数估值数据创业板龙头波动对指数有啥影响.md,https://drive.google.com/file/d/1BDc5_s2hh37ode5ShqUxKgJXLCcHMOHY/view?usp=drivesdk,no_exact_text_evidence,,,,原创 银行螺丝钉 银行螺丝钉 银行螺丝钉 _2022年02月10日 21:46_ __ _ _ _ _ 在小说阅读器读本章 去阅读 **** **文 | 银行螺丝钉 （转载请注明出处）** ![](images/[2022-02-10-2146]2月10日指数估值数据创业板龙头波动对指数有啥影响/img_af1a4cce08acfcae5e3f793a.png) 今天大盘中证全指微跌，目前还是在4星级的位置。 **1\. 今天还是价值风格比较强势。** **红利指数、价值指数上涨。** 这两个品种也是多年的媳妇熬成婆。 从2018年低估，到2019-2020年反弹跑输大盘，再到2021年开始跑赢市场。 目前在正常偏低的水平。 昨天也,pending_manual_or_image_review,Drive/2022/[2022-02-10-2146]2月10日指数估值数据创业板龙头波动对指数有啥影响.md
2022-02-11,A股,1EpsmzG0_JGMNo6tcKbERLIyh8pNmamIx,[2022-02-11-2159]2月11日指数估值数据价值强成长弱的原因.md,https://drive.google.com/file/d/1EpsmzG0_JGMNo6tcKbERLIyh8pNmamIx/view?usp=drivesdk,integer_regime_only,,,4,今天大盘整体下跌，还是在4星级,coarse_integer_not_exact,Drive/2022/[2022-02-11-2159]2月11日指数估值数据价值强成长弱的原因.md
2022-02-14,A股,1jjJG0B6zwfW7sdPiQmEKkxxwJrb6qCeF,[2022-02-14-2152]2月14日指数估值数据证券行业出现波动值得投资吗.md,https://drive.google.com/file/d/1jjJG0B6zwfW7sdPiQmEKkxxwJrb6qCeF/view?usp=drivesdk,no_exact_text_evidence,,,,原创 银行螺丝钉 银行螺丝钉 银行螺丝钉 _2022年02月14日 21:52_ __ _ _ _ _ 在小说阅读器读本章 去阅读 **** **文 | 银行螺丝钉 （转载请注明出处）** ![](images/[2022-02-14-2152]2月14日指数估值数据证券行业出现波动值得投资吗/img_af1a4cce08acfcae5e3f793a.png) 今天是2月14日。 祝天下有情人终成眷属。 找到好的另一半是很重要的。 找的好，家庭财富积累也会大大提速。 如果没找好，那相当于比别人多经历至少一次大熊市。 **1\. 今天大盘整体下跌，还是在四星级位置，距离4.5星级不到2%了。** 今天是喝酒吃药比较稳定。 白酒指数、医,pending_manual_or_image_review,Drive/2022/[2022-02-14-2152]2月14日指数估值数据证券行业出现波动值得投资吗.md
2022-02-15,A股,1u2u5ywRLTzVTZc0aBvIMdrwyjyED3gHK,[2022-02-15-2147]2月15日指数估值数据医药医疗指数反弹5主动优选发车.md,https://drive.google.com/file/d/1u2u5ywRLTzVTZc0aBvIMdrwyjyED3gHK/view?usp=drivesdk,integer_regime_only,,,4,目前还是在4星级,coarse_integer_not_exact,Drive/2022/[2022-02-15-2147]2月15日指数估值数据医药医疗指数反弹5主动优选发车.md
2022-02-16,A股,1vxwaQ7OOuhFW8_-OgUv7-YCXxK73vCVv,[2022-02-16-2205]2月16日指数估值数据可转债市场回调.md,https://drive.google.com/file/d/1vxwaQ7OOuhFW8_-OgUv7-YCXxK73vCVv/view?usp=drivesdk,integer_regime_only,,,4,今天大盘整体微涨，波动不大，还是在4星级,coarse_integer_not_exact,Drive/2022/[2022-02-16-2205]2月16日指数估值数据可转债市场回调.md
2022-02-17,A股,1SV4EYKr4OH4-pAP_NWtBUqfh2KOc07cU,[2022-02-17-2151]2月17日指数估值数据各个资产大类现在贵吗.md,https://drive.google.com/file/d/1SV4EYKr4OH4-pAP_NWtBUqfh2KOc07cU/view?usp=drivesdk,integer_regime_only,,,4,今天大盘整体没啥波动，还是在4星级,coarse_integer_not_exact,Drive/2022/[2022-02-17-2151]2月17日指数估值数据各个资产大类现在贵吗.md
2022-02-18,A股,1Zc3NaDNCLJGynGmaoeVtp8fpjWp42QW9,[2022-02-18-2157]2月18日指数估值数据震荡行情做好面对短期波动的心理准备.md,https://drive.google.com/file/d/1Zc3NaDNCLJGynGmaoeVtp8fpjWp42QW9/view?usp=drivesdk,integer_regime_only,,,4,今天大盘整体波动不大，还是在4星级,coarse_integer_not_exact,Drive/2022/[2022-02-18-2157]2月18日指数估值数据震荡行情做好面对短期波动的心理准备.md
2022-02-21,A股,1MfmiTUQPwgE0sOKE1yQFPtuM2rZX1g2i,[2022-02-21-2208]2月21日指数估值数据股票基金长期年化10以上是怎么来的.md,https://drive.google.com/file/d/1MfmiTUQPwgE0sOKE1yQFPtuM2rZX1g2i/view?usp=drivesdk,integer_regime_only,,,4,今天大盘整体波动不大，还是在4星级,coarse_integer_not_exact,Drive/2022/[2022-02-21-2208]2月21日指数估值数据股票基金长期年化10以上是怎么来的.md
2022-02-22,A股,1Va0-3cCormTY1-BUR4kYfO0nxfZCKSYd,[2022-02-22-2159]2月22日指数估值数据主动优选发车.md,https://drive.google.com/file/d/1Va0-3cCormTY1-BUR4kYfO0nxfZCKSYd/view?usp=drivesdk,integer_regime_only,,,4,今天大盘整体下跌，目前还是在4星级,coarse_integer_not_exact,Drive/2022/[2022-02-22-2159]2月22日指数估值数据主动优选发车.md
2022-02-23,A股,1-iG8ED41sgwyy9sZN5KiKL2F3RffDEbE,[2022-02-23-2145]2月23日指数估值数据投顾组合的需求与实现.md,https://drive.google.com/file/d/1-iG8ED41sgwyy9sZN5KiKL2F3RffDEbE/view?usp=drivesdk,integer_regime_only,,,4,今天大盘整体上涨，目前还是在4星级,coarse_integer_not_exact,Drive/2022/[2022-02-23-2145]2月23日指数估值数据投顾组合的需求与实现.md
2022-02-24,A股,1l_7OUsQ5LQxFsmKCHSa_aOYWq2_2D9_w,[2022-02-24-2153]2月24日指数估值数据全球股市出现巨大波动.md,https://drive.google.com/file/d/1l_7OUsQ5LQxFsmKCHSa_aOYWq2_2D9_w/view?usp=drivesdk,near_threshold_only,,,4.5,目前距离4.5星级很接近了。,pending_manual_or_image_review,Drive/2022/[2022-02-24-2153]2月24日指数估值数据全球股市出现巨大波动.md
2022-02-25,A股,1GmX5Wsz38iNL6A999H8nEYB33U-Cl5TS,[2022-02-25-2204]2月25日指数估值数据中概股相关指数修改规则.md,https://drive.google.com/file/d/1GmX5Wsz38iNL6A999H8nEYB33U-Cl5TS/view?usp=drivesdk,integer_regime_only,,,4,今天A股开盘也上涨，不过涨幅没有太大，目前还是在4星级,coarse_integer_not_exact,Drive/2022/[2022-02-25-2204]2月25日指数估值数据中概股相关指数修改规则.md
2022-02-28,A股,1rJUZryUM3I_Ddjr6qk2yXZeKZ2kXUfIa,[2022-02-28-2153]2月28日指数估值数据单个基金的两种投资途径哪种更划算.md,https://drive.google.com/file/d/1rJUZryUM3I_Ddjr6qk2yXZeKZ2kXUfIa/view?usp=drivesdk,integer_regime_only,,,4,今天大盘上午微跌，下午反弹了点，整体波动不大，还是在4星级,coarse_integer_not_exact,Drive/2022/[2022-02-28-2153]2月28日指数估值数据单个基金的两种投资途径哪种更划算.md
2022-03-01,A股,1eeZRBVq8h6bbmQRvm0xO7eNVZFG4JhED,[2022-03-01-2136]3月1日指数估值数据螺丝钉定投实盘第208期投顾组合发车.md,https://drive.google.com/file/d/1eeZRBVq8h6bbmQRvm0xO7eNVZFG4JhED/view?usp=drivesdk,no_exact_text_evidence,,,,原创 银行螺丝钉 银行螺丝钉 银行螺丝钉 _2022年03月01日 21:36_ __ _ _ _ _ 在小说阅读器读本章 去阅读 **文 | 银行螺丝钉 （转载请注明出处）** ![](images/[2022-03-01-2136]3月1日指数估值数据螺丝钉定投实盘第208期投顾组合发车/img_c0117ed4f90ddac97dd884a8.png) 今天上午大盘整体低迷，到下午反弹。整体微涨，波动不大，还是在4星级。 春节后市场虽然有涨跌波动，但就是始终就是差点到4.5星级。 A股港股整体上涨。中证800指数上涨0.7%。 大盘股今天表现不错，小盘股相对低迷一些。 **1\. 几个投顾组合，目前都已经完成了上线。** **,pending_manual_or_image_review,Drive/2022/[2022-03-01-2136]3月1日指数估值数据螺丝钉定投实盘第208期投顾组合发车.md
2022-03-02,A股,1icLSt2G_D46-Cq5nS9FYmpSOBBv2wOJW,[2022-03-02-2157]3月2日指数估值数据想要的功能啥时候能实现.md,https://drive.google.com/file/d/1icLSt2G_D46-Cq5nS9FYmpSOBBv2wOJW/view?usp=drivesdk,integer_regime_only,,,4,今天大盘整体下跌，还是在4星级,coarse_integer_not_exact,Drive/2022/[2022-03-02-2157]3月2日指数估值数据想要的功能啥时候能实现.md
2022-03-03,A股,1Q5HqGkPrECuv9OqkS4pANlD5JTCjARhP,[2022-03-03-2159]3月3日指数估值数据价值风格强势.md,https://drive.google.com/file/d/1Q5HqGkPrECuv9OqkS4pANlD5JTCjARhP/view?usp=drivesdk,integer_regime_only,,,4,今天大盘整体微跌，波动不大，还是在4星级,coarse_integer_not_exact,Drive/2022/[2022-03-03-2159]3月3日指数估值数据价值风格强势.md
2022-03-04,A股,1n8VzWTC1wK2sk6SoDXc-l1LO2JBud611,[2022-03-04-2155]3月4日指数估值数据距离45星级还有1.md,https://drive.google.com/file/d/1n8VzWTC1wK2sk6SoDXc-l1LO2JBud611/view?usp=drivesdk,no_exact_text_evidence,,,,原创 银行螺丝钉 银行螺丝钉 银行螺丝钉 _2022年03月04日 21:55_ __ _ _ _ _ 在小说阅读器读本章 去阅读 **文 | 银行螺丝钉 （转载请注明出处）** **** ![](images/[2022-03-04-2155]3月4日指数估值数据距离45星级还有1/img_c0117ed4f90ddac97dd884a8.png) 今天大盘整体下跌，距离4.5星级还有1%左右了。 这也是最近距离4.5星级比较近的一天。 上次出现4.5星级还是在两年前，2020年2月份。 当时A股一天下跌8%，跌出了4.5星级。 今年主要是波动阴跌，没有2020年那么猛烈。 **1\. 大部分品种今天下跌。** 医药医疗类波动不大,pending_manual_or_image_review,Drive/2022/[2022-03-04-2155]3月4日指数估值数据距离45星级还有1.md
2022-03-09,A股,1TX90mBlENOYvjGh6wHFzEG5mANKuZ6B2,[2022-03-09-2150]3月9日指数估值数据什么时候适合做资产配置.md,https://drive.google.com/file/d/1TX90mBlENOYvjGh6wHFzEG5mANKuZ6B2/view?usp=drivesdk,no_exact_text_evidence,,,,原创 银行螺丝钉 银行螺丝钉 银行螺丝钉 _2022年03月09日 21:50_ __ _ _ _ _ 在小说阅读器读本章 去阅读 **** **文 | 银行螺丝钉 （转载请注明出处）** **** ![](images/[2022-03-09-2150]3月9日指数估值数据什么时候适合做资产配置/img_3b9a969f0d7fcb1439eb785c.png) 今天市场走出了一个深V。 早盘的时候微涨，中午之后突然大幅下跌。盘中大盘一度下跌超过4%。 到尾盘又顽强的涨了回来。全天大盘整体微跌。 昨天因为投资人数比较多，出现了投顾组合暂停申购的情况。所以昨天晚上平台也抓紧时间提升处理能力。 今天，几个投顾组合申购就都正常进行了。 ,pending_manual_or_image_review,Drive/2022/[2022-03-09-2150]3月9日指数估值数据什么时候适合做资产配置.md
2022-03-18,A股,1RLp4IyVTut8faU72x75qzHbdvhOO8HxP,[2022-03-18-2138]3月18日指数估值数据基金公司自购是熊市底部的信号吗.md,https://drive.google.com/file/d/1RLp4IyVTut8faU72x75qzHbdvhOO8HxP/view?usp=drivesdk,approximate_range,4,5,,目前星级处于4-5星级，估值比较低，这是我们每天看到的估值数据。,pending_manual_or_image_review,Drive/2022/[2022-03-18-2138]3月18日指数估值数据基金公司自购是熊市底部的信号吗.md
2022-03-21,A股,16LKWuzUBs7WYFLe7J4gvO_6PFBx25IXU,[2022-03-21-2140]3月21日指数估值数据场内折价溢价如何判断呢.md,https://drive.google.com/file/d/16LKWuzUBs7WYFLe7J4gvO_6PFBx25IXU/view?usp=drivesdk,no_exact_text_evidence,,,,原创 银行螺丝钉 银行螺丝钉 银行螺丝钉 _2022年03月21日 21:40_ __ _ _ _ _ 在小说阅读器读本章 去阅读 **文 | 银行螺丝钉 （转载请注明出处）** ![](images/[2022-03-21-2140]3月21日指数估值数据场内折价溢价如何判断呢/img_3b9a969f0d7fcb1439eb785c.png) 上午大盘整体微涨，波动不大，还是在4.5星级。 价值风格、医药生物科技、中小盘类整体微涨。 港股微跌。 上周市场波动比较大。 周一周二下跌，接近5星级，周三到周五又反弹。 短期里市场情绪还不太稳定，其实即便是从底部反弹，也很少是连续大涨的方式。 做好短期里面对波动的心理准备。 ** 另外，,pending_manual_or_image_review,Drive/2022/[2022-03-21-2140]3月21日指数估值数据场内折价溢价如何判断呢.md
2022-03-28,A股,1kMqh7_PefdKTeL1u5OyrXFcWKnoFEmYv,[2022-03-28-2144]3月28日指数估值数据红利指数规则调整有什么影响呢.md,https://drive.google.com/file/d/1kMqh7_PefdKTeL1u5OyrXFcWKnoFEmYv/view?usp=drivesdk,no_exact_text_evidence,,,,原创 银行螺丝钉 银行螺丝钉 银行螺丝钉 _2022年03月28日 21:44_ __ _ _ _ _ 在小说阅读器读本章 去阅读 **文 | 银行螺丝钉 （转载请注明出处）** ![](images/[2022-03-28-2144]3月28日指数估值数据红利指数规则调整有什么影响呢/img_3b9a969f0d7fcb1439eb785c.png) 今天中证全指整体微跌，波动不大，还是在4.5星级。 **1\. 今天还是价值风格比较强势。** 红利、价值指数上涨。 其他大部分品种微跌。 白酒指数下跌比较多。 疫情比较严重，消费行业整体的盈利增长预期也放缓了。 上周，主动优选投顾组合的投资门槛，已经从1000元降低到了500元。 ,pending_manual_or_image_review,Drive/2022/[2022-03-28-2144]3月28日指数估值数据红利指数规则调整有什么影响呢.md
2022-04-01,A股,1bXvUfjoTFyHU-aqpzK7XGNR7P-IOEF6U,[2022-04-01-2159]4月1日指数估值数据美股国债收益率倒挂对我们有影响吗.md,https://drive.google.com/file/d/1bXvUfjoTFyHU-aqpzK7XGNR7P-IOEF6U/view?usp=drivesdk,no_exact_text_evidence,,,,原创 银行螺丝钉 银行螺丝钉 银行螺丝钉 _2022年04月01日 21:59_ __ _ _ _ _ 在小说阅读器读本章 去阅读 **文 | 银行螺丝钉 （转载请注明出处）** ![](images/[2022-04-01-2159]4月1日指数估值数据美股国债收益率倒挂对我们有影响吗/img_3b9a969f0d7fcb1439eb785c.png) 今天是二季度第一天，大盘整体微涨，还是在4.5星级。 **1\. 消费、银行等上涨不错。** **医药、港股类微跌。** 昨晚美股中概股出现较大波动，但今天港股恒生科技微跌。 现在港股和美股走势的脱钩逐渐明显了。 因为港股通放假，很多基金已经暂停交易。 投顾组合很多基金也含有港股，,pending_manual_or_image_review,Drive/2022/[2022-04-01-2159]4月1日指数估值数据美股国债收益率倒挂对我们有影响吗.md
2022-04-05,A股,11nDkPmuK6kMTe1Lk80Lc5yEfY0IOwxR4,[2022-04-05-2203]4月5日指数估值数据假期里是涨是跌.md,https://drive.google.com/file/d/11nDkPmuK6kMTe1Lk80Lc5yEfY0IOwxR4/view?usp=drivesdk,no_exact_text_evidence,,,,原创 银行螺丝钉 银行螺丝钉 银行螺丝钉 _2022年04月05日 22:03_ __ _ _ _ _ 在小说阅读器读本章 去阅读 **文 | 银行螺丝钉 （转载请注明出处）** ![](images/[2022-04-05-2203]4月5日指数估值数据假期里是涨是跌/img_3b9a969f0d7fcb1439eb785c.png) 今天是假期最后一天。 因为假期缘故，本周定投发车暂停一周。下周会继续。 按照惯例，会更新下假期里的估值表。 **1\. 假期里，全球股票市场整体上涨。** （1）港股 港股周一开盘，周二放假。 周一港股上涨幅度比较猛烈。 恒生指数上涨2%，H股指数上涨3.1%。 恒生科技指数上涨5%。 当然，因为港,pending_manual_or_image_review,Drive/2022/[2022-04-05-2203]4月5日指数估值数据假期里是涨是跌.md
2022-04-11,A股,1BMEjRhnaIpNTzQHne4P6pYBMCOoWoHB4,[2022-04-11-2154]4月11日指数估值数据又接近5星级.md,https://drive.google.com/file/d/1BMEjRhnaIpNTzQHne4P6pYBMCOoWoHB4/view?usp=drivesdk,no_exact_text_evidence,,,,原创 银行螺丝钉 银行螺丝钉 银行螺丝钉 _2022年04月11日 21:54_ __ _ _ _ _ 在小说阅读器读本章 去阅读 **文 | 银行螺丝钉 （转载请注明出处）** ![](images/[2022-04-11-2154]4月11日指数估值数据又接近5星级/img_3b9a969f0d7fcb1439eb785c.png) 今天大盘整体下跌，距离5星也非常接近了～ 不过还没有达到前几周最低时候的位置。 **1\. 今天大部分品种下跌。** 价值风格跌幅相对较小。 最近价值风格相对强势，这个强势说的是相对市场平均表现强一些。 但如果大盘下跌，也会有波动。 也就是今年价值风格整体跌幅比大盘小一些。 成长风格今天波动大一些。,pending_manual_or_image_review,Drive/2022/[2022-04-11-2154]4月11日指数估值数据又接近5星级.md
2022-04-12,A股,1JKLRVjslosxLZS21pZnCzcv7uXMCm0_F,[2022-04-12-2151]4月12日指数估值数据螺丝钉定投实盘第213期投顾组合发车.md,https://drive.google.com/file/d/1JKLRVjslosxLZS21pZnCzcv7uXMCm0_F/view?usp=drivesdk,integer_regime_only,,,5,回到5星级,coarse_integer_not_exact,Drive/2022/[2022-04-12-2151]4月12日指数估值数据螺丝钉定投实盘第213期投顾组合发车.md
2022-04-13,A股,1MvpbP_GWwaWwLlxAeJRGmvNLGZVGZfMM,[2022-04-13-2159]4月13日指数估值数据积累股份的阶段.md,https://drive.google.com/file/d/1MvpbP_GWwaWwLlxAeJRGmvNLGZVGZfMM/view?usp=drivesdk,no_exact_text_evidence,,,,原创 银行螺丝钉 银行螺丝钉 银行螺丝钉 _2022年04月13日 21:59_ __ _ _ _ _ 在小说阅读器读本章 去阅读 **文 | 银行螺丝钉 （转载请注明出处）** ![](images/[2022-04-13-2159]4月13日指数估值数据积累股份的阶段/img_3b9a969f0d7fcb1439eb785c.png) 今天大盘整体下跌，还是距离5星级不远的位置。 价值风格相对强势，银行地产、红利等波动相对较小。 港股微涨，其他品种大部分下跌。 最近两个月，每次接近5星级，都遇到一些利好消息释放，把大盘托了起来。 看看今年是不是能出现5星级的机会。 **1\. 有朋友问，星级是看的中证全指吗？** 其实衡量星级指,pending_manual_or_image_review,Drive/2022/[2022-04-13-2159]4月13日指数估值数据积累股份的阶段.md
2022-04-15,A股,1pedYJdu-z2_tLXncIE4DJTH1goyhIPSS,[2022-04-15-2146]4月15日指数估值数据降准了.md,https://drive.google.com/file/d/1pedYJdu-z2_tLXncIE4DJTH1goyhIPSS/view?usp=drivesdk,approximate_range,4.8,4.9,,今天大盘整体微跌，还是在4.8-4.9星级上下。,pending_manual_or_image_review,Drive/2022/[2022-04-15-2146]4月15日指数估值数据降准了.md
2022-04-18,A股,1jmltklgzkLz_32pBUiU_9MEd2lSUeu30,[2022-04-18-2209]4月18日指数估值数据主动优选门槛降低.md,https://drive.google.com/file/d/1jmltklgzkLz_32pBUiU_9MEd2lSUeu30/view?usp=drivesdk,approximate_range,4.8,4.9,,今天大盘整体微跌，波动不大，还是在4.8-4.9星级上下波动。,pending_manual_or_image_review,Drive/2022/[2022-04-18-2209]4月18日指数估值数据主动优选门槛降低.md
2022-04-19,A股,1Ee1JkJNokvdn2yCNZnr5a1-dDWzj1a8G,[2022-04-19-2159]4月19日指数估值数据螺丝钉定投实盘第214期投顾组合发车.md,https://drive.google.com/file/d/1Ee1JkJNokvdn2yCNZnr5a1-dDWzj1a8G/view?usp=drivesdk,no_exact_text_evidence,,,,原创 银行螺丝钉 银行螺丝钉 银行螺丝钉 _2022年04月19日 21:59_ __ _ _ _ _ 在小说阅读器读本章 去阅读 **文 | 银行螺丝钉 （转载请注明出处）** ![](images/[2022-04-19-2159]4月19日指数估值数据螺丝钉定投实盘第214期投顾组合发车/img_3b9a969f0d7fcb1439eb785c.png) 今天大盘整体微跌，跟昨天变化不大。 还是在4.8-4.9星级上下波动。 **1\. 今天价值风格相对强势，红利等价值指数上涨。** **其他品种微跌。** 港股恢复交易，在放假期间全球股票市场整体下跌，港股今天也补跌。 有朋友问，看中证全指的点数，比3月份最低位的时候提高了3,pending_manual_or_image_review,Drive/2022/[2022-04-19-2159]4月19日指数估值数据螺丝钉定投实盘第214期投顾组合发车.md
2022-04-20,A股,1kEMq5uXmgESZx8Ygb_US5BkyRw4m4Mfr,[2022-04-20-2153]4月20日指数估值数据5星级一步之遥.md,https://drive.google.com/file/d/1kEMq5uXmgESZx8Ygb_US5BkyRw4m4Mfr/view?usp=drivesdk,no_exact_text_evidence,,,,原创 银行螺丝钉 银行螺丝钉 银行螺丝钉 _2022年04月20日 21:53_ __ _ _ _ _ 在小说阅读器读本章 去阅读 **文 | 银行螺丝钉 （转载请注明出处）** ![](images/[2022-04-20-2153]4月20日指数估值数据5星级一步之遥/img_3b9a969f0d7fcb1439eb785c.png) 今天大盘整体下跌，下跌后，距离5星级只有一步之遥了。 最近两个月，有好几次都是距离5星级一步之遥，但之后又拉了上去。 看看这次是不是能到5星级。 今天消费行业相对坚挺，其他大部分品种下跌。 **1\. 新能源行业今天波动比较大。** 去年12月份，中证指数修改过一次规则。 原来创业板公司，上市满3,pending_manual_or_image_review,Drive/2022/[2022-04-20-2153]4月20日指数估值数据5星级一步之遥.md
2022-04-21,A股,1SvysWPmSFgTkuMVga8NFC5TrS4SqZpZS,[2022-04-21-2141]4月21日指数估值数据时隔三四年重回5星级.md,https://drive.google.com/file/d/1SvysWPmSFgTkuMVga8NFC5TrS4SqZpZS/view?usp=drivesdk,integer_regime_only,,,5,重回5星级,coarse_integer_not_exact,Drive/2022/[2022-04-21-2141]4月21日指数估值数据时隔三四年重回5星级.md
2022-04-22,A股,16K5sCpZz6NLxlbaYM0lWgQpwvCAX_5l_,[2022-04-22-2144]4月22日指数估值数据熊市底部谁还在卖呢.md,https://drive.google.com/file/d/16K5sCpZz6NLxlbaYM0lWgQpwvCAX_5l_/view?usp=drivesdk,integer_regime_only,,,5,今天大盘整体微跌，还是在刚进入5星级,coarse_integer_not_exact,Drive/2022/[2022-04-22-2144]4月22日指数估值数据熊市底部谁还在卖呢.md
2022-04-25,A股,14CR4zCbSD5Jq7HfggVQJm14Gbe78Jjlg,[2022-04-25-2219]4月25日指数估值数据跌破3000点意味着什么.md,https://drive.google.com/file/d/14CR4zCbSD5Jq7HfggVQJm14Gbe78Jjlg/view?usp=drivesdk,integer_regime_only,,,5,今天大盘整体下跌，目前还是在5星级,coarse_integer_not_exact,Drive/2022/[2022-04-25-2219]4月25日指数估值数据跌破3000点意味着什么.md
2022-04-26,A股,1N4po8Pcn5H8L6ZLmfkbnw_QoVR50Aoa8,[2022-04-26-2156]4月26日指数估值数据螺丝钉定投实盘第215期投顾组合发车.md,https://drive.google.com/file/d/1N4po8Pcn5H8L6ZLmfkbnw_QoVR50Aoa8/view?usp=drivesdk,integer_regime_only,,,5,目前还是在5星级,coarse_integer_not_exact,Drive/2022/[2022-04-26-2156]4月26日指数估值数据螺丝钉定投实盘第215期投顾组合发车.md
2022-04-27,A股,1Q7lhh_8jIlcdoH2x5j96ormIVDljBa25,[2022-04-27-2205]4月27日指数估值数据反弹了还会有波动吗.md,https://drive.google.com/file/d/1Q7lhh_8jIlcdoH2x5j96ormIVDljBa25/view?usp=drivesdk,no_exact_text_evidence,,,,原创 银行螺丝钉 银行螺丝钉 银行螺丝钉 _2022年04月27日 22:05_ __ _ _ _ _ _ 北京 _ 在小说阅读器读本章 去阅读 **文 | 银行螺丝钉 （转载请注明出处）** ![](images/[2022-04-27-2205]4月27日指数估值数据反弹了还会有波动吗/img_3b9a969f0d7fcb1439eb785c.png) 今天市场涨跌波动比较剧烈。 早上大盘一度下跌，到了下午开盘后，开始反弹。 全天股票市场整体上涨。大部分品种都是上涨的状态。 不过因为周一的时候大盘跌了6%，仅仅是今天一天反弹，还是在5星级的位置。 这周末就是五一假期了。 按照惯例，长假之前两天，港股通就要放假了。 港股通放假的时,pending_manual_or_image_review,Drive/2022/[2022-04-27-2205]4月27日指数估值数据反弹了还会有波动吗.md
2022-04-28,A股,1z1BW0OGP4qFyY3nb_XnpaKlsCQefMllX,[2022-04-28-2205]4月28日指数估值数据这项交易费用下调了.md,https://drive.google.com/file/d/1z1BW0OGP4qFyY3nb_XnpaKlsCQefMllX/view?usp=drivesdk,integer_regime_only,,,5,目前还是在5星级,coarse_integer_not_exact,Drive/2022/[2022-04-28-2205]4月28日指数估值数据这项交易费用下调了.md
2022-04-29,A股,1uSKdr8YaecVhl3wrcmKRP_raPO0p3mZ0,[2022-04-29-2235]4月29日指数估值数据节前大涨还在5星级吗.md,https://drive.google.com/file/d/1uSKdr8YaecVhl3wrcmKRP_raPO0p3mZ0/view?usp=drivesdk,integer_regime_only,,,5,目前还是在5星级,coarse_integer_not_exact,Drive/2022/[2022-04-29-2235]4月29日指数估值数据节前大涨还在5星级吗.md
2022-05-04,A股,1Z54vmx82etAMyIxylbcRW295599_ge5r,[2022-05-04-2157]5月4日指数估值数据假期里是涨是跌.md,https://drive.google.com/file/d/1Z54vmx82etAMyIxylbcRW295599_ge5r/view?usp=drivesdk,integer_regime_only,,,5,还在5星级,coarse_integer_not_exact,Drive/2022/[2022-05-04-2157]5月4日指数估值数据假期里是涨是跌.md
2022-05-05,A股,1WlR_SZTUQCGAaMdXQ25qIagQGrjzRrsD,[2022-05-05-2218]5月5日指数估值数据美股加息对我们投资有什么影响.md,https://drive.google.com/file/d/1WlR_SZTUQCGAaMdXQ25qIagQGrjzRrsD/view?usp=drivesdk,integer_regime_only,,,5,今天大盘先跌后涨，全天波动不大，目前还是在5星级,coarse_integer_not_exact,Drive/2022/[2022-05-05-2218]5月5日指数估值数据美股加息对我们投资有什么影响.md
2022-05-06,A股,1nx65qpbuIjsi15TOYfEOX9ZgUFAoeqaM,[2022-05-06-2148]5月6日指数估值数据利率上升周期该如何投资.md,https://drive.google.com/file/d/1nx65qpbuIjsi15TOYfEOX9ZgUFAoeqaM/view?usp=drivesdk,integer_regime_only,,,5,今天大盘整体下跌，还是在5星级,coarse_integer_not_exact,Drive/2022/[2022-05-06-2148]5月6日指数估值数据利率上升周期该如何投资.md
2022-05-09,A股,1OdyLOwudBjjSMBOLZT7OPXutQbt0Sv26,[2022-05-09-2205]5月9日指数估值数据一季度财报更新盈利增长情况如何.md,https://drive.google.com/file/d/1OdyLOwudBjjSMBOLZT7OPXutQbt0Sv26/view?usp=drivesdk,no_exact_text_evidence,,,,原创 银行螺丝钉 银行螺丝钉 银行螺丝钉 _2022年05月09日 22:05_ __ _ _ _ _ _ 北京 _ 在小说阅读器读本章 去阅读 **文 | 银行螺丝钉 （转载请注明出处）** ![](images/[2022-05-09-2205]5月9日指数估值数据一季度财报更新盈利增长情况如何/img_3b9a969f0d7fcb1439eb785c.png) 今天大盘全天波动不大。大部分品种微跌。 还是在5星级。 中小盘、红利基建等价值风格表现略好一些。 消费行业波动较大。 **1\. 今天港股放假。部分港股类基金，今天暂停交易。** 部分基金收益会放在周二更新，明天所有基金都是正常交易的。 上周因为假期，暂停定投。 本周定,pending_manual_or_image_review,Drive/2022/[2022-05-09-2205]5月9日指数估值数据一季度财报更新盈利增长情况如何.md
2022-05-10,A股,1uXTbzSmPOqM17Oc-j8I_wlhw8Cvkg2Mm,[2022-05-10-2207]5月10日指数估值数据螺丝钉定投实盘第216期投顾组合发车.md,https://drive.google.com/file/d/1uXTbzSmPOqM17Oc-j8I_wlhw8Cvkg2Mm/view?usp=drivesdk,no_exact_text_evidence,,,,原创 银行螺丝钉 银行螺丝钉 银行螺丝钉 _2022年05月10日 22:07_ __ _ _ _ _ _ 北京 _ 在小说阅读器读本章 去阅读 **文 | 银行螺丝钉 （转载请注明出处）** ![](images/[2022-05-10-2207]5月10日指数估值数据螺丝钉定投实盘第216期投顾组合发车/img_3b9a969f0d7fcb1439eb785c.png) 昨天美股欧股出现较大波动， 今天A股开盘下跌，但之后坚挺的涨了回来。 全天A股整体上涨，还是在5星级的位置。 中小盘股整体微涨。医药消费表现坚挺。 大盘股相对弱一些。 **1\. 最近市场还是比较低迷。** 中证全指的日成交量只有6000多亿了。 去年经常连续几,pending_manual_or_image_review,Drive/2022/[2022-05-10-2207]5月10日指数估值数据螺丝钉定投实盘第216期投顾组合发车.md
2022-05-11,A股,1IMYifYVhH_VDBeh0TXN2nupwkO2YrVtD,[2022-05-11-2202]5月11日指数估值数据上涨了还在5星级吗.md,https://drive.google.com/file/d/1IMYifYVhH_VDBeh0TXN2nupwkO2YrVtD/view?usp=drivesdk,integer_regime_only,,,5,还在5星级,coarse_integer_not_exact,Drive/2022/[2022-05-11-2202]5月11日指数估值数据上涨了还在5星级吗.md
2022-05-12,A股,1994e83GH6y9pVuaWtZ95K5q5rvyvChDF,[2022-05-12-2159]5月12日指数估值数据美股波动出现投资机会了么.md,https://drive.google.com/file/d/1994e83GH6y9pVuaWtZ95K5q5rvyvChDF/view?usp=drivesdk,integer_regime_only,,,5,还在5星级,coarse_integer_not_exact,Drive/2022/[2022-05-12-2159]5月12日指数估值数据美股波动出现投资机会了么.md
2022-05-13,A股,1PQ7PnEZEfrJprdXXxdE2F7-rMvF2DhpG,[2022-05-13-2215]5月13日指数估值数据珍惜5星级.md,https://drive.google.com/file/d/1PQ7PnEZEfrJprdXXxdE2F7-rMvF2DhpG/view?usp=drivesdk,integer_regime_only,,,5,还在5星级,coarse_integer_not_exact,Drive/2022/[2022-05-13-2215]5月13日指数估值数据珍惜5星级.md
2022-05-16,A股,15VLYFySncMR4zDgVvldhZH1egDXnuGcs,[2022-05-16-2210]5月16日指数估值数据投资机会变多了.md,https://drive.google.com/file/d/15VLYFySncMR4zDgVvldhZH1egDXnuGcs/view?usp=drivesdk,integer_regime_only,,,5,回到5星级,coarse_integer_not_exact,Drive/2022/[2022-05-16-2210]5月16日指数估值数据投资机会变多了.md
2022-05-17,A股,1I68fMB2t8zJLIACDQnDGj4T8pwFsG3P5,[2022-05-17-2156]5月17日指数估值数据螺丝钉定投实盘第217期投顾组合发车.md,https://drive.google.com/file/d/1I68fMB2t8zJLIACDQnDGj4T8pwFsG3P5/view?usp=drivesdk,no_exact_text_evidence,,,,原创 银行螺丝钉 银行螺丝钉 银行螺丝钉 _2022年05月17日 21:56_ __ _ _ _ _ _ 北京 _ 在小说阅读器读本章 去阅读 **文 | 银行螺丝钉 （转载请注明出处）** ![](images/[2022-05-17-2156]5月17日指数估值数据螺丝钉定投实盘第217期投顾组合发车/img_3b9a969f0d7fcb1439eb785c.png) 今天大盘整体上涨。 大盘股上涨多一些，中小盘股微涨。 红利类品种微跌。 港股今天很坚挺，整体上涨。 最近不同品种经常轮动。短期里涨跌都随时有可能出现。 今天上涨之后，大盘整体还是在5星级（算是5.1星级）。 不过距离出5星级也很接近了。 这一轮5星级是从4月21,pending_manual_or_image_review,Drive/2022/[2022-05-17-2156]5月17日指数估值数据螺丝钉定投实盘第217期投顾组合发车.md
2022-05-18,A股,1uFzyjD4h_g_1ke8gk1U45riKlEcOYgBW,[2022-05-18-2216]5月18日指数估值数据投资别受到市场先生的影响.md,https://drive.google.com/file/d/1uFzyjD4h_g_1ke8gk1U45riKlEcOYgBW/view?usp=drivesdk,integer_regime_only,,,5,回到5星级,coarse_integer_not_exact,Drive/2022/[2022-05-18-2216]5月18日指数估值数据投资别受到市场先生的影响.md
2022-05-19,A股,1_RIwDToMYRJIBMdSlbg2As7pS7zZWr8q,[2022-05-19-2147]5月19日指数估值数据A股港股美股的投资价值如何.md,https://drive.google.com/file/d/1_RIwDToMYRJIBMdSlbg2As7pS7zZWr8q/view?usp=drivesdk,integer_regime_only,,,5,截止到收盘的时候，A股微涨，还是在5星级,coarse_integer_not_exact,Drive/2022/[2022-05-19-2147]5月19日指数估值数据A股港股美股的投资价值如何.md
2022-05-20,A股,1I3GH7B05Vjr_SqtUT4DwhulMIwAjHq8Q,[2022-05-20-2134]5月20日指数估值数据继续上涨还在5星级吗.md,https://drive.google.com/file/d/1I3GH7B05Vjr_SqtUT4DwhulMIwAjHq8Q/view?usp=drivesdk,integer_regime_only,,,5,目前还是在5星级,coarse_integer_not_exact,Drive/2022/[2022-05-20-2134]5月20日指数估值数据继续上涨还在5星级吗.md
2022-05-24,A股,1Q2Hg7c1NqrH2BD1omlQP2c87tli4rtEE,[2022-05-24-2213]5月24日指数估值数据螺丝钉定投实盘第218期投顾组合发车.md,https://drive.google.com/file/d/1Q2Hg7c1NqrH2BD1omlQP2c87tli4rtEE/view?usp=drivesdk,no_exact_text_evidence,,,,原创 银行螺丝钉 银行螺丝钉 银行螺丝钉 _2022年05月24日 22:13_ __ _ _ _ _ _ 北京 _ 在小说阅读器读本章 去阅读 **文 | 银行螺丝钉 （转载请注明出处）** ![](images/[2022-05-24-2213]5月24日指数估值数据螺丝钉定投实盘第218期投顾组合发车/img_3b9a969f0d7fcb1439eb785c.png) 今天大盘整体下跌。 上周五的时候，大盘距离走出5星级，不到1%了。 本周二下跌后，大盘在5.1-5.2星级上下的位置。 其实从4月底大跌以来，大盘反弹了超过8%。 不过历史上每次从5星级反弹，都不是一帆风顺的涨起来。 中间经常会伴随着短期回调波动。做好面对波动的,pending_manual_or_image_review,Drive/2022/[2022-05-24-2213]5月24日指数估值数据螺丝钉定投实盘第218期投顾组合发车.md
2022-05-26,A股,1v1AhdJQ2EbLe5L0d_1G4Mw_ECs2YRVnA,[2022-05-26-2202]5月26日指数估值数据今年A股盈利增长情况如何.md,https://drive.google.com/file/d/1v1AhdJQ2EbLe5L0d_1G4Mw_ECs2YRVnA/view?usp=drivesdk,no_exact_text_evidence,,,,原创 银行螺丝钉 银行螺丝钉 银行螺丝钉 _2022年05月26日 22:02_ __ _ _ _ _ _ 北京 _ 在小说阅读器读本章 去阅读 **文 | 银行螺丝钉 （转载请注明出处）** ![](images/[2022-05-26-2202]5月26日指数估值数据今年A股盈利增长情况如何/img_3b9a969f0d7fcb1439eb785c.png) 今天上午大盘一度下跌。不过到下午又涨了起来。 全天大盘整体上涨。 整体上波动不大，还是在5.1星级。 今天还是中小盘涨幅高一些。 最近这一两周，遇到下跌的时候，往往中小盘、成长风格跌幅更大。 反弹的时候，也是这两个风格反弹快。 盈亏同源，不要光看贼吃肉，也要看到贼挨揍。 *,pending_manual_or_image_review,Drive/2022/[2022-05-26-2202]5月26日指数估值数据今年A股盈利增长情况如何.md
2022-05-27,A股,16xSwzAPYZxHL4rEO7vtWP7sWYo0vk9Cp,[2022-05-27-2155]5月27日指数估值数据5星级正是播种的季节.md,https://drive.google.com/file/d/16xSwzAPYZxHL4rEO7vtWP7sWYo0vk9Cp/view?usp=drivesdk,integer_regime_only,,,5,回到5星级,coarse_integer_not_exact,Drive/2022/[2022-05-27-2155]5月27日指数估值数据5星级正是播种的季节.md
2022-05-30,A股,18HQ4WVI0ccCmE3FInGego7cdVUY9P2Z3,[2022-05-30-2155]5月30日指数估值数据这些指数的规则要变化了.md,https://drive.google.com/file/d/18HQ4WVI0ccCmE3FInGego7cdVUY9P2Z3/view?usp=drivesdk,no_exact_text_evidence,,,,原创 银行螺丝钉 银行螺丝钉 银行螺丝钉 _2022年05月30日 21:55_ __ _ _ _ _ _ 北京 _ 在小说阅读器读本章 去阅读 **文 | 银行螺丝钉 （转载请注明出处）** ![](images/[2022-05-30-2155]5月30日指数估值数据这些指数的规则要变化了/img_3b9a969f0d7fcb1439eb785c.png) 今天大盘整体微涨。 经过这几天上涨后，大盘距离走出5星级，不到1%了。 今天消费行业表现坚挺。港股表现也不错。 中小盘、价值风格相对低迷一些。 盈亏同源。 像今年前几个月，价值风格指数跌幅比大盘小不少。 那反弹的时候价值风格弹性也弱一些。 **1\. 6月份，又是指数的调仓时,pending_manual_or_image_review,Drive/2022/[2022-05-30-2155]5月30日指数估值数据这些指数的规则要变化了.md
2022-05-31,A股,16IIksMEWM0mDEV69jULN1i_fz7MjrOMf,[2022-05-31-2202]5月31日指数估值数据走出5星级amp螺丝钉定投实盘第219期投顾组合发车.md,https://drive.google.com/file/d/16IIksMEWM0mDEV69jULN1i_fz7MjrOMf/view?usp=drivesdk,integer_regime_only,,,5,今天大盘上涨，走出了5星级,coarse_integer_not_exact,Drive/2022/[2022-05-31-2202]5月31日指数估值数据走出5星级amp螺丝钉定投实盘第219期投顾组合发车.md
2022-06-02,A股,1sTEh_YSQMkKesyfoR6ggiRseZ6IoPZOi,[2022-06-02-2207]6月2日指数估值数据美股指数低估了吗.md,https://drive.google.com/file/d/1sTEh_YSQMkKesyfoR6ggiRseZ6IoPZOi/view?usp=drivesdk,no_exact_text_evidence,,,,原创 银行螺丝钉 银行螺丝钉 银行螺丝钉 _2022年06月02日 22:07_ __ _ _ _ _ _ 北京 _ 在小说阅读器读本章 去阅读 **文 | 银行螺丝钉 （转载请注明出处）** ![](images/[2022-06-02-2207]6月2日指数估值数据美股指数低估了吗/img_3b9a969f0d7fcb1439eb785c.png) 大家端午安康。 今天大盘先跌后反弹。 到收盘的时候大盘整体微涨。波动不大，还是在4.9星级。 今天风格分化比较厉害。 价值风格、消费、港股等下跌。 小盘股、科创板等成长风格，上涨比较迅猛。 今年1-4月份，整体上小盘股、成长股跌的多。 最近则是风格经常切换。 时间拉长后，不同风格的低,pending_manual_or_image_review,Drive/2022/[2022-06-02-2207]6月2日指数估值数据美股指数低估了吗.md
2022-06-08,A股,1ojGijXDgcvS5SUBMR_CyrLHLb2BK5Jfg,[2022-06-08-2205]6月8日指数估值数据A股连续上涨.md,https://drive.google.com/file/d/1ojGijXDgcvS5SUBMR_CyrLHLb2BK5Jfg/view?usp=drivesdk,no_exact_text_evidence,,,,原创 银行螺丝钉 银行螺丝钉 银行螺丝钉 _2022年06月08日 22:05_ __ _ _ _ _ _ 北京 _ 在小说阅读器读本章 去阅读 **文 | 银行螺丝钉 （转载请注明出处）** ![](images/[2022-06-08-2205]6月8日指数估值数据A股连续上涨/img_3b9a969f0d7fcb1439eb785c.png) 今天大盘走势比较纠结。上午上涨，中午下跌，到收盘又变成了微涨。 目前大盘还是在4.8星级的位置。 医药消费、港股今天比较坚挺。 中小盘相对低迷一些。 **1\. A股最近连涨10天，从5星级一口气涨到了4.8星级。** 这有点像2018年底。 2018年底，当时5星级也是持续了一个月。 ,pending_manual_or_image_review,Drive/2022/[2022-06-08-2205]6月8日指数估值数据A股连续上涨.md
2022-06-14,A股,1XN_thpsAk7FYPDaQ1wkJsZCuSDudPCxr,[2022-06-14-2148]6月14日指数估值数据螺丝钉定投实盘第221期投顾组合发车.md,https://drive.google.com/file/d/1XN_thpsAk7FYPDaQ1wkJsZCuSDudPCxr/view?usp=drivesdk,no_exact_text_evidence,,,,原创 银行螺丝钉 银行螺丝钉 银行螺丝钉 _2022年06月14日 21:48_ __ _ _ _ _ _ 北京 _ 在小说阅读器读本章 去阅读 **文 | 银行螺丝钉 （转载请注明出处）** ![](images/[2022-06-14-2148]6月14日指数估值数据螺丝钉定投实盘第221期投顾组合发车/img_3b9a969f0d7fcb1439eb785c.png) 昨天美股出现较大波动。 上午A股也受到影响，不过尾盘A股争气的涨了回来。 全天A股微涨，在4.8星级。 价值风格比较强势。银行、证券、价值等指数涨幅不错。 中小盘、成长风格今天波动大一些。 美股纳斯达克100周一下跌4.6%。 加上上周纳斯达克的跌幅，今年纳斯达,pending_manual_or_image_review,Drive/2022/[2022-06-14-2148]6月14日指数估值数据螺丝钉定投实盘第221期投顾组合发车.md
2022-06-16,A股,1pkMMkYoIZCcWiao2joX0xbZU8uTeZLus,[2022-06-16-2217]6月16日指数估值数据何时还会有5星级.md,https://drive.google.com/file/d/1pkMMkYoIZCcWiao2joX0xbZU8uTeZLus/view?usp=drivesdk,no_exact_text_evidence,,,,原创 银行螺丝钉 银行螺丝钉 银行螺丝钉 _2022年06月16日 22:17_ __ _ _ _ _ _ 北京 _ 在小说阅读器读本章 去阅读 **文 | 银行螺丝钉 （转载请注明出处）** ![](images/[2022-06-16-2217]6月16日指数估值数据何时还会有5星级/img_3b9a969f0d7fcb1439eb785c.png) 今天大盘先涨后跌。上午摸到了4.7星级，不过收盘又跌回到4.8了。 不同品种轮番表现。 昨天价值风格大涨，今天价值风格下跌。 而医药消费行业今天比较坚挺。 其实前段时间大部分品种都在比较便宜的位置， 也都会有发力的阶段的。 先胖不是胖，后胖压倒炕。 **1\. 昨天美联储发布了加息,pending_manual_or_image_review,Drive/2022/[2022-06-16-2217]6月16日指数估值数据何时还会有5星级.md
2022-07-28,A股,1VcQU-VyI7k6lp7xyZY0nfif1Bz0xhSvj,[2022-07-28-2216]7月28日指数估值数据美股加息对我们投资有什么影响.md,https://drive.google.com/file/d/1VcQU-VyI7k6lp7xyZY0nfif1Bz0xhSvj/view?usp=drivesdk,no_exact_text_evidence,,,,原创 银行螺丝钉 银行螺丝钉 银行螺丝钉 _2022年07月28日 22:16_ __ _ _ _ _ _ 北京 _ 在小说阅读器读本章 去阅读 **文 | 银行螺丝钉 （转载请注明出处）** ![](images/[2022-07-28-2216]7月28日指数估值数据美股加息对我们投资有什么影响/img_3b9a969f0d7fcb1439eb785c.png) 今天大盘整体微涨，一度回到了4.6星级。 不过下午回来了，还是4.7星级。 消费、证券等表现坚挺。 其他品种波动不大。 ** 1\. 昨天是本月美联储的决议日期。 ** 美股加息75个基点。 消息宣布后，美股周三反弹。 不是说加息对股市有负面影响么？怎么还反弹了？ 其实,pending_manual_or_image_review,Drive/2022/[2022-07-28-2216]7月28日指数估值数据美股加息对我们投资有什么影响.md
2022-08-16,A股,1Y350wOaDbLnqSIuAtCvMMfHUReVQYoW6,[2022-08-16-2204]8月16日指数估值数据螺丝钉定投实盘第230期投顾组合发车.md,https://drive.google.com/file/d/1Y350wOaDbLnqSIuAtCvMMfHUReVQYoW6/view?usp=drivesdk,approximate_range,4.6,4.7,,今天市场整体波动不大，还是在4.7-4.6星级边界上。,pending_manual_or_image_review,Drive/2022/[2022-08-16-2204]8月16日指数估值数据螺丝钉定投实盘第230期投顾组合发车.md
2022-08-17,A股,1XA5Ka55-vt8ALsyEsV5KmTpZcY0NLPyu,[2022-08-17-2212]8月17日指数估值数据想要更高收益也要面对更大波动风险.md,https://drive.google.com/file/d/1XA5Ka55-vt8ALsyEsV5KmTpZcY0NLPyu/view?usp=drivesdk,approximate_range,4.6,4.7,,大盘整体微涨，目前还是在4.6-4.7星级边界上。,pending_manual_or_image_review,Drive/2022/[2022-08-17-2212]8月17日指数估值数据想要更高收益也要面对更大波动风险.md
2022-08-22,A股,1kMwmBjJY39Yk3eUVwfotnMTwsUbpwqOf,[2022-08-22-2156]8月22日指数估值数据利率下降基金费率下降.md,https://drive.google.com/file/d/1kMwmBjJY39Yk3eUVwfotnMTwsUbpwqOf/view?usp=drivesdk,approximate_range,4.6,4.7,,目前还是在4.7-4.6星级边界上。,pending_manual_or_image_review,Drive/2022/[2022-08-22-2156]8月22日指数估值数据利率下降基金费率下降.md
2022-08-23,A股,1-GdWzDhsod8jpCEs8WF2CbMXkMRMUGFt,[2022-08-23-2206]8月23日指数估值数据螺丝钉定投实盘第231期投顾组合发车.md,https://drive.google.com/file/d/1-GdWzDhsod8jpCEs8WF2CbMXkMRMUGFt/view?usp=drivesdk,approximate_range,4.6,4.7,,今天大盘整体微跌，还是在4.6-4.7星级边界上。,pending_manual_or_image_review,Drive/2022/[2022-08-23-2206]8月23日指数估值数据螺丝钉定投实盘第231期投顾组合发车.md
2022-09-16,A股,1mQ_2_hjwA0JToCtDO0iZA9kNGSVUYuW4,[2022-09-16-2210]9月16日指数估值数据重回5星级.md,https://drive.google.com/file/d/1mQ_2_hjwA0JToCtDO0iZA9kNGSVUYuW4/view?usp=drivesdk,integer_regime_only,,,5,收盘后，回到了5星级,coarse_integer_not_exact,Drive/2022/[2022-09-16-2210]9月16日指数估值数据重回5星级.md
2022-09-19,A股,1fIsuhEL-PieLSRmvbxtFAXQEy7x7mGVa,[2022-09-19-2221]9月19日指数估值数据5星级估值情况如何.md,https://drive.google.com/file/d/1fIsuhEL-PieLSRmvbxtFAXQEy7x7mGVa/view?usp=drivesdk,integer_regime_only,,,5,今天大盘整体波动不大，还是在刚进入5星级,coarse_integer_not_exact,Drive/2022/[2022-09-19-2221]9月19日指数估值数据5星级估值情况如何.md
2022-09-20,A股,11acQwEBrPQMjDbDNAXKEcS4iCWifhBNK,[2022-09-20-2201]9月20日指数估值数据螺丝钉定投实盘第235期投顾组合发车.md,https://drive.google.com/file/d/11acQwEBrPQMjDbDNAXKEcS4iCWifhBNK/view?usp=drivesdk,integer_regime_only,,,5,今天大盘整体波动不大，还是在5星级,coarse_integer_not_exact,Drive/2022/[2022-09-20-2201]9月20日指数估值数据螺丝钉定投实盘第235期投顾组合发车.md
2022-09-21,A股,1VmluPgBg9jAIBaBtEKUTexiDNldvJT0H,[2022-09-21-2219]9月21日指数估值数据组合配置更抗跌.md,https://drive.google.com/file/d/1VmluPgBg9jAIBaBtEKUTexiDNldvJT0H/view?usp=drivesdk,no_exact_text_evidence,,,,原创 银行螺丝钉 银行螺丝钉 银行螺丝钉 _2022年09月21日 22:19_ __ _ _ _ _ _ 北京 _ 在小说阅读器读本章 去阅读 **文 | 银行螺丝钉 （转载请注明出处）** ![](images/[2022-09-21-2219]9月21日指数估值数据组合配置更抗跌/img_3b9a969f0d7fcb1439eb785c.png) 今天大盘整体微跌，还是在五星级。 本周不同风格差异较大。 周一价值强成长弱，周二价值弱成长强。 周三又变成了价值强。 地产、红利等价值风格微涨。 其他风格整体下跌。 港股昨天上涨今天也变成下跌。 这种分化走势，像主动优选、指数增强，也跑赢了大盘指数。 风格差异变化的阶段，分散配置，会,pending_manual_or_image_review,Drive/2022/[2022-09-21-2219]9月21日指数估值数据组合配置更抗跌.md
2022-09-22,A股,1xaRCQMklf2Nn9X_JRuQlo-__2hSieOz7,[2022-09-22-2211]9月22日指数估值数据美股再次加息对投资有什么影响.md,https://drive.google.com/file/d/1xaRCQMklf2Nn9X_JRuQlo-__2hSieOz7/view?usp=drivesdk,integer_regime_only,,,5,今天大盘整体微跌，目前还是在5星级,coarse_integer_not_exact,Drive/2022/[2022-09-22-2211]9月22日指数估值数据美股再次加息对投资有什么影响.md
2022-10-09,A股,1pRyfvGpWg6rtXtNdicxQbezzYvpZSnZj,[2022-10-09-2203]10月9日指数估值数据假期结束A股怎么走.md,https://drive.google.com/file/d/1pRyfvGpWg6rtXtNdicxQbezzYvpZSnZj/view?usp=drivesdk,market_closed_no_new_target,,,,A股没有交易,pending_manual_or_image_review,Drive/2022/[2022-10-09-2203]10月9日指数估值数据假期结束A股怎么走.md
2022-10-13,A股,1qJQqjJMmxKDVqBBNrVNsv1Rb0iH1unb6,[2022-10-13-2206]10月13日指数估值数据微笑曲线走到哪里了.md,https://drive.google.com/file/d/1qJQqjJMmxKDVqBBNrVNsv1Rb0iH1unb6/view?usp=drivesdk,no_exact_text_evidence,,,,原创 银行螺丝钉 银行螺丝钉 银行螺丝钉 _2022年10月13日 22:06_ __ _ _ _ _ _ 北京 _ 在小说阅读器读本章 去阅读 **文 | 银行螺丝钉 （转载请注明出处）** ![](images/[2022-10-13-2206]10月13日指数估值数据微笑曲线走到哪里了/img_3b9a969f0d7fcb1439eb785c.png) 昨天大盘反弹，回到5.1星级。 今天还是在5.1星级，大盘整体波动不大。 不过不同品种涨跌分化比较大。 前段时间抗跌的价值风格，今天下跌。 前段时间下跌的医药医疗，今天上涨超2%。 中小盘微涨，大盘股普遍下跌。 不同风格涨跌差异较大，这种行情下，分散配置会更稳定一些。 ** 1,pending_manual_or_image_review,Drive/2022/[2022-10-13-2206]10月13日指数估值数据微笑曲线走到哪里了.md
2022-10-14,A股,1e0Mpq9rW6rUYVczIAdfGeXCO_hR_7EfI,[2022-10-14-2206]10月14日指数估值数据上涨了出5星级了吗.md,https://drive.google.com/file/d/1e0Mpq9rW6rUYVczIAdfGeXCO_hR_7EfI/view?usp=drivesdk,integer_regime_only,,,5,收盘，大盘回到了5星级,coarse_integer_not_exact,Drive/2022/[2022-10-14-2206]10月14日指数估值数据上涨了出5星级了吗.md
2022-10-17,A股,1WqmhyeuJacGQa-kMScJWpMJwJMEdyzk_,[2022-10-17-2218]10月17日指数估值数据红利指数修改规则.md,https://drive.google.com/file/d/1WqmhyeuJacGQa-kMScJWpMJwJMEdyzk_/view?usp=drivesdk,integer_regime_only,,,5,目前还是在5星级,coarse_integer_not_exact,Drive/2022/[2022-10-17-2218]10月17日指数估值数据红利指数修改规则.md
2022-10-18,A股,1imCzJTKVoyOBWVLwwqGFTzA0QAdH_ANx,[2022-10-18-2212]10月18日指数估值数据螺丝钉定投实盘第238期投顾组合发车.md,https://drive.google.com/file/d/1imCzJTKVoyOBWVLwwqGFTzA0QAdH_ANx/view?usp=drivesdk,integer_regime_only,,,5,目前还是在5星级,coarse_integer_not_exact,Drive/2022/[2022-10-18-2212]10月18日指数估值数据螺丝钉定投实盘第238期投顾组合发车.md
2022-10-26,A股,1FTCh1mghwP2cxNIEbwpLIO-Ww9s6COfb,[2022-10-26-2205]10月26日指数估值数据为啥A股总是3000点呢.md,https://drive.google.com/file/d/1FTCh1mghwP2cxNIEbwpLIO-Ww9s6COfb/view?usp=drivesdk,approximate_range,5.1,5.2,,目前大盘回到了5.1-5.2星级边界上。,pending_manual_or_image_review,Drive/2022/[2022-10-26-2205]10月26日指数估值数据为啥A股总是3000点呢.md
2022-10-27,A股,1VhcmbwZVE9v8YGxejeUlBshwlEkGy8V_,[2022-10-27-2216]10月27日指数估值数据盈亏同源.md,https://drive.google.com/file/d/1VhcmbwZVE9v8YGxejeUlBshwlEkGy8V_/view?usp=drivesdk,approximate_range,5.1,5.2,,今天A股整体微跌，在5.1-5.2星级边界上。,pending_manual_or_image_review,Drive/2022/[2022-10-27-2216]10月27日指数估值数据盈亏同源.md
2022-11-01,A股,1wD8k3hhwxJnLQezFl7LDjYO31SvQX_3T,[2022-11-01-2206]11月1日指数估值数据螺丝钉定投实盘第240期投顾组合发车.md,https://drive.google.com/file/d/1wD8k3hhwxJnLQezFl7LDjYO31SvQX_3T/view?usp=drivesdk,approximate_range,5.1,5.2,,截止到收盘，大盘回到5.1-5.2星级边界上。,pending_manual_or_image_review,Drive/2022/[2022-11-01-2206]11月1日指数估值数据螺丝钉定投实盘第240期投顾组合发车.md
2022-11-02,A股,1x1v2iWRH0arHWdxioE7W9QCHDXVgaAbC,[2022-11-02-2139]11月2日指数估值数据11月螺丝钉牛熊信号板.md,https://drive.google.com/file/d/1x1v2iWRH0arHWdxioE7W9QCHDXVgaAbC/view?usp=drivesdk,integer_regime_only,,,5,回到5星级,coarse_integer_not_exact,Drive/2022/[2022-11-02-2139]11月2日指数估值数据11月螺丝钉牛熊信号板.md
2022-11-04,A股,1thAN3iHDAmhAWfCIQ011ZItlnza60Hwd,[2022-11-04-2144]11月4日指数估值数据回到5星级amp逆势投资.md,https://drive.google.com/file/d/1thAN3iHDAmhAWfCIQ011ZItlnza60Hwd/view?usp=drivesdk,integer_regime_only,,,5,截止到收盘，大盘回到了5星级,coarse_integer_not_exact,Drive/2022/[2022-11-04-2144]11月4日指数估值数据回到5星级amp逆势投资.md
2022-11-07,A股,1wBHY1hFAPY57_KCmQy00jYJuTGBuy1_i,[2022-11-07-2143]11月7日指数估值数据还在5星级么.md,https://drive.google.com/file/d/1wBHY1hFAPY57_KCmQy00jYJuTGBuy1_i/view?usp=drivesdk,integer_regime_only,,,5,截止到收盘，还是在5星级,coarse_integer_not_exact,Drive/2022/[2022-11-07-2143]11月7日指数估值数据还在5星级么.md
2022-11-08,A股,1dh76MSRBx_2dnaMKGwhBwHAjqCtmLsZt,[2022-11-08-2149]11月8日指数估值数据螺丝钉定投实盘第241期投顾组合发车.md,https://drive.google.com/file/d/1dh76MSRBx_2dnaMKGwhBwHAjqCtmLsZt/view?usp=drivesdk,integer_regime_only,,,5,目前还是在5星级,coarse_integer_not_exact,Drive/2022/[2022-11-08-2149]11月8日指数估值数据螺丝钉定投实盘第241期投顾组合发车.md
2022-11-09,A股,1K8fakm-nZkHk0sIzVVGDRFrvVIIDVB4y,[2022-11-09-2129]11月9日指数估值数据指数增强基金可以跑赢指数吗.md,https://drive.google.com/file/d/1K8fakm-nZkHk0sIzVVGDRFrvVIIDVB4y/view?usp=drivesdk,integer_regime_only,,,5,到收盘，整体微跌，还是在5星级,coarse_integer_not_exact,Drive/2022/[2022-11-09-2129]11月9日指数估值数据指数增强基金可以跑赢指数吗.md
2022-11-11,A股,13XtEumP91353sqLU2OzDw1Ups36eOo4y,[2022-11-11-2132]11月11日指数估值数据摸到49星级amp双重购书福利.md,https://drive.google.com/file/d/13XtEumP91353sqLU2OzDw1Ups36eOo4y/view?usp=drivesdk,integer_regime_only,,,5,到收盘的时候，回落了一些，目前还是在5星级,coarse_integer_not_exact,Drive/2022/[2022-11-11-2132]11月11日指数估值数据摸到49星级amp双重购书福利.md
2022-11-14,A股,1uG9M1TFb74gc3eU3BKU5wWm6qHXqp8oj,[2022-11-14-2135]11月14日指数估值数据还在5星级吗.md,https://drive.google.com/file/d/1uG9M1TFb74gc3eU3BKU5wWm6qHXqp8oj/view?usp=drivesdk,integer_regime_only,,,5,截止到收盘，还是在5星级,coarse_integer_not_exact,Drive/2022/[2022-11-14-2135]11月14日指数估值数据还在5星级吗.md
2022-11-16,A股,1AFi0GMwcjbQua1nKn3CVhQGa2B9uXFqn,[2022-11-16-2128]11月16日指数估值数据债券波动大是怎么回事呢.md,https://drive.google.com/file/d/1AFi0GMwcjbQua1nKn3CVhQGa2B9uXFqn/view?usp=drivesdk,integer_regime_only,,,5,回到了5星级,coarse_integer_not_exact,Drive/2022/[2022-11-16-2128]11月16日指数估值数据债券波动大是怎么回事呢.md
2022-11-17,A股,10Mer3h9Zasz-akliQjVYW0Z53ZkHYlAF,[2022-11-17-2141]11月17日指数估值数据指数增强和主动优选哪个表现更好呢.md,https://drive.google.com/file/d/10Mer3h9Zasz-akliQjVYW0Z53ZkHYlAF/view?usp=drivesdk,integer_regime_only,,,5,到收盘的时候，大盘整体波动不大，目前还是在5星级,coarse_integer_not_exact,Drive/2022/[2022-11-17-2141]11月17日指数估值数据指数增强和主动优选哪个表现更好呢.md
2022-11-18,A股,1LYnyCFkiJ5M29KVA2JDmiUH3K_rfh_Oq,[2022-11-18-2121]11月18日指数估值数据海外市场投资基金该选什么品种呢.md,https://drive.google.com/file/d/1LYnyCFkiJ5M29KVA2JDmiUH3K_rfh_Oq/view?usp=drivesdk,no_exact_text_evidence,,,,原创 银行螺丝钉 银行螺丝钉 银行螺丝钉 _2022年11月18日 21:21_ __ _ _ _ _ _ 北京 _ 在小说阅读器读本章 去阅读 **文 | 银行螺丝钉 （转载请注明出处）** ![](images/[2022-11-18-2121]11月18日指数估值数据海外市场投资基金该选什么品种呢/img_3b9a969f0d7fcb1439eb785c.png) 大家周末快乐。 今天大盘先涨后跌。 盘中一度回到4.9星级，不过尾盘的时候又跌回到5星级了。 最近几周，每次到5星级边界上，都会遇到一些波动。 好事多磨～ 今天医药医疗行业上涨。 其他品种大多波动不大。 医药、游戏行业这两天上涨，跟最近一些新闻也有关系。 短期里大众,pending_manual_or_image_review,Drive/2022/[2022-11-18-2121]11月18日指数估值数据海外市场投资基金该选什么品种呢.md
2022-11-21,A股,1__7yninblxppwLvwtOI5ELmP7--__3KJ,[2022-11-21-2144]11月21日指数估值数据基金经理离职风险如何减少.md,https://drive.google.com/file/d/1__7yninblxppwLvwtOI5ELmP7--__3KJ/view?usp=drivesdk,integer_regime_only,,,5,截止到收盘，还是在5星级,coarse_integer_not_exact,Drive/2022/[2022-11-21-2144]11月21日指数估值数据基金经理离职风险如何减少.md
2022-11-22,A股,1Auj-JWbBpTL2ZjQ9U-myM8G2dgGZrzP8,[2022-11-22-2142]11月22日指数估值数据螺丝钉定投实盘第243期投顾组合发车.md,https://drive.google.com/file/d/1Auj-JWbBpTL2ZjQ9U-myM8G2dgGZrzP8/view?usp=drivesdk,integer_regime_only,,,5,截止到收盘，大盘还是在5星级,coarse_integer_not_exact,Drive/2022/[2022-11-22-2142]11月22日指数估值数据螺丝钉定投实盘第243期投顾组合发车.md
2022-11-23,A股,1N5_Yxq9k6SOVdQpE5MRZ2VPK02CGHFUE,[2022-11-23-2141]11月23日指数估值数据价值风格估值要重塑吗.md,https://drive.google.com/file/d/1N5_Yxq9k6SOVdQpE5MRZ2VPK02CGHFUE/view?usp=drivesdk,integer_regime_only,,,5,今天大盘整体微跌，波动不大，目前还是在5星级,coarse_integer_not_exact,Drive/2022/[2022-11-23-2141]11月23日指数估值数据价值风格估值要重塑吗.md
2022-11-24,A股,1qFypcZ1A_i25XdFgsLCek6WQp0keYRi3,[2022-11-24-2139]11月24日指数估值数据降准信号对投资有什么影响.md,https://drive.google.com/file/d/1qFypcZ1A_i25XdFgsLCek6WQp0keYRi3/view?usp=drivesdk,integer_regime_only,,,5,今天大盘整体波动不大，还是在5星级,coarse_integer_not_exact,Drive/2022/[2022-11-24-2139]11月24日指数估值数据降准信号对投资有什么影响.md
2022-11-25,A股,1CV12cVeIDVPRDxciied9VXuyY2gbVi7_,[2022-11-25-2119]11月25日指数估值数据北证50指数估值如何.md,https://drive.google.com/file/d/1CV12cVeIDVPRDxciied9VXuyY2gbVi7_/view?usp=drivesdk,integer_regime_only,,,5,今天大盘整体波动不大，还是在5星级,coarse_integer_not_exact,Drive/2022/[2022-11-25-2119]11月25日指数估值数据北证50指数估值如何.md
2022-11-29,A股,1GSnA71TaIHL5kN8ZsQWw-BNu1klemisz,[2022-11-29-2150]11月29日指数估值数据螺丝钉定投实盘第244期投顾组合发车.md,https://drive.google.com/file/d/1GSnA71TaIHL5kN8ZsQWw-BNu1klemisz/view?usp=drivesdk,integer_regime_only,,,5,还在5星级,coarse_integer_not_exact,Drive/2022/[2022-11-29-2150]11月29日指数估值数据螺丝钉定投实盘第244期投顾组合发车.md
2022-11-30,A股,1QpO3pL8iIEkES2ouQkSizbHoOM2qEoYQ,[2022-11-30-2113]11月30日指数估值数据价值风格强势.md,https://drive.google.com/file/d/1QpO3pL8iIEkES2ouQkSizbHoOM2qEoYQ/view?usp=drivesdk,integer_regime_only,,,5,回到5星级,coarse_integer_not_exact,Drive/2022/[2022-11-30-2113]11月30日指数估值数据价值风格强势.md
2022-12-19,A股,1_hTOe9vQfWy4jL6zsvVSofWMN5EEjfZk,[2022-12-19-2200]12月19日指数估值数据回到5星.md,https://drive.google.com/file/d/1_hTOe9vQfWy4jL6zsvVSofWMN5EEjfZk/view?usp=drivesdk,integer_regime_only,,,5,到收盘，又回到了5星级,coarse_integer_not_exact,Drive/2022/[2022-12-19-2200]12月19日指数估值数据回到5星.md
2022-12-20,A股,1mhX-z8_lOlVLhDpW9PA5gpVTx2Uz2Ins,[2022-12-20-2131]12月20日指数估值数据螺丝钉定投实盘第247期投顾组合发车.md,https://drive.google.com/file/d/1mhX-z8_lOlVLhDpW9PA5gpVTx2Uz2Ins/view?usp=drivesdk,integer_regime_only,,,5,回到了5星级,coarse_integer_not_exact,Drive/2022/[2022-12-20-2131]12月20日指数估值数据螺丝钉定投实盘第247期投顾组合发车.md
2022-12-21,A股,16QezMMbB8OIf1PsqbOogzQ-vRFPSRHMW,[2022-12-21-2133]12月21日指数估值数据如果日本进入加息周期对市场有什么影响.md,https://drive.google.com/file/d/16QezMMbB8OIf1PsqbOogzQ-vRFPSRHMW/view?usp=drivesdk,integer_regime_only,,,5,回到5星,coarse_integer_not_exact,Drive/2022/[2022-12-21-2133]12月21日指数估值数据如果日本进入加息周期对市场有什么影响.md
2022-12-27,A股,1-wkDy9MlbCPsCdrWR5q-yu7a8ElhxkUu,[2022-12-27-2129]12月27日指数估值数据螺丝钉定投实盘第248期投顾组合发车.md,https://drive.google.com/file/d/1-wkDy9MlbCPsCdrWR5q-yu7a8ElhxkUu/view?usp=drivesdk,integer_regime_only,,,5,目前还是在5星级,coarse_integer_not_exact,Drive/2022/[2022-12-27-2129]12月27日指数估值数据螺丝钉定投实盘第248期投顾组合发车.md
2022-12-28,A股,1MJhV3hZBhmna2o0l1_cJ-cRqqE4km9co,[2022-12-28-2150]12月28日指数估值数据2022快结束了跑赢指数了么.md,https://drive.google.com/file/d/1MJhV3hZBhmna2o0l1_cJ-cRqqE4km9co/view?usp=drivesdk,integer_regime_only,,,5,还在5星级,coarse_integer_not_exact,Drive/2022/[2022-12-28-2150]12月28日指数估值数据2022快结束了跑赢指数了么.md
2022-12-30,A股,1b5A6rfbLXDPDjf9kiRIiz91u3haO8hfr,[2022-12-30-2150]12月30日指数估值数据2022结束全年市场行情如何.md,https://drive.google.com/file/d/1b5A6rfbLXDPDjf9kiRIiz91u3haO8hfr/view?usp=drivesdk,approximate_range,5,5.1,,今天大盘整体上涨，目前还是在5.1-5.0星级边界上。,pending_manual_or_image_review,Drive/2022/[2022-12-30-2150]12月30日指数估值数据2022结束全年市场行情如何.md
2023-01-03,A股,143_qmgTf6Mv9IQXNkdwxNdrU9yHVMd9L,[2023-01-03-2151]1月3日指数估值数据螺丝钉定投实盘第249期投顾组合发车.md,https://drive.google.com/file/d/143_qmgTf6Mv9IQXNkdwxNdrU9yHVMd9L/view?usp=drivesdk,integer_regime_only,,,5,截止到收盘，大盘在5.0星级,coarse_integer_not_exact,Drive/2023/[2023-01-03-2151]1月3日指数估值数据螺丝钉定投实盘第249期投顾组合发车.md
2023-01-04,A股,1YopKUXCCrTU7GonOioj-M8eeXePgth7h,[2023-01-04-2202]1月4日指数估值数据2022年公募基金和私募基金哪个收益好呢.md,https://drive.google.com/file/d/1YopKUXCCrTU7GonOioj-M8eeXePgth7h/view?usp=drivesdk,integer_regime_only,,,5,今天大盘整体微涨，目前还是在5.0星级,coarse_integer_not_exact,Drive/2023/[2023-01-04-2202]1月4日指数估值数据2022年公募基金和私募基金哪个收益好呢.md
2023-01-29,A股,1UTcingmd_VhPScumuH764PkdqdTdq41M,[2023-01-29-2112]1月29日指数估值数据假期全球上涨A股会跟么.md,https://drive.google.com/file/d/1UTcingmd_VhPScumuH764PkdqdTdq41M/view?usp=drivesdk,market_closed_no_new_target,,,,A股没有交易,pending_manual_or_image_review,Drive/2023/[2023-01-29-2112]1月29日指数估值数据假期全球上涨A股会跟么.md
2023-02-07,A股,1AxaTkaTZYVdhuvoRJTmhcT6oj0c9cyUY,[2023-02-07-2129]2月7日指数估值数据螺丝钉定投实盘第253期投顾组合发车.md,https://drive.google.com/file/d/1AxaTkaTZYVdhuvoRJTmhcT6oj0c9cyUY/view?usp=drivesdk,approximate_range,4.7,4.8,,今天市场微涨，在4.7-4.8星级边缘。,pending_manual_or_image_review,Drive/2023/[2023-02-07-2129]2月7日指数估值数据螺丝钉定投实盘第253期投顾组合发车.md
2023-02-17,A股,1JWz-X1ID-fDZmna_oMBK0Esf7WHUcYkE,[2023-02-17-2107]2月17日指数估值数据全面注册制实施对我们投资有什么影响.md,https://drive.google.com/file/d/1JWz-X1ID-fDZmna_oMBK0Esf7WHUcYkE/view?usp=drivesdk,no_exact_text_evidence,,,,原创 银行螺丝钉 银行螺丝钉 银行螺丝钉 _2023年02月17日 21:07_ __ _ _ _ _ _ 北京 _ 在小说阅读器读本章 去阅读 **文 | 银行螺丝钉 （转载请注明出处）** ![](images/[2023-02-17-2107]2月17日指数估值数据全面注册制实施对我们投资有什么影响/img_3febf1f7c8046f5aac112fa3.jpg) 今天大盘整体微跌。还是在4.8星级。 创业板等成长风格下跌较多。 红利等价值风格、医药微涨。 其他品种波动不大。 遇到市场波动的时候，价值风格通常会相对抗跌一些。 ** 1\. 今天收盘后，也发布了全面注册制实施的新闻。 ** 全面注册制，意味着未来市场上股票的数,pending_manual_or_image_review,Drive/2023/[2023-02-17-2107]2月17日指数估值数据全面注册制实施对我们投资有什么影响.md
2023-02-28,A股,1NgeHn_7tFv84N4-hmb6JOcm2ZSgIiegt,[2023-02-28-2045]2月28日指数估值数据螺丝钉定投实盘第256期投顾组合发车.md,https://drive.google.com/file/d/1NgeHn_7tFv84N4-hmb6JOcm2ZSgIiegt/view?usp=drivesdk,no_exact_text_evidence,,,,原创 银行螺丝钉 银行螺丝钉 银行螺丝钉 _2023年02月28日 20:45_ __ _ _ _ _ _ 北京 _ 在小说阅读器读本章 去阅读 **文 | 银行螺丝钉 （转载请注明出处）** ![](images/[2023-02-28-2045]2月28日指数估值数据螺丝钉定投实盘第256期投顾组合发车/img_3febf1f7c8046f5aac112fa3.jpg) 今天大盘先跌后反弹，到收盘的时候变成了上涨。 还是在4.8星级，距离4.7星级不远。 医药医疗、中小盘、价值比较坚挺。 昨天强势的消费行业，今天微跌。 港股前段时间上涨，最近也变成了下跌。 这段时间，大盘整体波动没有太大。 像今年以来，主动优选、指数增强，最大回,pending_manual_or_image_review,Drive/2023/[2023-02-28-2045]2月28日指数估值数据螺丝钉定投实盘第256期投顾组合发车.md
2023-03-06,A股,1vi7kGKuDxpYDL1u9-LkgBegvumlbYzfq,[2023-03-06-2047]3月6日指数估值数据投顾行业3年来发展的如何.md,https://drive.google.com/file/d/1vi7kGKuDxpYDL1u9-LkgBegvumlbYzfq/view?usp=drivesdk,no_exact_text_evidence,,,,原创 银行螺丝钉 银行螺丝钉 银行螺丝钉 _2023年03月06日 20:47_ __ _ _ _ _ _ 北京 _ 在小说阅读器读本章 去阅读 **文 | 银行螺丝钉 （转载请注明出处）** ![](images/[2023-03-06-2047]3月6日指数估值数据投顾行业3年来发展的如何/img_3febf1f7c8046f5aac112fa3.jpg) 今天大盘整体微跌，波动不大， 还是在4.7星级。 不过这几天风格切换比较厉害。 上周价值风格比较强势，今天变成了下跌。 金融地产下跌较多。 中小盘、成长风格今天相对坚挺一些。 市场目前还不是太火爆，交易的资金就那么多， 不同风格容易出现轮动走势。 持有单一风格波动会大一些，如,pending_manual_or_image_review,Drive/2023/[2023-03-06-2047]3月6日指数估值数据投顾行业3年来发展的如何.md
2023-03-10,A股,1BzQXnKnNILbVFDA7Drl5gbkExmlovhSH,[2023-03-10-2106]3月10日指数估值数据下跌了距离5星级还远吗.md,https://drive.google.com/file/d/1BzQXnKnNILbVFDA7Drl5gbkExmlovhSH/view?usp=drivesdk,approximate_range,4.8,4.9,,截止到收盘，大盘回到了4.9-4.8星级边界上。,pending_manual_or_image_review,Drive/2023/[2023-03-10-2106]3月10日指数估值数据下跌了距离5星级还远吗.md
2023-03-21,A股,1PuFWNRdkXaJuzmF2BSer9m21rYFAj7SR,[2023-03-21-2121]3月21日指数估值数据螺丝钉定投实盘第259期投顾组合发车.md,https://drive.google.com/file/d/1PuFWNRdkXaJuzmF2BSer9m21rYFAj7SR/view?usp=drivesdk,approximate_range,4.8,4.9,,今天大盘整体上涨，重新回到4.8-4.9星级边界上。,pending_manual_or_image_review,Drive/2023/[2023-03-21-2121]3月21日指数估值数据螺丝钉定投实盘第259期投顾组合发车.md
2023-03-30,A股,19xFhNOnqG8tr0HdxGikVaCxOhQDxBG4n,[2023-03-30-2052]3月30日指数估值数据黄金星级来啦.md,https://drive.google.com/file/d/19xFhNOnqG8tr0HdxGikVaCxOhQDxBG4n/view?usp=drivesdk,no_exact_text_evidence,,,,原创 银行螺丝钉 银行螺丝钉 银行螺丝钉 _2023年03月30日 20:52_ __ _ _ _ _ _ 北京 _ 在小说阅读器读本章 去阅读 **文 | 银行螺丝钉 （转载请注明出处）** ![](images/[2023-03-30-2052]3月30日指数估值数据黄金星级来啦/img_72d7bc74a6de6d3df49efc0c.png) 今天大盘先跌后反弹，截止到收盘，大盘整体上涨。 还是在4.8星级。 不过今天市场分化比较厉害。 有约6成的股票下跌，主要是中小盘下跌。 大盘价值、家电、消费医疗等上涨。 不同风格最近切换比较快。 不少品种，这一两周一直在上涨-下跌-上涨-下跌来回切换。 说明市场整体的资金量并不充裕， ,pending_manual_or_image_review,Drive/2023/[2023-03-30-2052]3月30日指数估值数据黄金星级来啦.md
2023-04-03,A股,1y8g8-DO246XtK388OC3ydcIjzflQcYxt,[2023-04-03-2048]4月3日指数估值数据要追涨人工智能么.md,https://drive.google.com/file/d/1y8g8-DO246XtK388OC3ydcIjzflQcYxt/view?usp=drivesdk,approximate_range,4.7,4.8,,今天大盘整体微涨，在4.8-4.7星级边界上。,pending_manual_or_image_review,Drive/2023/[2023-04-03-2048]4月3日指数估值数据要追涨人工智能么.md
2023-04-04,A股,1S12FiD20-5RYmrynZFk0bbtuKpp3Jaex,[2023-04-04-2019]4月4日指数估值数据螺丝钉定投实盘第261期投顾组合发车.md,https://drive.google.com/file/d/1S12FiD20-5RYmrynZFk0bbtuKpp3Jaex/view?usp=drivesdk,approximate_range,4.7,4.8,,截止到收盘，还是在4.8-4.7星级边界上。,pending_manual_or_image_review,Drive/2023/[2023-04-04-2019]4月4日指数估值数据螺丝钉定投实盘第261期投顾组合发车.md
2023-04-07,A股,1tQQe0Sg5f5NP2PvMPbvA_OETCSCLXkZm,[2023-04-07-2122]4月7日指数估值数据2022年报更新基金经理都关心些什么.md,https://drive.google.com/file/d/1tQQe0Sg5f5NP2PvMPbvA_OETCSCLXkZm/view?usp=drivesdk,approximate_range,4.7,4.8,,今天大盘整体上涨，目前在4.7-4.8星级上下。,pending_manual_or_image_review,Drive/2023/[2023-04-07-2122]4月7日指数估值数据2022年报更新基金经理都关心些什么.md
2023-04-10,A股,1qdYS_b-algOBHShbeHO8dzVWOmFN4czM,[2023-04-10-2120]4月10日指数估值数据美股经济衰退是真的吗.md,https://drive.google.com/file/d/1qdYS_b-algOBHShbeHO8dzVWOmFN4czM/view?usp=drivesdk,approximate_range,4.7,4.8,,今天大盘整体下跌，还是在4.7-4.8星级上下。,pending_manual_or_image_review,Drive/2023/[2023-04-10-2120]4月10日指数估值数据美股经济衰退是真的吗.md
2023-04-11,A股,1rqL6ZcDM0B9TMUHiMDfBS4vrOEfB9VAV,[2023-04-11-2130]4月11日指数估值数据螺丝钉定投实盘第262期投顾组合发车.md,https://drive.google.com/file/d/1rqL6ZcDM0B9TMUHiMDfBS4vrOEfB9VAV/view?usp=drivesdk,approximate_range,4.7,4.8,,今天大盘整体变化不大，截止到收盘，还是在4.7-4.8星级上下。,pending_manual_or_image_review,Drive/2023/[2023-04-11-2130]4月11日指数估值数据螺丝钉定投实盘第262期投顾组合发车.md
2023-04-12,A股,1rLAs98R7fVExl0bXqpkLSOeu2avf5SVr,[2023-04-12-2118]4月12日指数估值数据全面注册制实施打新股还有收益么.md,https://drive.google.com/file/d/1rLAs98R7fVExl0bXqpkLSOeu2avf5SVr/view?usp=drivesdk,approximate_range,4.7,4.8,,截止到收盘，还是在4.7-4.8星级上下。,pending_manual_or_image_review,Drive/2023/[2023-04-12-2118]4月12日指数估值数据全面注册制实施打新股还有收益么.md
2023-04-14,A股,19Zp9YuipgJoQIUtlEYmIwcPZ39M1Ea3Y,[2023-04-14-2128]4月14日指数估值数据小盘股指数有啥可以选的呢.md,https://drive.google.com/file/d/19Zp9YuipgJoQIUtlEYmIwcPZ39M1Ea3Y/view?usp=drivesdk,approximate_range,4.7,4.8,,今天大盘整体微涨，波动不大，还是在4.7-4.8星级上下。,pending_manual_or_image_review,Drive/2023/[2023-04-14-2128]4月14日指数估值数据小盘股指数有啥可以选的呢.md
2023-04-17,A股,1si2KvKuoiRF0D6Ypnmkz7m8mA88NNlhX,[2023-04-17-2142]4月17日指数估值数据今年上涨的两类品种.md,https://drive.google.com/file/d/1si2KvKuoiRF0D6Ypnmkz7m8mA88NNlhX/view?usp=drivesdk,approximate_range,4.7,4.8,,今天大盘整体上涨，还是在4.7-4.8星级上下。,pending_manual_or_image_review,Drive/2023/[2023-04-17-2142]4月17日指数估值数据今年上涨的两类品种.md
2023-04-18,A股,19m7Aplt-pbA1iKliMO5fW2v19aXM3y_A,[2023-04-18-2124]4月18日指数估值数据螺丝钉定投实盘第263期投顾组合发车.md,https://drive.google.com/file/d/19m7Aplt-pbA1iKliMO5fW2v19aXM3y_A/view?usp=drivesdk,approximate_range,4.7,4.8,,今天大盘整体波动不大，还是在4.7-4.8星级上下。,pending_manual_or_image_review,Drive/2023/[2023-04-18-2124]4月18日指数估值数据螺丝钉定投实盘第263期投顾组合发车.md
2023-04-19,A股,1Q2Q8d4pWt9LEG9qLCjrtjdWccwrUwKRl,[2023-04-19-2133]4月19日指数估值数据坚持价值投资不是那么容易.md,https://drive.google.com/file/d/1Q2Q8d4pWt9LEG9qLCjrtjdWccwrUwKRl/view?usp=drivesdk,approximate_range,4.7,4.8,,今天大盘整体下跌，还是在4.7-4.8星级上下。,pending_manual_or_image_review,Drive/2023/[2023-04-19-2133]4月19日指数估值数据坚持价值投资不是那么容易.md
2023-04-20,A股,1s5dV3atV5fEozkzZejYZuSXceEnC8kpE,[2023-04-20-2126]4月20日指数估值数据红利指数基金如何止盈.md,https://drive.google.com/file/d/1s5dV3atV5fEozkzZejYZuSXceEnC8kpE/view?usp=drivesdk,approximate_range,4.7,4.8,,今天大盘整体下跌，还是在4.7-4.8星级上下。,pending_manual_or_image_review,Drive/2023/[2023-04-20-2126]4月20日指数估值数据红利指数基金如何止盈.md
2023-05-03,A股,1DAk6hZdAMl59zoHqExaEpLVZiASO1Xy-,[2023-05-03-2126]5月3日指数估值数据假期里市场波动如何.md,https://drive.google.com/file/d/1DAk6hZdAMl59zoHqExaEpLVZiASO1Xy-/view?usp=drivesdk,no_exact_text_evidence,,,,原创 银行螺丝钉 银行螺丝钉 银行螺丝钉 _2023年05月03日 21:26_ __ _ _ _ _ _ 山东 _ 在小说阅读器读本章 去阅读 **文 | 银行螺丝钉 （转载请注明出处）** ![](images/[2023-05-03-2126]5月3日指数估值数据假期里市场波动如何/img_72d7bc74a6de6d3df49efc0c.png) 五一假期马上就要结束啦。 本周二周三因为还是在假期，基金暂停交易，所以本周发车暂停一次。 下周继续。 按照惯例，假期最后一天，螺丝钉也会回顾下假期里的波动。 目前市场还是在4.9星级。 先来看看假期里主要指数的波动情况。 ** 1\. A股假期里没有交易，没有涨跌波动。 ** **,pending_manual_or_image_review,Drive/2023/[2023-05-03-2126]5月3日指数估值数据假期里市场波动如何.md
2023-05-04,A股,1mNZUvW5YJ6_TPFSmAik3yDmNoooKxdrU,[2023-05-04-2128]5月4日指数估值数据美股继续加息对我们投资有什么影响.md,https://drive.google.com/file/d/1mNZUvW5YJ6_TPFSmAik3yDmNoooKxdrU/view?usp=drivesdk,approximate_range,4.8,4.9,,今天大盘整体波动不大，还是在4.8-4.9星级边界。,pending_manual_or_image_review,Drive/2023/[2023-05-04-2128]5月4日指数估值数据美股继续加息对我们投资有什么影响.md
2023-05-08,A股,1XcMnq5Co5l5R3QlJHmMyZ4mc4c7Ld7jn,[2023-05-08-2135]5月8日指数估值数据300价值回到正常估值.md,https://drive.google.com/file/d/1XcMnq5Co5l5R3QlJHmMyZ4mc4c7Ld7jn/view?usp=drivesdk,approximate_range,4.8,4.9,,今天大盘整体上涨，目前还是在4.8-4.9星级上下。,pending_manual_or_image_review,Drive/2023/[2023-05-08-2135]5月8日指数估值数据300价值回到正常估值.md
2023-05-18,A股,1xJQmH0BPTHmI7xOpxHsYs1OjbbMQSGRc,[2023-05-18-2140]5月18日指数估值数据封闭式基金值得投资么.md,https://drive.google.com/file/d/1xJQmH0BPTHmI7xOpxHsYs1OjbbMQSGRc/view?usp=drivesdk,no_exact_text_evidence,,,,原创 银行螺丝钉 银行螺丝钉 银行螺丝钉 _2023年05月18日 21:40_ __ _ _ _ _ _ 北京 _ 在小说阅读器读本章 去阅读 **文 | 银行螺丝钉 （转载请注明出处）** ![](images/[2023-05-18-2140]5月18日指数估值数据封闭式基金值得投资么/img_72d7bc74a6de6d3df49efc0c.png) 今天大盘整体波动不大。还是在4.9星级。 沪深300微跌，中证500等中小盘微涨。 港股科技股、中特估等低估值品种整体上涨。 前几天中特估等低估品种回调， 昨天300价值等指数刚摸到低估，今天又上涨，距离正常估值比较近。 红利、低波动等指数也整体上涨。目前这些还是在正常估值。 ,pending_manual_or_image_review,Drive/2023/[2023-05-18-2140]5月18日指数估值数据封闭式基金值得投资么.md
2023-05-23,A股,1yTfrEV9E0yxZOGm17GlH6yV6HmnI5FfJ,[2023-05-23-2124]5月23日指数估值数据回到5星amp螺丝钉定投实盘第267期投顾组合发车.md,https://drive.google.com/file/d/1yTfrEV9E0yxZOGm17GlH6yV6HmnI5FfJ/view?usp=drivesdk,integer_regime_only,,,5,截止到收盘，重新回到5星级,coarse_integer_not_exact,Drive/2023/[2023-05-23-2124]5月23日指数估值数据回到5星amp螺丝钉定投实盘第267期投顾组合发车.md
2023-05-24,A股,1UM1gsiNhR6iVL5GVnEjA22VXWRti4VUu,[2023-05-24-2123]5月24日指数估值数据5星级买入未来收益会如何.md,https://drive.google.com/file/d/1UM1gsiNhR6iVL5GVnEjA22VXWRti4VUu/view?usp=drivesdk,integer_regime_only,,,5,收盘又回到了5星级,coarse_integer_not_exact,Drive/2023/[2023-05-24-2123]5月24日指数估值数据5星级买入未来收益会如何.md
2023-05-25,A股,1K08xGmLJjMI1gCnG1gSR_Z5HeBY9YA9Q,[2023-05-25-2136]5月25日指数估值数据判断A股涨跌该看哪个指数呢.md,https://drive.google.com/file/d/1K08xGmLJjMI1gCnG1gSR_Z5HeBY9YA9Q/view?usp=drivesdk,integer_regime_only,,,5,目前还是在5星级,coarse_integer_not_exact,Drive/2023/[2023-05-25-2136]5月25日指数估值数据判断A股涨跌该看哪个指数呢.md
2023-05-26,A股,1WOo3rrhM_FvlVwsqlEKFxK0l9vnEetH9,[2023-05-26-2132]5月26日指数估值数据A股跟海外市场谁收益更好.md,https://drive.google.com/file/d/1WOo3rrhM_FvlVwsqlEKFxK0l9vnEetH9/view?usp=drivesdk,integer_regime_only,,,5,今天大盘整体微涨，目前还是在5星级,coarse_integer_not_exact,Drive/2023/[2023-05-26-2132]5月26日指数估值数据A股跟海外市场谁收益更好.md
2023-05-29,A股,1YT9XfwhOw_sNFTktvtEok1MSuLnml9fi,[2023-05-29-2107]5月29日指数估值数据新基金募集又现历史冰点.md,https://drive.google.com/file/d/1YT9XfwhOw_sNFTktvtEok1MSuLnml9fi/view?usp=drivesdk,integer_regime_only,,,5,今天大盘整体微跌，目前还是在5星级,coarse_integer_not_exact,Drive/2023/[2023-05-29-2107]5月29日指数估值数据新基金募集又现历史冰点.md
2023-05-30,A股,1KTl3xpITlmVkkOtRhv4o9UzHCy6Lp8An,[2023-05-30-2114]5月30日指数估值数据螺丝钉定投实盘第268期投顾组合发车.md,https://drive.google.com/file/d/1KTl3xpITlmVkkOtRhv4o9UzHCy6Lp8An/view?usp=drivesdk,integer_regime_only,,,5,到收盘时微涨微跌，目前还是在5星级,coarse_integer_not_exact,Drive/2023/[2023-05-30-2114]5月30日指数估值数据螺丝钉定投实盘第268期投顾组合发车.md
2023-05-31,A股,10kzae1KC9q6R1aDgO0plBCOLdX56K0-I,[2023-05-31-2138]5月31日指数估值数据今年上涨和下跌的品种各有哪些.md,https://drive.google.com/file/d/10kzae1KC9q6R1aDgO0plBCOLdX56K0-I/view?usp=drivesdk,integer_regime_only,,,5,截止到收盘，大盘还是在5星级,coarse_integer_not_exact,Drive/2023/[2023-05-31-2138]5月31日指数估值数据今年上涨和下跌的品种各有哪些.md
2023-06-01,A股,1UW40vJ_mFWB6lLMkF-p5Tvxcz-zz0dfa,[2023-06-01-2136]6月1日指数估值数据有多少人能坚持到牛市呢.md,https://drive.google.com/file/d/1UW40vJ_mFWB6lLMkF-p5Tvxcz-zz0dfa/view?usp=drivesdk,integer_regime_only,,,5,截止到收盘，微涨微跌，还是在5星级,coarse_integer_not_exact,Drive/2023/[2023-06-01-2136]6月1日指数估值数据有多少人能坚持到牛市呢.md
2023-06-02,A股,1oqwsX3wJ9jbIDEIRdoTHihNk_aMQEUMK,[2023-06-02-2105]6月2日指数估值数据反弹了还在5星级吗.md,https://drive.google.com/file/d/1oqwsX3wJ9jbIDEIRdoTHihNk_aMQEUMK/view?usp=drivesdk,integer_regime_only,,,5,截止到收盘，还是在5星级,coarse_integer_not_exact,Drive/2023/[2023-06-02-2105]6月2日指数估值数据反弹了还在5星级吗.md
2023-06-05,A股,1xBNSPhUarMcWNNIWRxoBLsaw1mejNKfy,[2023-06-05-2131]6月5日指数估值数据基金什么时候会有赎回潮.md,https://drive.google.com/file/d/1xBNSPhUarMcWNNIWRxoBLsaw1mejNKfy/view?usp=drivesdk,integer_regime_only,,,5,截止到收盘，大盘还是在5星级,coarse_integer_not_exact,Drive/2023/[2023-06-05-2131]6月5日指数估值数据基金什么时候会有赎回潮.md
2023-06-06,A股,1wSz48gQEU_j0hWQiGrH2g02B4_0saNKl,[2023-06-06-2108]6月6日指数估值数据螺丝钉定投实盘第269期投顾组合发车.md,https://drive.google.com/file/d/1wSz48gQEU_j0hWQiGrH2g02B4_0saNKl/view?usp=drivesdk,integer_regime_only,,,5,截止到收盘，还是在5星级,coarse_integer_not_exact,Drive/2023/[2023-06-06-2108]6月6日指数估值数据螺丝钉定投实盘第269期投顾组合发车.md
2023-06-07,A股,1LuTGZVWvJDNERwVRIC88ZbLOxU78DNKK,[2023-06-07-2128]6月7日指数估值数据方向对了就不怕路远.md,https://drive.google.com/file/d/1LuTGZVWvJDNERwVRIC88ZbLOxU78DNKK/view?usp=drivesdk,integer_regime_only,,,5,今天大盘整体波动不大，还是在5星级,coarse_integer_not_exact,Drive/2023/[2023-06-07-2128]6月7日指数估值数据方向对了就不怕路远.md
2023-06-08,A股,1R7wYZRWwTu0fhg-QDS-xakw1UeT_z4MS,[2023-06-08-2144]6月8日指数估值数据耐心是投资者最好的美德.md,https://drive.google.com/file/d/1R7wYZRWwTu0fhg-QDS-xakw1UeT_z4MS/view?usp=drivesdk,integer_regime_only,,,5,截止到收盘，大盘还是在5星级,coarse_integer_not_exact,Drive/2023/[2023-06-08-2144]6月8日指数估值数据耐心是投资者最好的美德.md
2023-06-09,A股,14aQu2uO-uFAs5lYy1JboHBXVQircsXAh,[2023-06-09-2121]6月9日指数估值数据会不会有6星7星呢.md,https://drive.google.com/file/d/14aQu2uO-uFAs5lYy1JboHBXVQircsXAh/view?usp=drivesdk,integer_regime_only,,,5,今天大盘整体微涨，还是在5星级,coarse_integer_not_exact,Drive/2023/[2023-06-09-2121]6月9日指数估值数据会不会有6星7星呢.md
2023-06-12,A股,1uFM7pXbV7qH52f9YPyonPQ7hV8KuX1EB,[2023-06-12-2135]6月12日指数估值数据基金管理费可能下降是怎么回事呢.md,https://drive.google.com/file/d/1uFM7pXbV7qH52f9YPyonPQ7hV8KuX1EB/view?usp=drivesdk,integer_regime_only,,,5,今天大盘整体微涨，还是在5星级,coarse_integer_not_exact,Drive/2023/[2023-06-12-2135]6月12日指数估值数据基金管理费可能下降是怎么回事呢.md
2023-06-13,A股,1uBcK0cLx9998Iyn1qgn-xl9UNjFyw9tQ,[2023-06-13-2141]6月13日指数估值数据螺丝钉定投实盘第270期投顾组合发车.md,https://drive.google.com/file/d/1uBcK0cLx9998Iyn1qgn-xl9UNjFyw9tQ/view?usp=drivesdk,integer_regime_only,,,5,截止到收盘，还是在5星级,coarse_integer_not_exact,Drive/2023/[2023-06-13-2141]6月13日指数估值数据螺丝钉定投实盘第270期投顾组合发车.md
2023-06-14,A股,14rB1dbrzJ7xocKEx3ss_YdKHloqchTeG,[2023-06-14-2142]6月14日指数估值数据还在5星么.md,https://drive.google.com/file/d/14rB1dbrzJ7xocKEx3ss_YdKHloqchTeG/view?usp=drivesdk,integer_regime_only,,,5,截止到下午收盘，大盘几乎没有涨跌，目前还是在5星级,coarse_integer_not_exact,Drive/2023/[2023-06-14-2142]6月14日指数估值数据还在5星么.md
2023-06-20,A股,1K8dAyyhEQ9U596v2t1zkrUJLSfJSFcRp,[2023-06-20-2128]6月20日指数估值数据螺丝钉定投实盘第271期投顾组合发车.md,https://drive.google.com/file/d/1K8dAyyhEQ9U596v2t1zkrUJLSfJSFcRp/view?usp=drivesdk,no_exact_text_evidence,,,,原创 银行螺丝钉 银行螺丝钉 银行螺丝钉 _2023年06月20日 21:28_ __ _ _ _ _ _ 北京 _ 在小说阅读器读本章 去阅读 **文 | 银行螺丝钉 （转载请注明出处）** ![](images/[2023-06-20-2128]6月20日指数估值数据螺丝钉定投实盘第271期投顾组合发车/img_72d7bc74a6de6d3df49efc0c.png) 大盘整体微跌，波动不大，还是在4.9星级。 家电、A股科技股上涨。 白酒指数下跌，不过目前还没回到低估。 价值风格也普遍下跌。 其他品种波动不大。 港股市场在连涨三周后，本周迎来回调。 最近几个月，港股和A股，涨跌相关性比较强，但港股的波动幅度更大。 （1）去年,pending_manual_or_image_review,Drive/2023/[2023-06-20-2128]6月20日指数估值数据螺丝钉定投实盘第271期投顾组合发车.md
2023-06-21,A股,1d67XITI_wEWJT0UOu7G4CO56PdgFUnVU,[2023-06-21-2031]6月21日指数估值数据重回5星级.md,https://drive.google.com/file/d/1d67XITI_wEWJT0UOu7G4CO56PdgFUnVU/view?usp=drivesdk,integer_regime_only,,,5,截止到收盘，又回到了5星级,coarse_integer_not_exact,Drive/2023/[2023-06-21-2031]6月21日指数估值数据重回5星级.md
2023-06-26,A股,1tdPn5mn4a3EON9KbogwoZCblkxj2cZIt,[2023-06-26-2138]6月26日指数估值数据5星级大学选啥专业.md,https://drive.google.com/file/d/1tdPn5mn4a3EON9KbogwoZCblkxj2cZIt/view?usp=drivesdk,integer_regime_only,,,5,截止到收盘，还是在5星级,coarse_integer_not_exact,Drive/2023/[2023-06-26-2138]6月26日指数估值数据5星级大学选啥专业.md
2023-06-27,A股,1V-Kh84XF1LgOP4SGOk1kRALY35CecfvX,[2023-06-27-2133]6月27日指数估值数据螺丝钉定投实盘第272期投顾组合发车.md,https://drive.google.com/file/d/1V-Kh84XF1LgOP4SGOk1kRALY35CecfvX/view?usp=drivesdk,integer_regime_only,,,5,截止到收盘，还是在5星级,coarse_integer_not_exact,Drive/2023/[2023-06-27-2133]6月27日指数估值数据螺丝钉定投实盘第272期投顾组合发车.md
2023-06-28,A股,1_TqOIolMKPwzIeLA1fgQgLoBNwDBSYYt,[2023-06-28-2140]6月28日指数估值数据熊市浮亏的钱被谁赚走了.md,https://drive.google.com/file/d/1_TqOIolMKPwzIeLA1fgQgLoBNwDBSYYt/view?usp=drivesdk,integer_regime_only,,,5,今天大盘整体微跌，大盘还是在5星级,coarse_integer_not_exact,Drive/2023/[2023-06-28-2140]6月28日指数估值数据熊市浮亏的钱被谁赚走了.md
2023-06-29,A股,1yVsMpaXoKpXokfc3U0eUh7kp9HwM3Jtx,[2023-06-29-2145]6月29日指数估值数据为啥长期收益高的基金也会亏钱呢.md,https://drive.google.com/file/d/1yVsMpaXoKpXokfc3U0eUh7kp9HwM3Jtx/view?usp=drivesdk,integer_regime_only,,,5,今天大盘整体波动不大，还是在5星级,coarse_integer_not_exact,Drive/2023/[2023-06-29-2145]6月29日指数估值数据为啥长期收益高的基金也会亏钱呢.md
2023-06-30,A股,1cvX4pvAOtMhbIlZjE2xTzOeYvjH8D9oi,[2023-06-30-2130]6月30日指数估值数据上半年在5星级中结束.md,https://drive.google.com/file/d/1cvX4pvAOtMhbIlZjE2xTzOeYvjH8D9oi/view?usp=drivesdk,integer_regime_only,,,5,截止到收盘，大盘还是在5星级,coarse_integer_not_exact,Drive/2023/[2023-06-30-2130]6月30日指数估值数据上半年在5星级中结束.md
2023-07-05,A股,1VJ5HmtzV67jMosqjU0ihSXVZ4VMyCTvl,[2023-07-05-2124]7月5日指数估值数据不同股票资产波动风险会不会有区别.md,https://drive.google.com/file/d/1VJ5HmtzV67jMosqjU0ihSXVZ4VMyCTvl/view?usp=drivesdk,approximate_range,4.9,5,,今天大盘下跌，截止到收盘， 又回到了4.9到5星级边界上。,pending_manual_or_image_review,Drive/2023/[2023-07-05-2124]7月5日指数估值数据不同股票资产波动风险会不会有区别.md
2023-07-06,A股,1huBjsPo4Ak00wX8clLn2vvjapRgPnzuE,[2023-07-06-2142]7月6日指数估值数据定投是无限现金流吗.md,https://drive.google.com/file/d/1huBjsPo4Ak00wX8clLn2vvjapRgPnzuE/view?usp=drivesdk,integer_regime_only,,,5,截止到收盘，还是在5星级,coarse_integer_not_exact,Drive/2023/[2023-07-06-2142]7月6日指数估值数据定投是无限现金流吗.md
2023-07-07,A股,194cJid-t6ER10RGx07LyLnJXh8tXqDn4,[2023-07-07-2139]7月7日指数估值数据5星级出现的多吗.md,https://drive.google.com/file/d/194cJid-t6ER10RGx07LyLnJXh8tXqDn4/view?usp=drivesdk,integer_regime_only,,,5,收盘估值，5星级,coarse_integer_not_exact,Drive/2023/[2023-07-07-2139]7月7日指数估值数据5星级出现的多吗.md
2023-07-10,A股,1BKGyc13DpoK1dlyqYcOSLQBczyWP4N21,[2023-07-10-2132]7月10日指数估值数据基金降费落地了.md,https://drive.google.com/file/d/1BKGyc13DpoK1dlyqYcOSLQBczyWP4N21/view?usp=drivesdk,no_exact_text_evidence,,,,原创 银行螺丝钉 银行螺丝钉 银行螺丝钉 _2023年07月10日 21:32_ __ _ _ _ _ _ 北京 _ 在小说阅读器读本章 去阅读 **文 | 银行螺丝钉 （转载请注明出处）** ![](images/[2023-07-10-2132]7月10日指数估值数据基金降费落地了/img_72d7bc74a6de6d3df49efc0c.png) 今天大盘整体上涨，截止到收盘，还是在五星级。不过距离4.9星级不远。 消费、医药、港股、新能源等普遍上涨。 到收盘涨幅有所回落。 保险、银行等价值风格品种相对低迷。 ** 1\. 前几周我们提到基金行业未来可能会降费。 ** ** 上周末，降费消息落地。 ** 很多基金公司在周六发布,pending_manual_or_image_review,Drive/2023/[2023-07-10-2132]7月10日指数估值数据基金降费落地了.md
2023-07-11,A股,1k4EHY8o4TSof6DfhWU-sbfmYcnI_qWvO,[2023-07-11-2116]7月11日指数估值数据螺丝钉定投实盘第274期投顾组合发车.md,https://drive.google.com/file/d/1k4EHY8o4TSof6DfhWU-sbfmYcnI_qWvO/view?usp=drivesdk,integer_regime_only,,,5,回到5星级,coarse_integer_not_exact,Drive/2023/[2023-07-11-2116]7月11日指数估值数据螺丝钉定投实盘第274期投顾组合发车.md
2023-07-12,A股,1Cr2cADjzKOCFII25EGrLJLcnlhaSi-vS,[2023-07-12-2138]7月12日指数估值数据北证50指数适合投资么.md,https://drive.google.com/file/d/1Cr2cADjzKOCFII25EGrLJLcnlhaSi-vS/view?usp=drivesdk,integer_regime_only,,,5,截止到收盘，还是在5星级,coarse_integer_not_exact,Drive/2023/[2023-07-12-2138]7月12日指数估值数据北证50指数适合投资么.md
2023-07-13,A股,19rmQZk99HHOH3nEHgau4jCxrpREEPyOV,[2023-07-13-2150]7月13日指数估值数据利率涨跌对我们投资有什么影响.md,https://drive.google.com/file/d/19rmQZk99HHOH3nEHgau4jCxrpREEPyOV/view?usp=drivesdk,approximate_range,4.9,5,,今天大盘整体上涨，截止到收盘，处于4.9到5星级上下。,pending_manual_or_image_review,Drive/2023/[2023-07-13-2150]7月13日指数估值数据利率涨跌对我们投资有什么影响.md
2023-07-17,A股,1E2X-qG1QwM7pi63SwsUV2B2Pve3gM9Fk,[2023-07-17-2139]7月17日指数估值数据历史星级可以随时查看啦.md,https://drive.google.com/file/d/1E2X-qG1QwM7pi63SwsUV2B2Pve3gM9Fk/view?usp=drivesdk,integer_regime_only,,,5,截止到收盘，又回到了5星级,coarse_integer_not_exact,Drive/2023/[2023-07-17-2139]7月17日指数估值数据历史星级可以随时查看啦.md
2023-07-18,A股,1_SYMwFhAD2dKzhjnrIUJuT4rKZZQQ8FN,[2023-07-18-2110]7月18日指数估值数据螺丝钉定投实盘第275期投顾组合发车.md,https://drive.google.com/file/d/1_SYMwFhAD2dKzhjnrIUJuT4rKZZQQ8FN/view?usp=drivesdk,integer_regime_only,,,5,今天大盘整体微跌，波动不大，还是在5星级,coarse_integer_not_exact,Drive/2023/[2023-07-18-2110]7月18日指数估值数据螺丝钉定投实盘第275期投顾组合发车.md
2023-07-19,A股,18gJohZL7D1oAPCzz4_Fkb4mqLogrhrIU,[2023-07-19-2137]7月19日指数估值数据未来一定会出现三星级吗.md,https://drive.google.com/file/d/18gJohZL7D1oAPCzz4_Fkb4mqLogrhrIU/view?usp=drivesdk,integer_regime_only,,,5,截止到收盘，还是在5星级,coarse_integer_not_exact,Drive/2023/[2023-07-19-2137]7月19日指数估值数据未来一定会出现三星级吗.md
2023-07-20,A股,1EaYWKK0nbzTrQy5tIRN3VR04dnn4cThi,[2023-07-20-2145]7月20日指数估值数据想家庭财务健康这些事要谨慎.md,https://drive.google.com/file/d/1EaYWKK0nbzTrQy5tIRN3VR04dnn4cThi/view?usp=drivesdk,integer_regime_only,,,5,截止到收盘，还是在5星级,coarse_integer_not_exact,Drive/2023/[2023-07-20-2145]7月20日指数估值数据想家庭财务健康这些事要谨慎.md
2023-07-21,A股,1fT5OCEGI2rrjTytG-gWTXnLFRxO3aVOM,[2023-07-21-2111]7月21日指数估值数据个人投资者有什么优势.md,https://drive.google.com/file/d/1fT5OCEGI2rrjTytG-gWTXnLFRxO3aVOM/view?usp=drivesdk,integer_regime_only,,,5,截止到收盘还是在5星级,coarse_integer_not_exact,Drive/2023/[2023-07-21-2111]7月21日指数估值数据个人投资者有什么优势.md
2023-07-24,A股,1pd2VREI-Uc2x3Bg-6mAPIKemcbbV5V5k,[2023-07-24-2147]7月24日指数估值数据预估净值下架对投资有影响么.md,https://drive.google.com/file/d/1pd2VREI-Uc2x3Bg-6mAPIKemcbbV5V5k/view?usp=drivesdk,integer_regime_only,,,5,截至收盘，还是在5星级,coarse_integer_not_exact,Drive/2023/[2023-07-24-2147]7月24日指数估值数据预估净值下架对投资有影响么.md
2023-07-26,A股,1jigyLuaJTJ2ADFRotbqKRpIyBJl6XXMc,[2023-07-26-2142]7月26日指数估值数据投资股票基金多久来一次行情.md,https://drive.google.com/file/d/1jigyLuaJTJ2ADFRotbqKRpIyBJl6XXMc/view?usp=drivesdk,integer_regime_only,,,5,回到5星级,coarse_integer_not_exact,Drive/2023/[2023-07-26-2142]7月26日指数估值数据投资股票基金多久来一次行情.md
2023-07-27,A股,1tvuyauZkfDjq5pclN9-6dzL6_yVccELp,[2023-07-27-2133]7月27日指数估值数据纳斯达克100首次临时再平衡是怎么回事呢.md,https://drive.google.com/file/d/1tvuyauZkfDjq5pclN9-6dzL6_yVccELp/view?usp=drivesdk,no_exact_text_evidence,,,,原创 银行螺丝钉 银行螺丝钉 银行螺丝钉 _2023年07月27日 21:33_ __ _ _ _ _ _ 北京 _ 在小说阅读器读本章 去阅读 **文 | 银行螺丝钉 （转载请注明出处）** ![](images/[2023-07-27-2133]7月27日指数估值数据纳斯达克100首次临时再平衡是怎么回事呢/img_72d7bc74a6de6d3df49efc0c.png) 今天上午大盘整体上涨，不过到了下午收盘，变成微跌。 还是在5星级，距离4.9星级不远的位置。 消费、银行、红利等指数上涨。 中小盘相对低迷一些，中证500、中证1000指数下跌。 大小盘股还是涨跌分化的。 港股今天涨幅比较高。 恒生科技指数上涨2.9%。 昨,pending_manual_or_image_review,Drive/2023/[2023-07-27-2133]7月27日指数估值数据纳斯达克100首次临时再平衡是怎么回事呢.md
2023-08-01,A股,1hmoMf1T_g9tlh_BZaaUbw7PVI7wIB84k,[2023-08-01-2119]8月1日指数估值数据螺丝钉定投实盘第277期投顾组合发车.md,https://drive.google.com/file/d/1hmoMf1T_g9tlh_BZaaUbw7PVI7wIB84k/view?usp=drivesdk,no_exact_text_evidence,,,,原创 银行螺丝钉 银行螺丝钉 银行螺丝钉 _2023年08月01日 21:19_ __ _ _ _ _ _ 北京 _ 在小说阅读器读本章 去阅读 **文 | 银行螺丝钉 （转载请注明出处）** ![](images/[2023-08-01-2119]8月1日指数估值数据螺丝钉定投实盘第277期投顾组合发车/img_72d7bc74a6de6d3df49efc0c.png) 今天大盘高开低走，截止到收盘，整体微跌，波动不大。 还是在4.9星级。 上周低迷的中小盘，今天整体微涨。 大盘股下跌。 消费等下跌，不过因为前几周的上涨，消费目前还是正常偏低的估值。 历史上，每次从熊市5星级涨起来，都不是一帆风顺的。 中间也会伴随几次10%以上级,pending_manual_or_image_review,Drive/2023/[2023-08-01-2119]8月1日指数估值数据螺丝钉定投实盘第277期投顾组合发车.md
2023-08-11,A股,1iQIjPYUf4eP1suShRK1va8K6DbV_Zn5H,[2023-08-11-2138]8月11日指数估值数据重回5星级新指数来了.md,https://drive.google.com/file/d/1iQIjPYUf4eP1suShRK1va8K6DbV_Zn5H/view?usp=drivesdk,integer_regime_only,,,5,今天大盘整体下跌，又回到了5星级,coarse_integer_not_exact,Drive/2023/[2023-08-11-2138]8月11日指数估值数据重回5星级新指数来了.md
2023-08-14,A股,1ZM_pAQw6wWMIFgWJyELC__ZnJ5yRYq0w,[2023-08-14-2135]8月14日指数估值数据债类品种投资如何减少风险.md,https://drive.google.com/file/d/1ZM_pAQw6wWMIFgWJyELC__ZnJ5yRYq0w/view?usp=drivesdk,integer_regime_only,,,5,截止到收盘，还是在5星,coarse_integer_not_exact,Drive/2023/[2023-08-14-2135]8月14日指数估值数据债类品种投资如何减少风险.md
2023-08-15,A股,1CE2dNX2dwytoFXmCpSxk9v9sgPU-nXLn,[2023-08-15-2132]8月15日指数估值数据螺丝钉定投实盘第279期投顾组合发车.md,https://drive.google.com/file/d/1CE2dNX2dwytoFXmCpSxk9v9sgPU-nXLn/view?usp=drivesdk,integer_regime_only,,,5,到收盘还是在5星,coarse_integer_not_exact,Drive/2023/[2023-08-15-2132]8月15日指数估值数据螺丝钉定投实盘第279期投顾组合发车.md
2023-08-17,A股,1FPik18Z2RYBZDcWSOK0bHxS0IMGoHkf_,[2023-08-17-2148]8月17日指数估值数据上证深证中证等指数怎么区分呢.md,https://drive.google.com/file/d/1FPik18Z2RYBZDcWSOK0bHxS0IMGoHkf_/view?usp=drivesdk,approximate_range,5,5.1,,今天大盘先跌后反弹，到收盘整体上涨，还是在5.1-5星级上下。,pending_manual_or_image_review,Drive/2023/[2023-08-17-2148]8月17日指数估值数据上证深证中证等指数怎么区分呢.md
2023-08-21,A股,1lVw6cFPUPCVH1zF-fzev93AW6y_u9vo1,[2023-08-21-2144]8月21日指数估值数据全球市场波动的原因养老问题如何解决.md,https://drive.google.com/file/d/1lVw6cFPUPCVH1zF-fzev93AW6y_u9vo1/view?usp=drivesdk,approximate_range,5.1,5.2,,今天大盘整体下跌，截止到收盘，在5.1-5.2星级上下。,pending_manual_or_image_review,Drive/2023/[2023-08-21-2144]8月21日指数估值数据全球市场波动的原因养老问题如何解决.md
2023-09-04,A股,1sHBX8UG3yEFW1Q-hYX0WvDoSHMepnJ2N,[2023-09-04-2140]9月4日指数估值数据高频量化受限对我们投资有影响么.md,https://drive.google.com/file/d/1sHBX8UG3yEFW1Q-hYX0WvDoSHMepnJ2N/view?usp=drivesdk,approximate_range,5,5.1,,今天大盘整体上涨，截止到收盘，在5-5.1星级上下。,pending_manual_or_image_review,Drive/2023/[2023-09-04-2140]9月4日指数估值数据高频量化受限对我们投资有影响么.md
2023-09-05,A股,1ZXoKiIl9zq37rzRrNfy_gdDeHhEYFJRx,[2023-09-05-2102]9月5日指数估值数据螺丝钉定投实盘第282期投顾组合发车.md,https://drive.google.com/file/d/1ZXoKiIl9zq37rzRrNfy_gdDeHhEYFJRx/view?usp=drivesdk,approximate_range,5,5.1,,今天大盘回调，截止到收盘，还是在5-5.1星级上下。,pending_manual_or_image_review,Drive/2023/[2023-09-05-2102]9月5日指数估值数据螺丝钉定投实盘第282期投顾组合发车.md
2023-09-06,A股,1sFW-gpo63boFKB9Gzmy53WL8-urkRe0k,[2023-09-06-2118]9月6日指数估值数据利好频出啥时候来牛市呢.md,https://drive.google.com/file/d/1sFW-gpo63boFKB9Gzmy53WL8-urkRe0k/view?usp=drivesdk,integer_regime_only,,,5,回到5星级,coarse_integer_not_exact,Drive/2023/[2023-09-06-2118]9月6日指数估值数据利好频出啥时候来牛市呢.md
2023-09-15,A股,1QXpgJtMP0O-asY3WfHRM-Va8OaOzF9Ry,[2023-09-15-2141]9月15日指数估值数据港股创业板指数快跌没了怎么回事.md,https://drive.google.com/file/d/1QXpgJtMP0O-asY3WfHRM-Va8OaOzF9Ry/view?usp=drivesdk,approximate_range,5.1,5.2,,截止到下午收盘，回到5.2-5.1星级上下。,pending_manual_or_image_review,Drive/2023/[2023-09-15-2141]9月15日指数估值数据港股创业板指数快跌没了怎么回事.md
2023-09-19,A股,1zrn3AV26Ut0uiKPRyDpfI2GTkVSbWFvx,[2023-09-19-2131]9月19日指数估值数据螺丝钉定投实盘第284期投顾组合发车.md,https://drive.google.com/file/d/1zrn3AV26Ut0uiKPRyDpfI2GTkVSbWFvx/view?usp=drivesdk,approximate_range,5.1,5.2,,今天大盘整体微跌，截止到收盘，还是在5.1-5.2星级上下。,pending_manual_or_image_review,Drive/2023/[2023-09-19-2131]9月19日指数估值数据螺丝钉定投实盘第284期投顾组合发车.md
2023-09-28,A股,1EFhBk1lpyYGQKDiDvYt0q2GtVexXXpmf,[2023-09-28-2123]9月28日指数估值数据海外市场基金组合可行么.md,https://drive.google.com/file/d/1EFhBk1lpyYGQKDiDvYt0q2GtVexXXpmf/view?usp=drivesdk,no_exact_text_evidence,,,,原创 银行螺丝钉 银行螺丝钉 银行螺丝钉 _2023年09月28日 21:23_ __ _ _ _ _ _ 北京 _ 在小说阅读器读本章 去阅读 **文 | 银行螺丝钉 （转载请注明出处）** ![](images/[2023-09-28-2123]9月28日指数估值数据海外市场基金组合可行么/img_72d7bc74a6de6d3df49efc0c.png) 今天是节前最后一个交易日。 大盘整体波动不大，微涨微跌，还是在5.2星级。 今天中小盘、银行等微涨。 沪深300等大盘股、消费医药、港股等下跌。 ** 1\. 有朋友问，能不能做一个海外市场股票投顾组合呢？ ** 比如说，用一个组合，可以投资全部海外股票市场。 这样做出的组合,pending_manual_or_image_review,Drive/2023/[2023-09-28-2123]9月28日指数估值数据海外市场基金组合可行么.md
2023-10-08,A股,1iy5M2HkdYRwHYQ29Mwk8D8C3KTKM_fca,[2023-10-08-2126]10月8日指数估值数据假期里股市表现如何.md,https://drive.google.com/file/d/1iy5M2HkdYRwHYQ29Mwk8D8C3KTKM_fca/view?usp=drivesdk,market_closed_no_new_target,,,,A股没有交易,pending_manual_or_image_review,Drive/2023/[2023-10-08-2126]10月8日指数估值数据假期里股市表现如何.md
2023-10-31,A股,1_xywTmhVZWgcaFeQuW0GuOnyaNCTr9-7,[2023-10-31-2128]10月31日指数估值数据螺丝钉定投实盘第289期投顾组合发车.md,https://drive.google.com/file/d/1_xywTmhVZWgcaFeQuW0GuOnyaNCTr9-7/view?usp=drivesdk,approximate_range,5.2,5.3,,截止到收盘，在5.2-5.3星级上下。,pending_manual_or_image_review,Drive/2023/[2023-10-31-2128]10月31日指数估值数据螺丝钉定投实盘第289期投顾组合发车.md
2023-11-01,A股,1nnx8DhyMfvDbwO3YbvsLgmh6IS6lHvV-,[2023-11-01-2141]11月1日指数估值数据三季度上市公司的盈利增长如何.md,https://drive.google.com/file/d/1nnx8DhyMfvDbwO3YbvsLgmh6IS6lHvV-/view?usp=drivesdk,approximate_range,5.2,5.3,,截止到收盘，还是在5.2-5.3星级上下。,pending_manual_or_image_review,Drive/2023/[2023-11-01-2141]11月1日指数估值数据三季度上市公司的盈利增长如何.md
2023-11-20,A股,1PhOGZEfZVsdG_qs4A-KK9ZdNgvgU5q-f,[2023-11-20-2142]11月20日指数估值数据私募卷款跑路是怎么回事呢.md,https://drive.google.com/file/d/1PhOGZEfZVsdG_qs4A-KK9ZdNgvgU5q-f/view?usp=drivesdk,no_exact_text_evidence,,,,原创 银行螺丝钉 银行螺丝钉 银行螺丝钉 _2023年11月20日 21:42_ __ _ _ _ _ _ 北京 _ 在小说阅读器读本章 去阅读 **文 | 银行螺丝钉 （转载请注明出处）** ![](images/[2023-11-20-2142]11月20日指数估值数据私募卷款跑路是怎么回事呢/img_72d7bc74a6de6d3df49efc0c.png) 今天大盘先跌后反弹，截止到收盘，整体上涨。 还是在5.2星级，不过距离5.1很接近。 今天人民币汇率升值较多，带动人民币资产升值。 最近两年A股港股上涨阶段，通常也伴随着人民币汇率上的升值。 医药医疗、消费等上涨较多。 价值风格、证券等相对低迷。 今天港股上涨较多。 港股,pending_manual_or_image_review,Drive/2023/[2023-11-20-2142]11月20日指数估值数据私募卷款跑路是怎么回事呢.md
2023-11-21,A股,1kRcHFAc77wPBh9lcIGbrX1uik6RwQIOh,[2023-11-21-2129]11月21日指数估值数据螺丝钉定投实盘第292期投顾组合发车.md,https://drive.google.com/file/d/1kRcHFAc77wPBh9lcIGbrX1uik6RwQIOh/view?usp=drivesdk,no_exact_text_evidence,,,,原创 银行螺丝钉 银行螺丝钉 银行螺丝钉 _2023年11月21日 21:29_ __ _ _ _ _ _ 北京 _ 在小说阅读器读本章 去阅读 **文 | 银行螺丝钉 （转载请注明出处）** ![](images/[2023-11-21-2129]11月21日指数估值数据螺丝钉定投实盘第292期投顾组合发车/img_72d7bc74a6de6d3df49efc0c.png) 上午大盘整体微涨 ，不过到下午收盘变成微跌。 全天变化不大，还是在5.2星级。 价值风格比较强势。 价值、红利、地产等上涨。 白酒指数受龙头公司分红影响，上涨较多。 前两天上涨较多的中小盘、成长风格今天低迷一些。 涨幅最高的是北证50，一度上涨超过10%。 因,pending_manual_or_image_review,Drive/2023/[2023-11-21-2129]11月21日指数估值数据螺丝钉定投实盘第292期投顾组合发车.md
2023-12-15,A股,1LWvRRCt0sIzVd6CTNH1m7pKf0qZjlGfj,[2023-12-15-2149]12月15日指数估值数据摸到54星级抽奖福利.md,https://drive.google.com/file/d/1LWvRRCt0sIzVd6CTNH1m7pKf0qZjlGfj/view?usp=drivesdk,approximate_range,5.3,5.4,,到收盘略微反弹，在5.3-5.4星级边界上。,pending_manual_or_image_review,Drive/2023/[2023-12-15-2149]12月15日指数估值数据摸到54星级抽奖福利.md
2023-12-21,A股,1BEDNObU-NUKmIHfba35mm4hflmVJXlZG,[2023-12-21-2136]12月21日指数估值数据百分位估值表来了未来全面牛市多还是板块牛市多呢.md,https://drive.google.com/file/d/1BEDNObU-NUKmIHfba35mm4hflmVJXlZG/view?usp=drivesdk,no_exact_text_evidence,,,,原创 银行螺丝钉 银行螺丝钉 银行螺丝钉 _2023年12月21日 21:36_ __ _ _ _ _ _ 北京 _ 在小说阅读器读本章 去阅读 **文 | 银行螺丝钉 （转载请注明出处）** ![](images/[2023-12-21-2136]12月21日指数估值数据百分位估值表来了未来全面牛市多还是板块牛市多呢/img_72d7bc74a6de6d3df49efc0c.png) 今天大盘开盘下跌，随后反弹，截止到收盘整体上涨， 还是在5.4星级。 不过市场涨跌还是分化的。 消费、创业板上涨较多，大盘股上涨较多。 前段时间比较抗跌的中小盘、红利等低迷。 市场人气有限，不同品种更多的是轮动走势。 ** 本周 ** ** ** 百,pending_manual_or_image_review,Drive/2023/[2023-12-21-2136]12月21日指数估值数据百分位估值表来了未来全面牛市多还是板块牛市多呢.md
2024-01-16,A股,1EMmew8TabhdT4ZtVCcIrzTcjYPnUC79F,[2024-01-16-2142]1月16日指数估值数据螺丝钉定投实盘第300期投顾组合发车.md,https://drive.google.com/file/d/1EMmew8TabhdT4ZtVCcIrzTcjYPnUC79F/view?usp=drivesdk,no_exact_text_evidence,,,,原创 银行螺丝钉 银行螺丝钉 银行螺丝钉 _2024年01月16日 21:42_ __ _ _ _ _ _ 北京 _ 在小说阅读器读本章 去阅读 **文 | 银行螺丝钉 （转载请注明出处）** ![](images/[2024-01-16-2142]1月16日指数估值数据螺丝钉定投实盘第300期投顾组合发车/img_72d7bc74a6de6d3df49efc0c.png) 今天A股上午整体下跌，不过到下午又反弹。 全天下来，A股整体波动不大，还是在5.5星级。 银行、红利、价值等价值风格下跌较少，相对抗跌。 中小盘、成长风格、港股下跌较多一些。 后续也有可能会遇到中小盘、成长风格强势的阶段。 A股风格轮动的特征还是比较明显。 **,pending_manual_or_image_review,Drive/2024/[2024-01-16-2142]1月16日指数估值数据螺丝钉定投实盘第300期投顾组合发车.md
2024-01-23,A股,1us21oKVlKVGVi82ZSbtkeOA1nGk8dTbK,[2024-01-23-2158]1月23日指数估值数据螺丝钉定投实盘第301期投顾组合发车.md,https://drive.google.com/file/d/1us21oKVlKVGVi82ZSbtkeOA1nGk8dTbK/view?usp=drivesdk,no_exact_text_evidence,,,,原创 银行螺丝钉 银行螺丝钉 银行螺丝钉 _2024年01月23日 21:58_ __ _ _ _ _ _ 北京 _ 在小说阅读器读本章 去阅读 **文 | 银行螺丝钉 （转载请注明出处）** ![](images/[2024-01-23-2158]1月23日指数估值数据螺丝钉定投实盘第301期投顾组合发车/img_72d7bc74a6de6d3df49efc0c.png) 今天大盘开盘下跌，到下午反弹了回来。 全天大盘上涨，还是在5.7星级。 中证全指上涨0.76%。 前几天下跌较多的港股，今天大幅反弹。 港股这两年弹性比 A股还大一些，也就是下跌跌的多，反弹涨的也多。 沪深300今天微涨。中小盘指数上涨较多，中证500、中证10,pending_manual_or_image_review,Drive/2024/[2024-01-23-2158]1月23日指数估值数据螺丝钉定投实盘第301期投顾组合发车.md
2024-02-20,A股,1qrtyTAb5hMEfU8z8gZP_TOaBYLm8-O_s,[2024-02-20-2144]2月20日指数估值数据大盘5连涨螺丝钉定投实盘第304期投顾组合发车.md,https://drive.google.com/file/d/1qrtyTAb5hMEfU8z8gZP_TOaBYLm8-O_s/view?usp=drivesdk,no_exact_text_evidence,,,,原创 银行螺丝钉 银行螺丝钉 银行螺丝钉 _2024年02月20日 21:44_ __ _ _ _ _ _ 北京 _ 在小说阅读器读本章 去阅读 **文 | 银行螺丝钉 （转载请注明出处）** ![](images/[2024-02-20-2144]2月20日指数估值数据大盘5连涨螺丝钉定投实盘第304期投顾组合发车/img_72d7bc74a6de6d3df49efc0c.png) 今天大盘整体微涨，也是A股连续5天上涨。 大盘也从1月底5.9星级，反弹到5.6星。 大多数股票微涨。 2月初以来反弹，小盘股比大盘股弹性更高。 沪深300从低点至今反弹9.7% 中证500从低点至今反弹20% 中证1000从低点至今反弹20.8% 投,pending_manual_or_image_review,Drive/2024/[2024-02-20-2144]2月20日指数估值数据大盘5连涨螺丝钉定投实盘第304期投顾组合发车.md
2024-02-23,A股,1cc4MgqtCYV94PtOJux3ZVHMQ2sLq20yx,[2024-02-23-2134]2月23日指数估值数据大盘8连涨抽奖福利.md,https://drive.google.com/file/d/1cc4MgqtCYV94PtOJux3ZVHMQ2sLq20yx/view?usp=drivesdk,no_exact_text_evidence,,,,原创 银行螺丝钉 银行螺丝钉 银行螺丝钉 _2024年02月23日 21:34_ __ _ _ _ _ _ 北京 _ 在小说阅读器读本章 去阅读 **文 | 银行螺丝钉 （转载请注明出处）** ![](images/[2024-02-23-2134]2月23日指数估值数据大盘8连涨抽奖福利/img_72d7bc74a6de6d3df49efc0c.png) 今天A股一度下跌，不过到尾盘上涨，还在5.5星级。 这也是A股大盘连续第8个交易日上涨。 今天大中小盘都上涨。 沪深300等大盘股微涨，小盘股上涨较多。 ** 1\. 本周还发生了一件事情： ** ** 日经225指数，时隔35年，终于再次回到了1989年时的38957点的位置。,pending_manual_or_image_review,Drive/2024/[2024-02-23-2134]2月23日指数估值数据大盘8连涨抽奖福利.md
2024-03-15,A股,1hNDvIM3L2j5Sg26cNRVDm3VqJ4XAC024,[2024-03-15-2155]3月15日指数估值数据主动基金和指数基金谁收益高呢.md,https://drive.google.com/file/d/1hNDvIM3L2j5Sg26cNRVDm3VqJ4XAC024/view?usp=drivesdk,no_exact_text_evidence,,,,原创 银行螺丝钉 银行螺丝钉 银行螺丝钉 _2024年03月15日 21:55_ __ _ _ _ _ _ 北京 _ 在小说阅读器读本章 去阅读 **文 | 银行螺丝钉 （转载请注明出处）** ![](images/[2024-03-15-2155]3月15日指数估值数据主动基金和指数基金谁收益高呢/img_72d7bc74a6de6d3df49efc0c.png) 今天大盘一度下跌，不过到了下午临近收盘拉涨。 全天下来，大盘整体上涨，还是在5.4星级。 不过今天涨跌比较分化。 沪深300等大盘股微涨，中小盘股上涨较多。 前段时间上涨较多的成长风格、港股，今天比较低迷。 整体波动不大。 ** 1\. 有朋友问，指数基金发展这么快，那,pending_manual_or_image_review,Drive/2024/[2024-03-15-2155]3月15日指数估值数据主动基金和指数基金谁收益高呢.md
2024-03-19,A股,1yUaUQJNeirInr0uuddwmO6g9LWPbB4DY,[2024-03-19-2142]3月19日指数估值数据螺丝钉定投实盘第308期投顾组合发车.md,https://drive.google.com/file/d/1yUaUQJNeirInr0uuddwmO6g9LWPbB4DY/view?usp=drivesdk,no_exact_text_evidence,,,,原创 银行螺丝钉 银行螺丝钉 银行螺丝钉 _2024年03月19日 21:42_ __ _ _ _ _ _ 江苏 _ 在小说阅读器读本章 去阅读 **文 | 银行螺丝钉 （转载请注明出处）** ![](images/[2024-03-19-2142]3月19日指数估值数据螺丝钉定投实盘第308期投顾组合发车/img_72d7bc74a6de6d3df49efc0c.png) 今天上午大盘微涨，不过到了下午回落，收盘变成下跌。还是在5.3星级，距离5.4星不远。 今天大中小盘指数都下跌。 大中盘股下跌稍多。 白酒等消费行业比较坚挺，今天上涨。 昨天上涨较多的成长风格、港股等下跌。 市场整体波动不大。 ** 今天继续定投。 ** 最近大,pending_manual_or_image_review,Drive/2024/[2024-03-19-2142]3月19日指数估值数据螺丝钉定投实盘第308期投顾组合发车.md
2024-04-02,A股,1blXKeRWEveGQGz4Z_mYQlyUSseW9k155,[2024-04-02-2135]4月2日指数估值数据螺丝钉定投实盘第310期投顾组合发车.md,https://drive.google.com/file/d/1blXKeRWEveGQGz4Z_mYQlyUSseW9k155/view?usp=drivesdk,approximate_range,5.3,5.4,,今天大盘微跌，波动不大，还是在5.4-5.3星级上下。,pending_manual_or_image_review,Drive/2024/[2024-04-02-2135]4月2日指数估值数据螺丝钉定投实盘第310期投顾组合发车.md
2024-04-11,A股,1LAXYwHTlWEmvywreuiC1qs2XBVbNRCz0,[2024-04-11-2134]4月11日指数估值数据通货膨胀对投资有什么影响百分位估值表和沪深300指数日报来了.md,https://drive.google.com/file/d/1LAXYwHTlWEmvywreuiC1qs2XBVbNRCz0/view?usp=drivesdk,approximate_range,5.4,5.5,,今天大盘整体微涨，截止到收盘，还在5.4-5.5星边界上下。,pending_manual_or_image_review,Drive/2024/[2024-04-11-2134]4月11日指数估值数据通货膨胀对投资有什么影响百分位估值表和沪深300指数日报来了.md
2024-04-15,A股,1bEaobJdDYEut2EmGtyCEt1WQSOsy-2j4,[2024-04-15-2135]4月15日指数估值数据国九条利好对我们投资有什么影响黄金星级已更新.md,https://drive.google.com/file/d/1bEaobJdDYEut2EmGtyCEt1WQSOsy-2j4/view?usp=drivesdk,approximate_range,5.4,5.5,,今天A股整体上涨，还在5.5-5.4星级边界上下。,pending_manual_or_image_review,Drive/2024/[2024-04-15-2135]4月15日指数估值数据国九条利好对我们投资有什么影响黄金星级已更新.md
2024-05-08,A股,11viODntyVxu0skc_3wByH3Kkz0Je8-kS,[2024-05-08-2144]5月8日指数估值数据个人投资者能做到低买高卖逆势投资吗.md,https://drive.google.com/file/d/11viODntyVxu0skc_3wByH3Kkz0Je8-kS/view?usp=drivesdk,approximate_range,5.3,5.4,,今天大盘整体下跌，截止到收盘，在5.3-5.4星边界上下。,pending_manual_or_image_review,Drive/2024/[2024-05-08-2144]5月8日指数估值数据个人投资者能做到低买高卖逆势投资吗.md
2024-05-15,A股,1ArJ9Axwp7PVLPVr3vXcfQTMrtBdBX7Ay,[2024-05-15-2150]5月15日指数估值数据超长期国债对我们投资有什么影响.md,https://drive.google.com/file/d/1ArJ9Axwp7PVLPVr3vXcfQTMrtBdBX7Ay/view?usp=drivesdk,approximate_range,5.3,5.4,,今天大盘整体下跌，到 收盘回到5.3-5.4星上下。,pending_manual_or_image_review,Drive/2024/[2024-05-15-2150]5月15日指数估值数据超长期国债对我们投资有什么影响.md
2024-05-16,A股,1tjdCKFX01md6pGtjWfqc5HtYPC01_KQk,[2024-05-16-2141]5月16日指数估值数据月薪宝是如何做股债平衡的300500指数日报来了.md,https://drive.google.com/file/d/1tjdCKFX01md6pGtjWfqc5HtYPC01_KQk/view?usp=drivesdk,approximate_range,5.3,5.4,,今天大盘整体微涨，截止到收盘，还在5.3-5.4星上下。,pending_manual_or_image_review,Drive/2024/[2024-05-16-2141]5月16日指数估值数据月薪宝是如何做股债平衡的300500指数日报来了.md
2024-05-21,A股,1SgoW_dB6pGxBgtBeYCaQiDpQTBQavcmX,[2024-05-21-2136]5月21日指数估值数据螺丝钉定投实盘第317期投顾组合发车.md,https://drive.google.com/file/d/1SgoW_dB6pGxBgtBeYCaQiDpQTBQavcmX/view?usp=drivesdk,no_exact_text_evidence,,,,原创 银行螺丝钉 银行螺丝钉 银行螺丝钉 _2024年05月21日 21:36_ __ _ _ _ _ _ 北京 _ 在小说阅读器读本章 去阅读 **文 | 银行螺丝钉 （转载请注明出处）** ![](images/[2024-05-21-2136]5月21日指数估值数据螺丝钉定投实盘第317期投顾组合发车/img_72d7bc74a6de6d3df49efc0c.png) 今天大盘整体下跌，截止到收盘，还在5 .3星。 这几天还是风格轮动。 昨天比较低迷的银行等价值风格，今天整体上涨。 红利等相对比较稳定。 中小盘、成长风格下跌。 港股连续4周上涨后，今天也迎来回调。 前段时间上涨较多的港股科技股下跌。 港股红利指数下跌稍小一些。,pending_manual_or_image_review,Drive/2024/[2024-05-21-2136]5月21日指数估值数据螺丝钉定投实盘第317期投顾组合发车.md
2024-06-03,A股,10woxO_oRQC8q2I8cMn3uxnNjEumc09M2,[2024-06-03-2206]6月3日指数估值数据什么是固收类品种月薪宝发薪日黄金星级更新.md,https://drive.google.com/file/d/10woxO_oRQC8q2I8cMn3uxnNjEumc09M2/view?usp=drivesdk,approximate_range,5.4,5.5,,今天大盘整体微跌，截止到收盘，在5.4-5.5星边界上下。,pending_manual_or_image_review,Drive/2024/[2024-06-03-2206]6月3日指数估值数据什么是固收类品种月薪宝发薪日黄金星级更新.md
2024-06-05,A股,1UusTJRK6cEGvliWzhVQKptmRK9p0Eu9n,[2024-06-05-2157]6月5日指数估值数据小微盘股大跌的原因指数调仓会带来追涨杀跌吗.md,https://drive.google.com/file/d/1UusTJRK6cEGvliWzhVQKptmRK9p0Eu9n/view?usp=drivesdk,approximate_range,5.4,5.5,,截止到收盘，又回到5.4-5.5星边界上下。,pending_manual_or_image_review,Drive/2024/[2024-06-05-2157]6月5日指数估值数据小微盘股大跌的原因指数调仓会带来追涨杀跌吗.md
2024-06-27,A股,1YvEqq57PkgCaQzvOYEek0I-r7Ipsfqcz,[2024-06-27-2141]6月27日指数估值数据摸到57星3种方法降低投资难度300500指数日报来了.md,https://drive.google.com/file/d/1YvEqq57PkgCaQzvOYEek0I-r7Ipsfqcz/view?usp=drivesdk,integer_regime_only,,,3,达到3星级,coarse_integer_not_exact,Drive/2024/[2024-06-27-2141]6月27日指数估值数据摸到57星3种方法降低投资难度300500指数日报来了.md
2024-07-16,A股,18sZjimw7hcTwoAjvQqO-O52P_MLc1hBW,[2024-07-16-2137]7月16日指数估值数据螺丝钉定投实盘第325期投顾组合发车.md,https://drive.google.com/file/d/18sZjimw7hcTwoAjvQqO-O52P_MLc1hBW/view?usp=drivesdk,approximate_range,5.6,5.7,,今天大盘整体波动不大，截止到收盘，还在5.6-5.7星上下。,pending_manual_or_image_review,Drive/2024/[2024-07-16-2137]7月16日指数估值数据螺丝钉定投实盘第325期投顾组合发车.md
2024-07-18,A股,1x0kg2RPnGbkQpny5IXskicfw15vznTbl,[2024-07-18-2157]7月18日指数估值数据美股风格分化债券指数星级来了300500指数日报来了.md,https://drive.google.com/file/d/1x0kg2RPnGbkQpny5IXskicfw15vznTbl/view?usp=drivesdk,approximate_range,5.6,5.7,,又回到5.6-5.7星上下。,pending_manual_or_image_review,Drive/2024/[2024-07-18-2157]7月18日指数估值数据美股风格分化债券指数星级来了300500指数日报来了.md
2024-07-30,A股,1PYTJ7_r08H9UW41HPBGXp9HJpsk1rQeB,[2024-07-30-2153]7月30日指数估值数据螺丝钉定投实盘第327期投顾组合发车.md,https://drive.google.com/file/d/1PYTJ7_r08H9UW41HPBGXp9HJpsk1rQeB/view?usp=drivesdk,approximate_range,5.7,5.8,,今天大盘整体下跌，截止到收盘，又回到5.7-5.8星上下。,pending_manual_or_image_review,Drive/2024/[2024-07-30-2153]7月30日指数估值数据螺丝钉定投实盘第327期投顾组合发车.md
2024-08-06,A股,1GCb9p65bNoJTt_EFk4zVPTPVtJwFZBGO,[2024-08-06-2149]8月6日指数估值数据螺丝钉定投实盘第328期投顾组合发车.md,https://drive.google.com/file/d/1GCb9p65bNoJTt_EFk4zVPTPVtJwFZBGO/view?usp=drivesdk,no_exact_text_evidence,,,,原创 银行螺丝钉 银行螺丝钉 银行螺丝钉 _2024年08月06日 21:49_ __ _ _ _ _ _ 北京 _ 在小说阅读器读本章 去阅读 **文 | 银行螺丝钉 （转载请注明出处）** ![](images/[2024-08-06-2149]8月6日指数估值数据螺丝钉定投实盘第328期投顾组合发车/img_72d7bc74a6de6d3df49efc0c.png) 今天A股大盘整体上涨，截止到收盘，又回到5.7，距离5.8不远。 大盘股相对低迷，波动不大。 中小盘股上涨。中证500、中证1000上涨超1%。 前段时间比较坚挺的价值风格下跌。 银行指数下跌1%。 成长风格上涨。 ** 今天继续定投。 ** ** ** ** 1,pending_manual_or_image_review,Drive/2024/[2024-08-06-2149]8月6日指数估值数据螺丝钉定投实盘第328期投顾组合发车.md
2024-08-09,A股,1tnOfY76Y9fxf20ipM1AntitKG4C-jugB,[2024-08-09-2147]8月9日指数估值数据成长和价值组合会怎么配置抽奖福利.md,https://drive.google.com/file/d/1tnOfY76Y9fxf20ipM1AntitKG4C-jugB/view?usp=drivesdk,approximate_range,5.7,5.8,,今天大盘高开低走，到收盘大盘微跌，还在5.7-5.8星上下。,pending_manual_or_image_review,Drive/2024/[2024-08-09-2147]8月9日指数估值数据成长和价值组合会怎么配置抽奖福利.md
2024-09-17,A股,1TYxUkwv6RTrBnQ5zBT5PteKlpwU0bhOV,[2024-09-17-2157]9月17日指数估值数据假期里股市涨跌如何.md,https://drive.google.com/file/d/1TYxUkwv6RTrBnQ5zBT5PteKlpwU0bhOV/view?usp=drivesdk,market_closed_no_new_target,,,,A股没有交易，A股的估值也没有变化,pending_manual_or_image_review,Drive/2024/[2024-09-17-2157]9月17日指数估值数据假期里股市涨跌如何.md
2024-10-07,A股,1KRVhMPzX6m88EkhuK4O9S5zTZzXdijFC,[2024-10-07-2200]10月7日指数估值数据假期后A股能涨多少呢.md,https://drive.google.com/file/d/1KRVhMPzX6m88EkhuK4O9S5zTZzXdijFC/view?usp=drivesdk,market_closed_no_new_target,,,,A股没有交易，A股指数估值没有变化,pending_manual_or_image_review,Drive/2024/[2024-10-07-2200]10月7日指数估值数据假期后A股能涨多少呢.md
2024-10-25,A股,1_PStmSR8fMSHrcQpQkN-OwPbYmg0ELsD,[2024-10-25-2155]10月25日指数估值数据A500新基金值得买吗基本面低迷也会有牛市吗抽奖福利.md,https://drive.google.com/file/d/1_PStmSR8fMSHrcQpQkN-OwPbYmg0ELsD/view?usp=drivesdk,integer_regime_only,,,5,今天大盘整体上涨，回到5星,coarse_integer_not_exact,Drive/2024/[2024-10-25-2155]10月25日指数估值数据A500新基金值得买吗基本面低迷也会有牛市吗抽奖福利.md
2024-10-28,A股,1VGqFDz9v1onPPo0ac2RnmDe1pZyqB0SW,[2024-10-28-2202]10月28日指数估值数据新指数来了A100A500指数估值如何月薪宝发薪日.md,https://drive.google.com/file/d/1VGqFDz9v1onPPo0ac2RnmDe1pZyqB0SW/view?usp=drivesdk,integer_regime_only,,,5,今天大盘整体微涨，波动不大，还在5星,coarse_integer_not_exact,Drive/2024/[2024-10-28-2202]10月28日指数估值数据新指数来了A100A500指数估值如何月薪宝发薪日.md
2024-10-29,A股,1RMuDqCYcydjmnqKuLIKDSzlTs_QQz927,[2024-10-29-2153]10月29日指数估值数据螺丝钉定投实盘第338期投顾组合发车新书来啦.md,https://drive.google.com/file/d/1RMuDqCYcydjmnqKuLIKDSzlTs_QQz927/view?usp=drivesdk,approximate_range,5,5.1,,今天大盘整体下跌，截止到收盘，还在5-5.1星上下。,pending_manual_or_image_review,Drive/2024/[2024-10-29-2153]10月29日指数估值数据螺丝钉定投实盘第338期投顾组合发车新书来啦.md
2024-10-31,A股,1FVzcvRL8lhiHyFK3T9cueout5bgpyS5w,[2024-10-31-2154]10月31日指数估值数据三季报更新上市公司盈利出现好转.md,https://drive.google.com/file/d/1FVzcvRL8lhiHyFK3T9cueout5bgpyS5w/view?usp=drivesdk,integer_regime_only,,,5,截止到收盘，还在5星,coarse_integer_not_exact,Drive/2024/[2024-10-31-2154]10月31日指数估值数据三季报更新上市公司盈利出现好转.md
2024-11-04,A股,1fOOfwb2e5pmUb8PrIuNqKQFiiVPRvqCf,[2024-11-04-2207]11月4日指数估值数据超级周来袭ESG是什么新书股市长线法宝连载中.md,https://drive.google.com/file/d/1fOOfwb2e5pmUb8PrIuNqKQFiiVPRvqCf/view?usp=drivesdk,integer_regime_only,,,5,截止到收盘，还在5星,coarse_integer_not_exact,Drive/2024/[2024-11-04-2207]11月4日指数估值数据超级周来袭ESG是什么新书股市长线法宝连载中.md
2024-11-05,A股,1zMsXVRhiLBRgCOyxicfCtXeWeQidIq3w,[2024-11-05-2153]11月5日指数估值数据螺丝钉定投实盘第339期投顾组合发车新书股市长线法宝连载中.md,https://drive.google.com/file/d/1zMsXVRhiLBRgCOyxicfCtXeWeQidIq3w/view?usp=drivesdk,approximate_range,4.9,5,,今天大盘整体上涨，又回到4.9-5星上下。,pending_manual_or_image_review,Drive/2024/[2024-11-05-2153]11月5日指数估值数据螺丝钉定投实盘第339期投顾组合发车新书股市长线法宝连载中.md
2024-11-06,A股,1JsFD63MtoK5u6nCaoSoOG4_oXyGgkNEz,[2024-11-06-2157]11月6日指数估值数据大选落地对A股港股有什么影响呢.md,https://drive.google.com/file/d/1JsFD63MtoK5u6nCaoSoOG4_oXyGgkNEz/view?usp=drivesdk,approximate_range,4.9,5,,今天市场整体波动比较大，截止到收盘，还在4.9-5星上下。,pending_manual_or_image_review,Drive/2024/[2024-11-06-2157]11月6日指数估值数据大选落地对A股港股有什么影响呢.md
2024-11-07,A股,1IQTaoyh4fcRq1Q0asa-MAIj21dfV_FG7,[2024-11-07-2207]11月7日指数估值数据A股港股大幅反弹还有哪些利好新书股市长线法宝连载中.md,https://drive.google.com/file/d/1IQTaoyh4fcRq1Q0asa-MAIj21dfV_FG7/view?usp=drivesdk,approximate_range,4.8,4.9,,今天大盘低开高走，整体上涨，截止到收盘，回到4.8-4.9星。,pending_manual_or_image_review,Drive/2024/[2024-11-07-2207]11月7日指数估值数据A股港股大幅反弹还有哪些利好新书股市长线法宝连载中.md
2024-11-08,A股,1OUBbVOOVMJfOfmAncciVAl2uexPHGwiZ,[2024-11-08-2206]11月8日指数估值数据10万亿利好来了新书股市长线法宝连载中抽奖福利.md,https://drive.google.com/file/d/1OUBbVOOVMJfOfmAncciVAl2uexPHGwiZ/view?usp=drivesdk,approximate_range,4.8,4.9,,今天大盘整体下跌，截止到收盘，在4.8-4.9星上下。,pending_manual_or_image_review,Drive/2024/[2024-11-08-2206]11月8日指数估值数据10万亿利好来了新书股市长线法宝连载中抽奖福利.md
2024-11-15,A股,16g5pzDEb40-LcDRjnhG4IUyMjlATx7lX,[2024-11-15-2157]11月15日指数估值数据慢牛一个月能涨多少新书股市长线法宝连载中抽奖福利.md,https://drive.google.com/file/d/16g5pzDEb40-LcDRjnhG4IUyMjlATx7lX/view?usp=drivesdk,integer_regime_only,,,5,截止到收盘，摸到5星,coarse_integer_not_exact,Drive/2024/[2024-11-15-2157]11月15日指数估值数据慢牛一个月能涨多少新书股市长线法宝连载中抽奖福利.md
2024-11-18,A股,1gYHdM1scQ4Ncf0w_uh_036BEcDOAvewP,[2024-11-18-2203]11月18日指数估值数据新的利好来了对价值策略有帮助吗黄金星级更新新书股市长线法宝连载中.md,https://drive.google.com/file/d/1gYHdM1scQ4Ncf0w_uh_036BEcDOAvewP/view?usp=drivesdk,integer_regime_only,,,5,截止到收盘，大盘还在5.0星,coarse_integer_not_exact,Drive/2024/[2024-11-18-2203]11月18日指数估值数据新的利好来了对价值策略有帮助吗黄金星级更新新书股市长线法宝连载中.md
2024-11-19,A股,14QuQayVrZQWz-4lL7GnpywCRv82hpifY,[2024-11-19-2158]11月19日指数估值数据螺丝钉定投实盘第341期投顾组合发车新书股市长线法宝连载中.md,https://drive.google.com/file/d/14QuQayVrZQWz-4lL7GnpywCRv82hpifY/view?usp=drivesdk,no_exact_text_evidence,,,,原创 银行螺丝钉 银行螺丝钉 银行螺丝钉 _2024年11月19日 21:58_ __ _ _ _ _ _ 北京 _ 在小说阅读器读本章 去阅读 **文 | 银行螺丝钉 （转载请注明出处）** ![](images/[2024-11-19-2158]11月19日指数估值数据螺丝钉定投实盘第341期投顾组合发车新书股市长线法宝连载中/img_72d7bc74a6de6d3df49efc0c.png) 今天大盘到下午一度下跌，不过之后出现神奇两点半。 到收盘A股整体变成上涨。 前几天回调较多的中小盘股，今天上涨较多。 大盘股略微上涨。 昨天强势的价值风格，今天下跌。 创业板、科创板等成长风格上涨较多。 ** 1\. 前两周低迷的港股市场,pending_manual_or_image_review,Drive/2024/[2024-11-19-2158]11月19日指数估值数据螺丝钉定投实盘第341期投顾组合发车新书股市长线法宝连载中.md
2024-11-27,A股,1tl39uMSVN4n4vUOLD8tP_qepbjOOz5rb,[2024-11-27-2209]11月27日指数估值数据上涨了公募基金降费潮新书股市长线法宝连载中.md,https://drive.google.com/file/d/1tl39uMSVN4n4vUOLD8tP_qepbjOOz5rb/view?usp=drivesdk,integer_regime_only,,,5,到收盘，整体上涨，还在5星,coarse_integer_not_exact,Drive/2024/[2024-11-27-2209]11月27日指数估值数据上涨了公募基金降费潮新书股市长线法宝连载中.md
2024-11-28,A股,1xRokp-ikGaxgiTi2WzHpNxXH_PoaoX0Y,[2024-11-28-2149]11月28日指数估值数据投资指数基金走场外还是场内呢新书股市长线法宝连载中.md,https://drive.google.com/file/d/1xRokp-ikGaxgiTi2WzHpNxXH_PoaoX0Y/view?usp=drivesdk,integer_regime_only,,,5,今天大盘整体下跌，还在5星,coarse_integer_not_exact,Drive/2024/[2024-11-28-2149]11月28日指数估值数据投资指数基金走场外还是场内呢新书股市长线法宝连载中.md
2024-11-29,A股,13MldZ-Nx3DH93T_yAzqGczfM6zl9UrLH,[2024-11-29-2208]11月29日指数估值数据上涨了六大策略指数是什么它们涨跌有啥特点抽奖福利.md,https://drive.google.com/file/d/13MldZ-Nx3DH93T_yAzqGczfM6zl9UrLH/view?usp=drivesdk,integer_regime_only,,,5,截止到收盘，还在5星,coarse_integer_not_exact,Drive/2024/[2024-11-29-2208]11月29日指数估值数据上涨了六大策略指数是什么它们涨跌有啥特点抽奖福利.md
2024-12-03,A股,17qctoff2viAaA5ElIRKZamiqnt0RyuwE,[2024-12-03-2158]12月3日指数估值数据螺丝钉定投实盘第343期投顾组合发车.md,https://drive.google.com/file/d/17qctoff2viAaA5ElIRKZamiqnt0RyuwE/view?usp=drivesdk,approximate_range,4.9,5,,整体微涨微跌，波动不大，还在4.9-5星上下。,pending_manual_or_image_review,Drive/2024/[2024-12-03-2158]12月3日指数估值数据螺丝钉定投实盘第343期投顾组合发车.md
2024-12-04,A股,1lkTKpRWzMMSYr6EdmU6FLwtcUMMO0jsb,[2024-12-04-2159]12月4日指数估值数据基金分红有意义吗如何处理基金分红让收益更好.md,https://drive.google.com/file/d/1lkTKpRWzMMSYr6EdmU6FLwtcUMMO0jsb/view?usp=drivesdk,approximate_range,4.9,5,,今天大盘整体下跌，截止到收盘，在4.9-5星上下。,pending_manual_or_image_review,Drive/2024/[2024-12-04-2159]12月4日指数估值数据基金分红有意义吗如何处理基金分红让收益更好.md
2024-12-05,A股,1qeQWInWdNBxRbnjjWQfFo1GRE6sTStrf,[2024-12-05-2157]12月5日指数估值数据指数调仓马上来了会追涨杀跌么中证A500指数日报来了.md,https://drive.google.com/file/d/1qeQWInWdNBxRbnjjWQfFo1GRE6sTStrf/view?usp=drivesdk,approximate_range,4.9,5,,今天大盘整体波动不大，还在4.9-5星上下。,pending_manual_or_image_review,Drive/2024/[2024-12-05-2157]12月5日指数估值数据指数调仓马上来了会追涨杀跌么中证A500指数日报来了.md
2024-12-11,A股,1u7LX7iI5PfnkkI1HkfVU4i5JQLALLa34,[2024-12-11-2204]12月11日指数估值数据红利指数这么多如何区分.md,https://drive.google.com/file/d/1u7LX7iI5PfnkkI1HkfVU4i5JQLALLa34/view?usp=drivesdk,approximate_range,4.8,4.9,,截止到收盘，还在4.8-4.9星上下。,pending_manual_or_image_review,Drive/2024/[2024-12-11-2204]12月11日指数估值数据红利指数这么多如何区分.md
2024-12-17,A股,1xTN8uf4XoGbwMAjUg_liXU6qZjRRfs2p,[2024-12-17-2150]12月17日指数估值数据螺丝钉定投实盘第345期投顾组合发车.md,https://drive.google.com/file/d/1xTN8uf4XoGbwMAjUg_liXU6qZjRRfs2p/view?usp=drivesdk,integer_regime_only,,,5,收盘摸到5星,coarse_integer_not_exact,Drive/2024/[2024-12-17-2150]12月17日指数估值数据螺丝钉定投实盘第345期投顾组合发车.md
2024-12-18,A股,1uh0PVKkMDo2HXBKLZc6GOt2P3v0V5B2e,[2024-12-18-2204]12月18日指数估值数据个人养老金账户首次纳入85只指数基金该怎么选呢.md,https://drive.google.com/file/d/1uh0PVKkMDo2HXBKLZc6GOt2P3v0V5B2e/view?usp=drivesdk,approximate_range,4.9,5,,今天大盘整体上涨，截止到收盘，在4.9-5星上下。,pending_manual_or_image_review,Drive/2024/[2024-12-18-2204]12月18日指数估值数据个人养老金账户首次纳入85只指数基金该怎么选呢.md
2024-12-19,A股,1SxNwgx29_ohTrEmdcWn2bhUdHwXxMUaD,[2024-12-19-2156]12月19日指数估值数据红利指数如何分类在低估吗指数日报已更新.md,https://drive.google.com/file/d/1SxNwgx29_ohTrEmdcWn2bhUdHwXxMUaD/view?usp=drivesdk,approximate_range,4.9,5,,到收盘， A股中证全指整体上涨，又回到4.9-5星上下。,pending_manual_or_image_review,Drive/2024/[2024-12-19-2156]12月19日指数估值数据红利指数如何分类在低估吗指数日报已更新.md
